criteria_id,kind,state,county_fips,zip,label
1014966,county,FL,12009,,"Brevard County, FL"
1014969,county,FL,12011,,"Broward County, FL"
1014982,county,FL,12017,,"Citrus County, FL"
1015066,county,FL,12063,,"Jackson County, FL"
1015096,county,FL,12073,,"Leon County, FL"
1021025,county,NC,37021,,"Buncombe County, NC"
1021078,county,NC,37055,,"Dare County, NC"
1021112,county,NC,37067,,"Forsyth County, NC"
1021253,county,NC,37133,,"Onslow County, NC"
1021258,county,NC,37139,,"Pasquotank County, NC"
1026679,county,TX,48367,,"Parker County, TX"
1026709,county,TX,48375,,"Potter County, TX"
1026846,county,TX,48451,,"Tom Green County, TX"
21142,state,FL,,,Florida
21160,state,NC,,,North Carolina
21176,state,TX,,,Texas
9009530,zip,NC,,27006,ZIP 27006
9009531,zip,NC,,27007,ZIP 27007
9009532,zip,NC,,27009,ZIP 27009
9009533,zip,NC,,27011,ZIP 27011
9009534,zip,NC,,27012,ZIP 27012
9009535,zip,NC,,27013,ZIP 27013
9009537,zip,NC,,27016,ZIP 27016
9009538,zip,NC,,27017,ZIP 27017
9009539,zip,NC,,27018,ZIP 27018
9009540,zip,NC,,27019,ZIP 27019
9009541,zip,NC,,27020,ZIP 27020
9009542,zip,NC,,27021,ZIP 27021
9009543,zip,NC,,27022,ZIP 27022
9009544,zip,NC,,27023,ZIP 27023
9009545,zip,NC,,27024,ZIP 27024
9009546,zip,NC,,27025,ZIP 27025
9009547,zip,NC,,27027,ZIP 27027
9009548,zip,NC,,27028,ZIP 27028
9009549,zip,NC,,27030,ZIP 27030
9009550,zip,NC,,27040,ZIP 27040
9009551,zip,NC,,27041,ZIP 27041
9009552,zip,NC,,27042,ZIP 27042
9009553,zip,NC,,27043,ZIP 27043
9009554,zip,NC,,27045,ZIP 27045
9009555,zip,NC,,27046,ZIP 27046
9009556,zip,NC,,27047,ZIP 27047
9009557,zip,NC,,27048,ZIP 27048
9009558,zip,NC,,27050,ZIP 27050
9009559,zip,NC,,27051,ZIP 27051
9009560,zip,NC,,27052,ZIP 27052
9009561,zip,NC,,27053,ZIP 27053
9009562,zip,NC,,27054,ZIP 27054
9009563,zip,NC,,27055,ZIP 27055
9009564,zip,NC,,27101,ZIP 27101
9009565,zip,NC,,27103,ZIP 27103
9009566,zip,NC,,27104,ZIP 27104
9009567,zip,NC,,27105,ZIP 27105
9009568,zip,NC,,27106,ZIP 27106
9009569,zip,NC,,27107,ZIP 27107
9009570,zip,NC,,27109,ZIP 27109
9009571,zip,NC,,27110,ZIP 27110
9009572,zip,NC,,27127,ZIP 27127
9009574,zip,NC,,27203,ZIP 27203
9009575,zip,NC,,27205,ZIP 27205
9009576,zip,NC,,27207,ZIP 27207
9009577,zip,NC,,27208,ZIP 27208
9009578,zip,NC,,27209,ZIP 27209
9009579,zip,NC,,27212,ZIP 27212
9009581,zip,NC,,27214,ZIP 27214
9009582,zip,NC,,27215,ZIP 27215
9009583,zip,NC,,27217,ZIP 27217
9009584,zip,NC,,27229,ZIP 27229
9009585,zip,NC,,27231,ZIP 27231
9009586,zip,NC,,27233,ZIP 27233
9009587,zip,NC,,27235,ZIP 27235
9009588,zip,NC,,27239,ZIP 27239
9009589,zip,NC,,27242,ZIP 27242
9009590,zip,NC,,27243,ZIP 27243
9009591,zip,NC,,27244,ZIP 27244
9009592,zip,NC,,27248,ZIP 27248
9009593,zip,NC,,27249,ZIP 27249
9009594,zip,NC,,27252,ZIP 27252
9009595,zip,NC,,27253,ZIP 27253
9009596,zip,NC,,27256,ZIP 27256
9009597,zip,NC,,27258,ZIP 27258
9009598,zip,NC,,27260,ZIP 27260
9009599,zip,NC,,27262,ZIP 27262
9009600,zip,NC,,27263,ZIP 27263
9009601,zip,NC,,27265,ZIP 27265
9009602,zip,NC,,27278,ZIP 27278
9009603,zip,NC,,27281,ZIP 27281
9009604,zip,NC,,27282,ZIP 27282
9009605,zip,NC,,27283,ZIP 27283
9009606,zip,NC,,27284,ZIP 27284
9009607,zip,NC,,27288,ZIP 27288
9009608,zip,NC,,27291,ZIP 27291
9009609,zip,NC,,27292,ZIP 27292
9009610,zip,NC,,27295,ZIP 27295
9009611,zip,NC,,27298,ZIP 27298
9009612,zip,NC,,27299,ZIP 27299
9009613,zip,NC,,27301,ZIP 27301
9009614,zip,NC,,27302,ZIP 27302
9009615,zip,NC,,27305,ZIP 27305
9009616,zip,NC,,27306,ZIP 27306
9009617,zip,NC,,27310,ZIP 27310
9009618,zip,NC,,27311,ZIP 27311
9009619,zip,NC,,27312,ZIP 27312
9009620,zip,NC,,27313,ZIP 27313
9009621,zip,NC,,27314,ZIP 27314
9009622,zip,NC,,27315,ZIP 27315
9009623,zip,NC,,27316,ZIP 27316
9009624,zip,NC,,27317,ZIP 27317
9009625,zip,NC,,27320,ZIP 27320
9009626,zip,NC,,27325,ZIP 27325
9009627,zip,NC,,27326,ZIP 27326
9009628,zip,NC,,27330,ZIP 27330
9009630,zip,NC,,27332,ZIP 27332
9009632,zip,NC,,27341,ZIP 27341
9009633,zip,NC,,27343,ZIP 27343
9009634,zip,NC,,27344,ZIP 27344
9009635,zip,NC,,27349,ZIP 27349
9009636,zip,NC,,27350,ZIP 27350
9009637,zip,NC,,27355,ZIP 27355
9009638,zip,NC,,27356,ZIP 27356
9009639,zip,NC,,27357,ZIP 27357
9009640,zip,NC,,27358,ZIP 27358
9009641,zip,NC,,27360,ZIP 27360
9009642,zip,NC,,27370,ZIP 27370
9009643,zip,NC,,27371,ZIP 27371
9009644,zip,NC,,27376,ZIP 27376
9009645,zip,NC,,27377,ZIP 27377
9009646,zip,NC,,27379,ZIP 27379
9009647,zip,NC,,27401,ZIP 27401
9009648,zip,NC,,27403,ZIP 27403
9009649,zip,NC,,27405,ZIP 27405
9009650,zip,NC,,27406,ZIP 27406
9009651,zip,NC,,27407,ZIP 27407
9009652,zip,NC,,27408,ZIP 27408
9009653,zip,NC,,27409,ZIP 27409
9009654,zip,NC,,27410,ZIP 27410
9009655,zip,NC,,27412,ZIP 27412
9009656,zip,NC,,27455,ZIP 27455
9009657,zip,NC,,27501,ZIP 27501
9009658,zip,NC,,27502,ZIP 27502
9009659,zip,NC,,27503,ZIP 27503
9009660,zip,NC,,27504,ZIP 27504
9009661,zip,NC,,27505,ZIP 27505
9009663,zip,NC,,27507,ZIP 27507
9009664,zip,NC,,27508,ZIP 27508
9009665,zip,NC,,27509,ZIP 27509
9009666,zip,NC,,27510,ZIP 27510
9009667,zip,NC,,27511,ZIP 27511
9009669,zip,NC,,27513,ZIP 27513
9009670,zip,NC,,27514,ZIP 27514
9009671,zip,NC,,27516,ZIP 27516
9009672,zip,NC,,27517,ZIP 27517
9009673,zip,NC,,27518,ZIP 27518
9009674,zip,NC,,27519,ZIP 27519
9009675,zip,NC,,27520,ZIP 27520
9009676,zip,NC,,27521,ZIP 27521
9009677,zip,NC,,27522,ZIP 27522
9009678,zip,NC,,27523,ZIP 27523
9009679,zip,NC,,27524,ZIP 27524
9009680,zip,NC,,27525,ZIP 27525
9009681,zip,NC,,27526,ZIP 27526
9009682,zip,NC,,27527,ZIP 27527
9009683,zip,NC,,27529,ZIP 27529
9009684,zip,NC,,27530,ZIP 27530
9009685,zip,NC,,27531,ZIP 27531
9009686,zip,NC,,27534,ZIP 27534
9009687,zip,NC,,27536,ZIP 27536
9009688,zip,NC,,27537,ZIP 27537
9009689,zip,NC,,27539,ZIP 27539
9009690,zip,NC,,27540,ZIP 27540
9009691,zip,NC,,27541,ZIP 27541
9009692,zip,NC,,27542,ZIP 27542
9009693,zip,NC,,27544,ZIP 27544
9009694,zip,NC,,27545,ZIP 27545
9009695,zip,NC,,27546,ZIP 27546
9009696,zip,NC,,27549,ZIP 27549
9009697,zip,NC,,27551,ZIP 27551
9009698,zip,NC,,27553,ZIP 27553
9009701,zip,NC,,27557,ZIP 27557
9009702,zip,NC,,27559,ZIP 27559
9009703,zip,NC,,27560,ZIP 27560
9009704,zip,NC,,27562,ZIP 27562
9009705,zip,NC,,27563,ZIP 27563
9009706,zip,NC,,27565,ZIP 27565
9009708,zip,NC,,27569,ZIP 27569
9009710,zip,NC,,27571,ZIP 27571
9009711,zip,NC,,27572,ZIP 27572
9009712,zip,NC,,27573,ZIP 27573
9009713,zip,NC,,27574,ZIP 27574
9009714,zip,NC,,27576,ZIP 27576
9009715,zip,NC,,27577,ZIP 27577
9009716,zip,NC,,27581,ZIP 27581
9009717,zip,NC,,27583,ZIP 27583
9009718,zip,NC,,27587,ZIP 27587
9009720,zip,NC,,27589,ZIP 27589
9009721,zip,NC,,27591,ZIP 27591
9009722,zip,NC,,27592,ZIP 27592
9009723,zip,NC,,27596,ZIP 27596
9009724,zip,NC,,27597,ZIP 27597
9009725,zip,NC,,27599,ZIP 27599
9009726,zip,NC,,27601,ZIP 27601
9009728,zip,NC,,27603,ZIP 27603
9009729,zip,NC,,27604,ZIP 27604
9009730,zip,NC,,27605,ZIP 27605
9009731,zip,NC,,27606,ZIP 27606
9009732,zip,NC,,27607,ZIP 27607
9009733,zip,NC,,27608,ZIP 27608
9009734,zip,NC,,27609,ZIP 27609
9009735,zip,NC,,27610,ZIP 27610
9009736,zip,NC,,27612,ZIP 27612
9009737,zip,NC,,27613,ZIP 27613
9009738,zip,NC,,27614,ZIP 27614
9009739,zip,NC,,27615,ZIP 27615
9009740,zip,NC,,27616,ZIP 27616
9009741,zip,NC,,27617,ZIP 27617
9009743,zip,NC,,27656,ZIP 27656
9009744,zip,NC,,27690,ZIP 27690
9009745,zip,NC,,27701,ZIP 27701
9009746,zip,NC,,27703,ZIP 27703
9009747,zip,NC,,27704,ZIP 27704
9009748,zip,NC,,27705,ZIP 27705
9009749,zip,NC,,27707,ZIP 27707
9009750,zip,NC,,27709,ZIP 27709
9009751,zip,NC,,27712,ZIP 27712
9009752,zip,NC,,27713,ZIP 27713
9009753,zip,NC,,27801,ZIP 27801
9009754,zip,NC,,27803,ZIP 27803
9009755,zip,NC,,27804,ZIP 27804
9009756,zip,NC,,27805,ZIP 27805
9009757,zip,NC,,27806,ZIP 27806
9009758,zip,NC,,27807,ZIP 27807
9009759,zip,NC,,27808,ZIP 27808
9009760,zip,NC,,27809,ZIP 27809
9009761,zip,NC,,27810,ZIP 27810
9009762,zip,NC,,27812,ZIP 27812
9009764,zip,NC,,27814,ZIP 27814
9009765,zip,NC,,27816,ZIP 27816
9009766,zip,NC,,27817,ZIP 27817
9009767,zip,NC,,27818,ZIP 27818
9009768,zip,NC,,27819,ZIP 27819
9009769,zip,NC,,27820,ZIP 27820
9009770,zip,NC,,27821,ZIP 27821
9009771,zip,NC,,27822,ZIP 27822
9009772,zip,NC,,27823,ZIP 27823
9009773,zip,NC,,27824,ZIP 27824
9009774,zip,NC,,27825,ZIP 27825
9009775,zip,NC,,27826,ZIP 27826
9009776,zip,NC,,27828,ZIP 27828
9009777,zip,NC,,27829,ZIP 27829
9009778,zip,NC,,27830,ZIP 27830
9009779,zip,NC,,27831,ZIP 27831
9009780,zip,NC,,27832,ZIP 27832
9009782,zip,NC,,27834,ZIP 27834
9009783,zip,NC,,27837,ZIP 27837
9009784,zip,NC,,27839,ZIP 27839
9009785,zip,NC,,27840,ZIP 27840
9009786,zip,NC,,27842,ZIP 27842
9009787,zip,NC,,27843,ZIP 27843
9009788,zip,NC,,27844,ZIP 27844
9009789,zip,NC,,27845,ZIP 27845
9009790,zip,NC,,27846,ZIP 27846
9009791,zip,NC,,27847,ZIP 27847
9009792,zip,NC,,27849,ZIP 27849
9009793,zip,NC,,27850,ZIP 27850
9009794,zip,NC,,27851,ZIP 27851
9009795,zip,NC,,27852,ZIP 27852
9009796,zip,NC,,27853,ZIP 27853
9009797,zip,NC,,27855,ZIP 27855
9009798,zip,NC,,27856,ZIP 27856
9009799,zip,NC,,27857,ZIP 27857
9009800,zip,NC,,27858,ZIP 27858
9009801,zip,NC,,27860,ZIP 27860
9009802,zip,NC,,27862,ZIP 27862
9009803,zip,NC,,27863,ZIP 27863
9009804,zip,NC,,27864,ZIP 27864
9009805,zip,NC,,27865,ZIP 27865
9009806,zip,NC,,27866,ZIP 27866
9009807,zip,NC,,27869,ZIP 27869
9009808,zip,NC,,27870,ZIP 27870
9009809,zip,NC,,27871,ZIP 27871
9009810,zip,NC,,27872,ZIP 27872
9009811,zip,NC,,27874,ZIP 27874
9009812,zip,NC,,27875,ZIP 27875
9009813,zip,NC,,27876,ZIP 27876
9009814,zip,NC,,27877,ZIP 27877
9009816,zip,NC,,27880,ZIP 27880
9009817,zip,NC,,27881,ZIP 27881
9009818,zip,NC,,27882,ZIP 27882
9009819,zip,NC,,27883,ZIP 27883
9009820,zip,NC,,27884,ZIP 27884
9009821,zip,NC,,27885,ZIP 27885
9009822,zip,NC,,27886,ZIP 27886
9009823,zip,NC,,27888,ZIP 27888
9009824,zip,NC,,27889,ZIP 27889
9009825,zip,NC,,27890,ZIP 27890
9009826,zip,NC,,27891,ZIP 27891
9009827,zip,NC,,27892,ZIP 27892
9009828,zip,NC,,27893,ZIP 27893
9009829,zip,NC,,27896,ZIP 27896
9009830,zip,NC,,27897,ZIP 27897
9009831,zip,NC,,27909,ZIP 27909
9009832,zip,NC,,27910,ZIP 27910
9009833,zip,NC,,27915,ZIP 27915
9009834,zip,NC,,27916,ZIP 27916
9009835,zip,NC,,27917,ZIP 27917
9009836,zip,NC,,27919,ZIP 27919
9009837,zip,NC,,27920,ZIP 27920
9009838,zip,NC,,27921,ZIP 27921
9009839,zip,NC,,27922,ZIP 27922
9009840,zip,NC,,27923,ZIP 27923
9009841,zip,NC,,27924,ZIP 27924
9009842,zip,NC,,27925,ZIP 27925
9009843,zip,NC,,27926,ZIP 27926
9009844,zip,NC,,27927,ZIP 27927
9009845,zip,NC,,27928,ZIP 27928
9009846,zip,NC,,27929,ZIP 27929
9009847,zip,NC,,27932,ZIP 27932
9009848,zip,NC,,27935,ZIP 27935
9009849,zip,NC,,27936,ZIP 27936
9009850,zip,NC,,27937,ZIP 27937
9009851,zip,NC,,27938,ZIP 27938
9009852,zip,NC,,27939,ZIP 27939
9009853,zip,NC,,27941,ZIP 27941
9009854,zip,NC,,27942,ZIP 27942
9009855,zip,NC,,27943,ZIP 27943
9009856,zip,NC,,27944,ZIP 27944
9009857,zip,NC,,27946,ZIP 27946
9009858,zip,NC,,27947,ZIP 27947
9009859,zip,NC,,27948,ZIP 27948
9009860,zip,NC,,27949,ZIP 27949
9009861,zip,NC,,27950,ZIP 27950
9009862,zip,NC,,27953,ZIP 27953
9009863,zip,NC,,27954,ZIP 27954
9009864,zip,NC,,27956,ZIP 27956
9009865,zip,NC,,27957,ZIP 27957
9009866,zip,NC,,27958,ZIP 27958
9009867,zip,NC,,27959,ZIP 27959
9009868,zip,NC,,27960,ZIP 27960
9009869,zip,NC,,27962,ZIP 27962
9009870,zip,NC,,27964,ZIP 27964
9009871,zip,NC,,27965,ZIP 27965
9009872,zip,NC,,27966,ZIP 27966
9009873,zip,NC,,27967,ZIP 27967
9009874,zip,NC,,27968,ZIP 27968
9009875,zip,NC,,27970,ZIP 27970
9009877,zip,NC,,27973,ZIP 27973
9009878,zip,NC,,27974,ZIP 27974
9009879,zip,NC,,27976,ZIP 27976
9009880,zip,NC,,27978,ZIP 27978
9009881,zip,NC,,27979,ZIP 27979
9009882,zip,NC,,27980,ZIP 27980
9009883,zip,NC,,27981,ZIP 27981
9009885,zip,NC,,27983,ZIP 27983
9009887,zip,NC,,27986,ZIP 27986
9009888,zip,NC,,28001,ZIP 28001
9009890,zip,NC,,28006,ZIP 28006
9009891,zip,NC,,28009,ZIP 28009
9009892,zip,NC,,28012,ZIP 28012
9009893,zip,NC,,28016,ZIP 28016
9009895,zip,NC,,28018,ZIP 28018
9009896,zip,NC,,28020,ZIP 28020
9009897,zip,NC,,28021,ZIP 28021
9009898,zip,NC,,28023,ZIP 28023
9009899,zip,NC,,28025,ZIP 28025
9009900,zip,NC,,28027,ZIP 28027
9009901,zip,NC,,28031,ZIP 28031
9009902,zip,NC,,28032,ZIP 28032
9009903,zip,NC,,28033,ZIP 28033
9009904,zip,NC,,28034,ZIP 28034
9009905,zip,NC,,28036,ZIP 28036
9009906,zip,NC,,28037,ZIP 28037
9009907,zip,NC,,28040,ZIP 28040
9009908,zip,NC,,28043,ZIP 28043
9009909,zip,NC,,28052,ZIP 28052
9009910,zip,NC,,28054,ZIP 28054
9009911,zip,NC,,28056,ZIP 28056
9009913,zip,NC,,28071,ZIP 28071
9009915,zip,NC,,28073,ZIP 28073
9009916,zip,NC,,28075,ZIP 28075
9009918,zip,NC,,28077,ZIP 28077
9009919,zip,NC,,28078,ZIP 28078
9009920,zip,NC,,28079,ZIP 28079
9009921,zip,NC,,28080,ZIP 28080
9009922,zip,NC,,28081,ZIP 28081
9009923,zip,NC,,28083,ZIP 28083
9009924,zip,NC,,28086,ZIP 28086
9009925,zip,NC,,28088,ZIP 28088
9009926,zip,NC,,28090,ZIP 28090
9009927,zip,NC,,28091,ZIP 28091
9009928,zip,NC,,28092,ZIP 28092
9009929,zip,NC,,28097,ZIP 28097
9009930,zip,NC,,28098,ZIP 28098
9009931,zip,NC,,28101,ZIP 28101
9009932,zip,NC,,28103,ZIP 28103
9009933,zip,NC,,28104,ZIP 28104
9009934,zip,NC,,28105,ZIP 28105
9009935,zip,NC,,28107,ZIP 28107
9009936,zip,NC,,28110,ZIP 28110
9009937,zip,NC,,28112,ZIP 28112
9009938,zip,NC,,28114,ZIP 28114
9009939,zip,NC,,28115,ZIP 28115
9009940,zip,NC,,28117,ZIP 28117
9009941,zip,NC,,28119,ZIP 28119
9009942,zip,NC,,28120,ZIP 28120
9009943,zip,NC,,28124,ZIP 28124
9009944,zip,NC,,28125,ZIP 28125
9009945,zip,NC,,28127,ZIP 28127
9009946,zip,NC,,28128,ZIP 28128
9009947,zip,NC,,28129,ZIP 28129
9009948,zip,NC,,28133,ZIP 28133
9009949,zip,NC,,28134,ZIP 28134
9009950,zip,NC,,28135,ZIP 28135
9009951,zip,NC,,28137,ZIP 28137
9009952,zip,NC,,28138,ZIP 28138
9009953,zip,NC,,28139,ZIP 28139
9009954,zip,NC,,28144,ZIP 28144
9009955,zip,NC,,28146,ZIP 28146
9009956,zip,NC,,28147,ZIP 28147
9009957,zip,NC,,28150,ZIP 28150
9009958,zip,NC,,28152,ZIP 28152
9009959,zip,NC,,28159,ZIP 28159
9009960,zip,NC,,28160,ZIP 28160
9009961,zip,NC,,28163,ZIP 28163
9009962,zip,NC,,28164,ZIP 28164
9009963,zip,NC,,28166,ZIP 28166
9009964,zip,NC,,28167,ZIP 28167
9009965,zip,NC,,28168,ZIP 28168
9009967,zip,NC,,28170,ZIP 28170
9009968,zip,NC,,28173,ZIP 28173
9009969,zip,NC,,28174,ZIP 28174
9009970,zip,NC,,28202,ZIP 28202
9009971,zip,NC,,28203,ZIP 28203
9009972,zip,NC,,28204,ZIP 28204
9009973,zip,NC,,28205,ZIP 28205
9009974,zip,NC,,28206,ZIP 28206
9009975,zip,NC,,28207,ZIP 28207
9009976,zip,NC,,28208,ZIP 28208
9009977,zip,NC,,28209,ZIP 28209
9009978,zip,NC,,28210,ZIP 28210
9009979,zip,NC,,28211,ZIP 28211
9009980,zip,NC,,28212,ZIP 28212
9009981,zip,NC,,28213,ZIP 28213
9009982,zip,NC,,28214,ZIP 28214
9009983,zip,NC,,28215,ZIP 28215
9009984,zip,NC,,28216,ZIP 28216
9009985,zip,NC,,28217,ZIP 28217
9009987,zip,NC,,28226,ZIP 28226
9009988,zip,NC,,28227,ZIP 28227
9009989,zip,NC,,28228,ZIP 28228
9009990,zip,NC,,28244,ZIP 28244
9009991,zip,NC,,28262,ZIP 28262
9009992,zip,NC,,28269,ZIP 28269
9009993,zip,NC,,28270,ZIP 28270
9009994,zip,NC,,28273,ZIP 28273
9009995,zip,NC,,28274,ZIP 28274
9009996,zip,NC,,28277,ZIP 28277
9009997,zip,NC,,28278,ZIP 28278
9009998,zip,NC,,28280,ZIP 28280
9009999,zip,NC,,28282,ZIP 28282
9010000,zip,NC,,28284,ZIP 28284
9010001,zip,NC,,28285,ZIP 28285
9010002,zip,NC,,28301,ZIP 28301
9010003,zip,NC,,28303,ZIP 28303
9010004,zip,NC,,28304,ZIP 28304
9010005,zip,NC,,28305,ZIP 28305
9010006,zip,NC,,28306,ZIP 28306
9010007,zip,NC,,28307,ZIP 28307
9010008,zip,NC,,28308,ZIP 28308
9010009,zip,NC,,28310,ZIP 28310
9010010,zip,NC,,28311,ZIP 28311
9010011,zip,NC,,28312,ZIP 28312
9010012,zip,NC,,28314,ZIP 28314
9010013,zip,NC,,28315,ZIP 28315
9010014,zip,NC,,28318,ZIP 28318
9010015,zip,NC,,28320,ZIP 28320
9010016,zip,NC,,28323,ZIP 28323
9010018,zip,NC,,28326,ZIP 28326
9010019,zip,NC,,28327,ZIP 28327
9010020,zip,NC,,28328,ZIP 28328
9010023,zip,NC,,28333,ZIP 28333
9010024,zip,NC,,28334,ZIP 28334
9010025,zip,NC,,28337,ZIP 28337
9010026,zip,NC,,28338,ZIP 28338
9010027,zip,NC,,28339,ZIP 28339
9010028,zip,NC,,28340,ZIP 28340
9010029,zip,NC,,28341,ZIP 28341
9010030,zip,NC,,28342,ZIP 28342
9010031,zip,NC,,28343,ZIP 28343
9010032,zip,NC,,28344,ZIP 28344
9010033,zip,NC,,28345,ZIP 28345
9010034,zip,NC,,28347,ZIP 28347
9010035,zip,NC,,28348,ZIP 28348
9010036,zip,NC,,28349,ZIP 28349
9010037,zip,NC,,28350,ZIP 28350
9010038,zip,NC,,28351,ZIP 28351
9010039,zip,NC,,28352,ZIP 28352
9010040,zip,NC,,28356,ZIP 28356
9010041,zip,NC,,28357,ZIP 28357
9010042,zip,NC,,28358,ZIP 28358
9010044,zip,NC,,28360,ZIP 28360
9010045,zip,NC,,28363,ZIP 28363
9010046,zip,NC,,28364,ZIP 28364
9010047,zip,NC,,28365,ZIP 28365
9010048,zip,NC,,28366,ZIP 28366
9010049,zip,NC,,28369,ZIP 28369
9010051,zip,NC,,28371,ZIP 28371
9010052,zip,NC,,28372,ZIP 28372
9010053,zip,NC,,28373,ZIP 28373
9010054,zip,NC,,28374,ZIP 28374
9010055,zip,NC,,28376,ZIP 28376
9010056,zip,NC,,28377,ZIP 28377
9010057,zip,NC,,28378,ZIP 28378
9010058,zip,NC,,28379,ZIP 28379
9010059,zip,NC,,28382,ZIP 28382
9010060,zip,NC,,28383,ZIP 28383
9010061,zip,NC,,28384,ZIP 28384
9010062,zip,NC,,28385,ZIP 28385
9010063,zip,NC,,28386,ZIP 28386
9010064,zip,NC,,28387,ZIP 28387
9010065,zip,NC,,28390,ZIP 28390
9010066,zip,NC,,28391,ZIP 28391
9010067,zip,NC,,28392,ZIP 28392
9010068,zip,NC,,28393,ZIP 28393
9010069,zip,NC,,28394,ZIP 28394
9010070,zip,NC,,28395,ZIP 28395
9010071,zip,NC,,28396,ZIP 28396
9010072,zip,NC,,28398,ZIP 28398
9010073,zip,NC,,28399,ZIP 28399
9010074,zip,NC,,28401,ZIP 28401
9010076,zip,NC,,28403,ZIP 28403
9010077,zip,NC,,28405,ZIP 28405
9010078,zip,NC,,28409,ZIP 28409
9010079,zip,NC,,28411,ZIP 28411
9010080,zip,NC,,28412,ZIP 28412
9010081,zip,NC,,28420,ZIP 28420
9010082,zip,NC,,28421,ZIP 28421
9010083,zip,NC,,28422,ZIP 28422
9010084,zip,NC,,28423,ZIP 28423
9010086,zip,NC,,28425,ZIP 28425
9010087,zip,NC,,28428,ZIP 28428
9010088,zip,NC,,28429,ZIP 28429
9010089,zip,NC,,28430,ZIP 28430
9010090,zip,NC,,28431,ZIP 28431
9010091,zip,NC,,28432,ZIP 28432
9010092,zip,NC,,28433,ZIP 28433
9010093,zip,NC,,28434,ZIP 28434
9010094,zip,NC,,28435,ZIP 28435
9010095,zip,NC,,28436,ZIP 28436
9010096,zip,NC,,28438,ZIP 28438
9010097,zip,NC,,28439,ZIP 28439
9010098,zip,NC,,28441,ZIP 28441
9010099,zip,NC,,28442,ZIP 28442
9010100,zip,NC,,28443,ZIP 28443
9010101,zip,NC,,28444,ZIP 28444
9010102,zip,NC,,28445,ZIP 28445
9010103,zip,NC,,28447,ZIP 28447
9010104,zip,NC,,28448,ZIP 28448
9010105,zip,NC,,28449,ZIP 28449
9010106,zip,NC,,28450,ZIP 28450
9010107,zip,NC,,28451,ZIP 28451
9010108,zip,NC,,28452,ZIP 28452
9010109,zip,NC,,28453,ZIP 28453
9010110,zip,NC,,28454,ZIP 28454
9010111,zip,NC,,28455,ZIP 28455
9010112,zip,NC,,28456,ZIP 28456
9010113,zip,NC,,28457,ZIP 28457
9010114,zip,NC,,28458,ZIP 28458
9010115,zip,NC,,28460,ZIP 28460
9010116,zip,NC,,28461,ZIP 28461
9010117,zip,NC,,28462,ZIP 28462
9010118,zip,NC,,28463,ZIP 28463
9010119,zip,NC,,28464,ZIP 28464
9010120,zip,NC,,28465,ZIP 28465
9010121,zip,NC,,28466,ZIP 28466
9010122,zip,NC,,28467,ZIP 28467
9010123,zip,NC,,28468,ZIP 28468
9010124,zip,NC,,28469,ZIP 28469
9010125,zip,NC,,28470,ZIP 28470
9010126,zip,NC,,28472,ZIP 28472
9010127,zip,NC,,28478,ZIP 28478
9010128,zip,NC,,28479,ZIP 28479
9010129,zip,NC,,28480,ZIP 28480
9010130,zip,NC,,28501,ZIP 28501
9010131,zip,NC,,28504,ZIP 28504
9010132,zip,NC,,28508,ZIP 28508
9010133,zip,NC,,28510,ZIP 28510
9010134,zip,NC,,28511,ZIP 28511
9010135,zip,NC,,28512,ZIP 28512
9010136,zip,NC,,28513,ZIP 28513
9010137,zip,NC,,28515,ZIP 28515
9010138,zip,NC,,28516,ZIP 28516
9010139,zip,NC,,28518,ZIP 28518
9010141,zip,NC,,28520,ZIP 28520
9010142,zip,NC,,28521,ZIP 28521
9010143,zip,NC,,28523,ZIP 28523
9010144,zip,NC,,28524,ZIP 28524
9010145,zip,NC,,28525,ZIP 28525
9010146,zip,NC,,28526,ZIP 28526
9010147,zip,NC,,28527,ZIP 28527
9010148,zip,NC,,28528,ZIP 28528
9010149,zip,NC,,28529,ZIP 28529
9010150,zip,NC,,28530,ZIP 28530
9010151,zip,NC,,28531,ZIP 28531
9010152,zip,NC,,28532,ZIP 28532
9010153,zip,NC,,28537,ZIP 28537
9010154,zip,NC,,28538,ZIP 28538
9010155,zip,NC,,28539,ZIP 28539
9010156,zip,NC,,28540,ZIP 28540
9010157,zip,NC,,28543,ZIP 28543
9010158,zip,NC,,28544,ZIP 28544
9010159,zip,NC,,28546,ZIP 28546
9010160,zip,NC,,28547,ZIP 28547
9010161,zip,NC,,28551,ZIP 28551
9010162,zip,NC,,28552,ZIP 28552
9010163,zip,NC,,28553,ZIP 28553
9010165,zip,NC,,28555,ZIP 28555
9010166,zip,NC,,28556,ZIP 28556
9010167,zip,NC,,28557,ZIP 28557
9010168,zip,NC,,28560,ZIP 28560
9010169,zip,NC,,28562,ZIP 28562
9010170,zip,NC,,28570,ZIP 28570
9010171,zip,NC,,28571,ZIP 28571
9010172,zip,NC,,28572,ZIP 28572
9010173,zip,NC,,28573,ZIP 28573
9010174,zip,NC,,28574,ZIP 28574
9010175,zip,NC,,28577,ZIP 28577
9010176,zip,NC,,28578,ZIP 28578
9010177,zip,NC,,28579,ZIP 28579
9010178,zip,NC,,28580,ZIP 28580
9010179,zip,NC,,28581,ZIP 28581
9010180,zip,NC,,28582,ZIP 28582
9010181,zip,NC,,28584,ZIP 28584
9010182,zip,NC,,28585,ZIP 28585
9010183,zip,NC,,28586,ZIP 28586
9010184,zip,NC,,28587,ZIP 28587
9010185,zip,NC,,28590,ZIP 28590
9010186,zip,NC,,28594,ZIP 28594
9010187,zip,NC,,28601,ZIP 28601
9010188,zip,NC,,28602,ZIP 28602
9010189,zip,NC,,28604,ZIP 28604
9010190,zip,NC,,28605,ZIP 28605
9010191,zip,NC,,28606,ZIP 28606
9010192,zip,NC,,28607,ZIP 28607
9010193,zip,NC,,28608,ZIP 28608
9010194,zip,NC,,28609,ZIP 28609
9010195,zip,NC,,28610,ZIP 28610
9010196,zip,NC,,28611,ZIP 28611
9010197,zip,NC,,28612,ZIP 28612
9010198,zip,NC,,28613,ZIP 28613
9010199,zip,NC,,28615,ZIP 28615
9010200,zip,NC,,28617,ZIP 28617
9010201,zip,NC,,28618,ZIP 28618
9010203,zip,NC,,28621,ZIP 28621
9010204,zip,NC,,28622,ZIP 28622
9010205,zip,NC,,28623,ZIP 28623
9010206,zip,NC,,28624,ZIP 28624
9010207,zip,NC,,28625,ZIP 28625
9010208,zip,NC,,28626,ZIP 28626
9010209,zip,NC,,28627,ZIP 28627
9010211,zip,NC,,28630,ZIP 28630
9010212,zip,NC,,28631,ZIP 28631
9010213,zip,NC,,28634,ZIP 28634
9010214,zip,NC,,28635,ZIP 28635
9010215,zip,NC,,28636,ZIP 28636
9010216,zip,NC,,28637,ZIP 28637
9010217,zip,NC,,28638,ZIP 28638
9010218,zip,NC,,28640,ZIP 28640
9010219,zip,NC,,28642,ZIP 28642
9010220,zip,NC,,28643,ZIP 28643
9010221,zip,NC,,28644,ZIP 28644
9010222,zip,NC,,28645,ZIP 28645
9010223,zip,NC,,28649,ZIP 28649
9010224,zip,NC,,28650,ZIP 28650
9010225,zip,NC,,28651,ZIP 28651
9010226,zip,NC,,28654,ZIP 28654
9010227,zip,NC,,28655,ZIP 28655
9010228,zip,NC,,28656,ZIP 28656
9010229,zip,NC,,28657,ZIP 28657
9010230,zip,NC,,28658,ZIP 28658
9010231,zip,NC,,28659,ZIP 28659
9010232,zip,NC,,28660,ZIP 28660
9010233,zip,NC,,28663,ZIP 28663
9010234,zip,NC,,28665,ZIP 28665
9010235,zip,NC,,28668,ZIP 28668
9010236,zip,NC,,28669,ZIP 28669
9010237,zip,NC,,28670,ZIP 28670
9010239,zip,NC,,28672,ZIP 28672
9010240,zip,NC,,28673,ZIP 28673
9010241,zip,NC,,28675,ZIP 28675
9010242,zip,NC,,28676,ZIP 28676
9010243,zip,NC,,28677,ZIP 28677
9010244,zip,NC,,28678,ZIP 28678
9010245,zip,NC,,28679,ZIP 28679
9010246,zip,NC,,28681,ZIP 28681
9010247,zip,NC,,28682,ZIP 28682
9010248,zip,NC,,28683,ZIP 28683
9010249,zip,NC,,28684,ZIP 28684
9010250,zip,NC,,28685,ZIP 28685
9010251,zip,NC,,28689,ZIP 28689
9010252,zip,NC,,28690,ZIP 28690
9010253,zip,NC,,28692,ZIP 28692
9010254,zip,NC,,28693,ZIP 28693
9010255,zip,NC,,28694,ZIP 28694
9010256,zip,NC,,28697,ZIP 28697
9010257,zip,NC,,28698,ZIP 28698
9010258,zip,NC,,28701,ZIP 28701
9010259,zip,NC,,28704,ZIP 28704
9010260,zip,NC,,28705,ZIP 28705
9010261,zip,NC,,28707,ZIP 28707
9010262,zip,NC,,28708,ZIP 28708
9010263,zip,NC,,28709,ZIP 28709
9010264,zip,NC,,28711,ZIP 28711
9010265,zip,NC,,28712,ZIP 28712
9010266,zip,NC,,28713,ZIP 28713
9010267,zip,NC,,28714,ZIP 28714
9010268,zip,NC,,28715,ZIP 28715
9010269,zip,NC,,28716,ZIP 28716
9010270,zip,NC,,28717,ZIP 28717
9010271,zip,NC,,28718,ZIP 28718
9010272,zip,NC,,28719,ZIP 28719
9010273,zip,NC,,28720,ZIP 28720
9010274,zip,NC,,28721,ZIP 28721
9010275,zip,NC,,28722,ZIP 28722
9010276,zip,NC,,28723,ZIP 28723
9010278,zip,NC,,28726,ZIP 28726
9010279,zip,NC,,28728,ZIP 28728
9010280,zip,NC,,28729,ZIP 28729
9010281,zip,NC,,28730,ZIP 28730
9010282,zip,NC,,28731,ZIP 28731
9010283,zip,NC,,28732,ZIP 28732
9010284,zip,NC,,28733,ZIP 28733
9010285,zip,NC,,28734,ZIP 28734
9010286,zip,NC,,28735,ZIP 28735
9010287,zip,NC,,28736,ZIP 28736
9010288,zip,NC,,28739,ZIP 28739
9010289,zip,NC,,28740,ZIP 28740
9010290,zip,NC,,28741,ZIP 28741
9010291,zip,NC,,28742,ZIP 28742
9010292,zip,NC,,28743,ZIP 28743
9010293,zip,NC,,28745,ZIP 28745
9010294,zip,NC,,28746,ZIP 28746
9010295,zip,NC,,28747,ZIP 28747
9010296,zip,NC,,28748,ZIP 28748
9010297,zip,NC,,28751,ZIP 28751
9010298,zip,NC,,28752,ZIP 28752
9010299,zip,NC,,28753,ZIP 28753
9010300,zip,NC,,28754,ZIP 28754
9010301,zip,NC,,28756,ZIP 28756
9010302,zip,NC,,28757,ZIP 28757
9010303,zip,NC,,28759,ZIP 28759
9010304,zip,NC,,28761,ZIP 28761
9010305,zip,NC,,28762,ZIP 28762
9010306,zip,NC,,28763,ZIP 28763
9010307,zip,NC,,28766,ZIP 28766
9010308,zip,NC,,28768,ZIP 28768
9010309,zip,NC,,28771,ZIP 28771
9010310,zip,NC,,28772,ZIP 28772
9010311,zip,NC,,28773,ZIP 28773
9010312,zip,NC,,28774,ZIP 28774
9010313,zip,NC,,28775,ZIP 28775
9010314,zip,NC,,28777,ZIP 28777
9010315,zip,NC,,28778,ZIP 28778
9010316,zip,NC,,28779,ZIP 28779
9010317,zip,NC,,28781,ZIP 28781
9010318,zip,NC,,28782,ZIP 28782
9010319,zip,NC,,28783,ZIP 28783
9010320,zip,NC,,28785,ZIP 28785
9010321,zip,NC,,28786,ZIP 28786
9010322,zip,NC,,28787,ZIP 28787
9010323,zip,NC,,28789,ZIP 28789
9010324,zip,NC,,28790,ZIP 28790
9010325,zip,NC,,28791,ZIP 28791
9010326,zip,NC,,28792,ZIP 28792
9010328,zip,NC,,28801,ZIP 28801
9010329,zip,NC,,28803,ZIP 28803
9010330,zip,NC,,28804,ZIP 28804
9010331,zip,NC,,28805,ZIP 28805
9010332,zip,NC,,28806,ZIP 28806
9010333,zip,NC,,28901,ZIP 28901
9010334,zip,NC,,28902,ZIP 28902
9010335,zip,NC,,28904,ZIP 28904
9010336,zip,NC,,28905,ZIP 28905
9010337,zip,NC,,28906,ZIP 28906
9010338,zip,NC,,28909,ZIP 28909
9011449,zip,FL,,32003,ZIP 32003
9011450,zip,FL,,32008,ZIP 32008
9011451,zip,FL,,32009,ZIP 32009
9011452,zip,FL,,32011,ZIP 32011
9011454,zip,FL,,32024,ZIP 32024
9011455,zip,FL,,32025,ZIP 32025
9011456,zip,FL,,32033,ZIP 32033
9011457,zip,FL,,32034,ZIP 32034
9011459,zip,FL,,32038,ZIP 32038
9011460,zip,FL,,32040,ZIP 32040
9011461,zip,FL,,32043,ZIP 32043
9011462,zip,FL,,32044,ZIP 32044
9011463,zip,FL,,32046,ZIP 32046
9011464,zip,FL,,32052,ZIP 32052
9011465,zip,FL,,32053,ZIP 32053
9011466,zip,FL,,32054,ZIP 32054
9011467,zip,FL,,32055,ZIP 32055
9011468,zip,FL,,32058,ZIP 32058
9011469,zip,FL,,32059,ZIP 32059
9011470,zip,FL,,32060,ZIP 32060
9011471,zip,FL,,32062,ZIP 32062
9011472,zip,FL,,32063,ZIP 32063
9011473,zip,FL,,32064,ZIP 32064
9011474,zip,FL,,32065,ZIP 32065
9011475,zip,FL,,32066,ZIP 32066
9011476,zip,FL,,32068,ZIP 32068
9011477,zip,FL,,32071,ZIP 32071
9011479,zip,FL,,32073,ZIP 32073
9011480,zip,FL,,32080,ZIP 32080
9011481,zip,FL,,32081,ZIP 32081
9011482,zip,FL,,32082,ZIP 32082
9011483,zip,FL,,32083,ZIP 32083
9011484,zip,FL,,32084,ZIP 32084
9011485,zip,FL,,32086,ZIP 32086
9011486,zip,FL,,32087,ZIP 32087
9011487,zip,FL,,32091,ZIP 32091
9011488,zip,FL,,32092,ZIP 32092
9011489,zip,FL,,32094,ZIP 32094
9011490,zip,FL,,32095,ZIP 32095
9011491,zip,FL,,32096,ZIP 32096
9011492,zip,FL,,32097,ZIP 32097
9011493,zip,FL,,32102,ZIP 32102
9011494,zip,FL,,32110,ZIP 32110
9011495,zip,FL,,32112,ZIP 32112
9011496,zip,FL,,32113,ZIP 32113
9011497,zip,FL,,32114,ZIP 32114
9011498,zip,FL,,32117,ZIP 32117
9011499,zip,FL,,32118,ZIP 32118
9011500,zip,FL,,32119,ZIP 32119
9011501,zip,FL,,32124,ZIP 32124
9011502,zip,FL,,32127,ZIP 32127
9011503,zip,FL,,32128,ZIP 32128
9011504,zip,FL,,32129,ZIP 32129
9011505,zip,FL,,32130,ZIP 32130
9011506,zip,FL,,32131,ZIP 32131
9011507,zip,FL,,32132,ZIP 32132
9011508,zip,FL,,32134,ZIP 32134
9011509,zip,FL,,32136,ZIP 32136
9011510,zip,FL,,32137,ZIP 32137
9011512,zip,FL,,32139,ZIP 32139
9011513,zip,FL,,32140,ZIP 32140
9011514,zip,FL,,32141,ZIP 32141
9011515,zip,FL,,32145,ZIP 32145
9011517,zip,FL,,32148,ZIP 32148
9011518,zip,FL,,32159,ZIP 32159
9011519,zip,FL,,32162,ZIP 32162
9011520,zip,FL,,32164,ZIP 32164
9011521,zip,FL,,32168,ZIP 32168
9011522,zip,FL,,32169,ZIP 32169
9011523,zip,FL,,32174,ZIP 32174
9011524,zip,FL,,32176,ZIP 32176
9011525,zip,FL,,32177,ZIP 32177
9011526,zip,FL,,32179,ZIP 32179
9011527,zip,FL,,32180,ZIP 32180
9011528,zip,FL,,32181,ZIP 32181
9011530,zip,FL,,32187,ZIP 32187
9011531,zip,FL,,32189,ZIP 32189
9011532,zip,FL,,32190,ZIP 32190
9011534,zip,FL,,32193,ZIP 32193
9011535,zip,FL,,32195,ZIP 32195
9011536,zip,FL,,32202,ZIP 32202
9011537,zip,FL,,32203,ZIP 32203
9011538,zip,FL,,32204,ZIP 32204
9011539,zip,FL,,32205,ZIP 32205
9011540,zip,FL,,32206,ZIP 32206
9011541,zip,FL,,32207,ZIP 32207
9011542,zip,FL,,32208,ZIP 32208
9011543,zip,FL,,32209,ZIP 32209
9011544,zip,FL,,32210,ZIP 32210
9011545,zip,FL,,32211,ZIP 32211
9011546,zip,FL,,32212,ZIP 32212
9011547,zip,FL,,32216,ZIP 32216
9011548,zip,FL,,32217,ZIP 32217
9011549,zip,FL,,32218,ZIP 32218
9011550,zip,FL,,32219,ZIP 32219
9011551,zip,FL,,32220,ZIP 32220
9011552,zip,FL,,32221,ZIP 32221
9011553,zip,FL,,32222,ZIP 32222
9011554,zip,FL,,32223,ZIP 32223
9011555,zip,FL,,32224,ZIP 32224
9011556,zip,FL,,32225,ZIP 32225
9011557,zip,FL,,32226,ZIP 32226
9011558,zip,FL,,32227,ZIP 32227
9011560,zip,FL,,32233,ZIP 32233
9011561,zip,FL,,32234,ZIP 32234
9011562,zip,FL,,32244,ZIP 32244
9011563,zip,FL,,32246,ZIP 32246
9011564,zip,FL,,32250,ZIP 32250
9011565,zip,FL,,32254,ZIP 32254
9011566,zip,FL,,32256,ZIP 32256
9011567,zip,FL,,32257,ZIP 32257
9011568,zip,FL,,32258,ZIP 32258
9011569,zip,FL,,32259,ZIP 32259
9011570,zip,FL,,32266,ZIP 32266
9011571,zip,FL,,32277,ZIP 32277
9011572,zip,FL,,32301,ZIP 32301
9011573,zip,FL,,32303,ZIP 32303
9011574,zip,FL,,32304,ZIP 32304
9011575,zip,FL,,32305,ZIP 32305
9011577,zip,FL,,32308,ZIP 32308
9011578,zip,FL,,32309,ZIP 32309
9011579,zip,FL,,32310,ZIP 32310
9011580,zip,FL,,32311,ZIP 32311
9011581,zip,FL,,32312,ZIP 32312
9011582,zip,FL,,32317,ZIP 32317
9011583,zip,FL,,32320,ZIP 32320
9011584,zip,FL,,32321,ZIP 32321
9011585,zip,FL,,32322,ZIP 32322
9011586,zip,FL,,32324,ZIP 32324
9011587,zip,FL,,32327,ZIP 32327
9011588,zip,FL,,32328,ZIP 32328
9011591,zip,FL,,32331,ZIP 32331
9011592,zip,FL,,32332,ZIP 32332
9011593,zip,FL,,32333,ZIP 32333
9011594,zip,FL,,32334,ZIP 32334
9011595,zip,FL,,32336,ZIP 32336
9011596,zip,FL,,32340,ZIP 32340
9011597,zip,FL,,32343,ZIP 32343
9011598,zip,FL,,32344,ZIP 32344
9011599,zip,FL,,32346,ZIP 32346
9011600,zip,FL,,32347,ZIP 32347
9011601,zip,FL,,32348,ZIP 32348
9011602,zip,FL,,32350,ZIP 32350
9011603,zip,FL,,32351,ZIP 32351
9011604,zip,FL,,32352,ZIP 32352
9011605,zip,FL,,32355,ZIP 32355
9011606,zip,FL,,32356,ZIP 32356
9011607,zip,FL,,32358,ZIP 32358
9011608,zip,FL,,32359,ZIP 32359
9011610,zip,FL,,32399,ZIP 32399
9011611,zip,FL,,32401,ZIP 32401
9011612,zip,FL,,32403,ZIP 32403
9011613,zip,FL,,32404,ZIP 32404
9011614,zip,FL,,32405,ZIP 32405
9011616,zip,FL,,32407,ZIP 32407
9011617,zip,FL,,32408,ZIP 32408
9011618,zip,FL,,32409,ZIP 32409
9011619,zip,FL,,32410,ZIP 32410
9011620,zip,FL,,32413,ZIP 32413
9011622,zip,FL,,32420,ZIP 32420
9011623,zip,FL,,32421,ZIP 32421
9011624,zip,FL,,32423,ZIP 32423
9011625,zip,FL,,32424,ZIP 32424
9011626,zip,FL,,32425,ZIP 32425
9011627,zip,FL,,32426,ZIP 32426
9011628,zip,FL,,32427,ZIP 32427
9011629,zip,FL,,32428,ZIP 32428
9011630,zip,FL,,32430,ZIP 32430
9011631,zip,FL,,32431,ZIP 32431
9011633,zip,FL,,32433,ZIP 32433
9011634,zip,FL,,32435,ZIP 32435
9011635,zip,FL,,32437,ZIP 32437
9011636,zip,FL,,32438,ZIP 32438
9011637,zip,FL,,32439,ZIP 32439
9011638,zip,FL,,32440,ZIP 32440
9011639,zip,FL,,32442,ZIP 32442
9011640,zip,FL,,32443,ZIP 32443
9011641,zip,FL,,32444,ZIP 32444
9011642,zip,FL,,32445,ZIP 32445
9011643,zip,FL,,32446,ZIP 32446
9011644,zip,FL,,32448,ZIP 32448
9011645,zip,FL,,32449,ZIP 32449
9011647,zip,FL,,32455,ZIP 32455
9011648,zip,FL,,32456,ZIP 32456
9011649,zip,FL,,32459,ZIP 32459
9011650,zip,FL,,32460,ZIP 32460
9011652,zip,FL,,32462,ZIP 32462
9011654,zip,FL,,32464,ZIP 32464
9011655,zip,FL,,32465,ZIP 32465
9011656,zip,FL,,32466,ZIP 32466
9011657,zip,FL,,32501,ZIP 32501
9011658,zip,FL,,32502,ZIP 32502
9011659,zip,FL,,32503,ZIP 32503
9011660,zip,FL,,32504,ZIP 32504
9011661,zip,FL,,32505,ZIP 32505
9011662,zip,FL,,32506,ZIP 32506
9011663,zip,FL,,32507,ZIP 32507
9011664,zip,FL,,32508,ZIP 32508
9011665,zip,FL,,32509,ZIP 32509
9011666,zip,FL,,32511,ZIP 32511
9011667,zip,FL,,32514,ZIP 32514
9011668,zip,FL,,32520,ZIP 32520
9011669,zip,FL,,32526,ZIP 32526
9011670,zip,FL,,32531,ZIP 32531
9011671,zip,FL,,32533,ZIP 32533
9011672,zip,FL,,32534,ZIP 32534
9011673,zip,FL,,32535,ZIP 32535
9011674,zip,FL,,32536,ZIP 32536
9011675,zip,FL,,32539,ZIP 32539
9011677,zip,FL,,32541,ZIP 32541
9011678,zip,FL,,32542,ZIP 32542
9011679,zip,FL,,32544,ZIP 32544
9011680,zip,FL,,32547,ZIP 32547
9011681,zip,FL,,32548,ZIP 32548
9011682,zip,FL,,32550,ZIP 32550
9011683,zip,FL,,32561,ZIP 32561
9011684,zip,FL,,32563,ZIP 32563
9011685,zip,FL,,32564,ZIP 32564
9011686,zip,FL,,32565,ZIP 32565
9011687,zip,FL,,32566,ZIP 32566
9011688,zip,FL,,32567,ZIP 32567
9011689,zip,FL,,32568,ZIP 32568
9011690,zip,FL,,32569,ZIP 32569
9011691,zip,FL,,32570,ZIP 32570
9011692,zip,FL,,32571,ZIP 32571
9011693,zip,FL,,32577,ZIP 32577
9011694,zip,FL,,32578,ZIP 32578
9011695,zip,FL,,32579,ZIP 32579
9011696,zip,FL,,32580,ZIP 32580
9011697,zip,FL,,32583,ZIP 32583
9011698,zip,FL,,32601,ZIP 32601
9011699,zip,FL,,32603,ZIP 32603
9011700,zip,FL,,32605,ZIP 32605
9011701,zip,FL,,32606,ZIP 32606
9011702,zip,FL,,32607,ZIP 32607
9011703,zip,FL,,32608,ZIP 32608
9011704,zip,FL,,32609,ZIP 32609
9011707,zip,FL,,32615,ZIP 32615
9011709,zip,FL,,32617,ZIP 32617
9011710,zip,FL,,32618,ZIP 32618
9011711,zip,FL,,32619,ZIP 32619
9011712,zip,FL,,32621,ZIP 32621
9011713,zip,FL,,32622,ZIP 32622
9011714,zip,FL,,32625,ZIP 32625
9011715,zip,FL,,32626,ZIP 32626
9011716,zip,FL,,32628,ZIP 32628
9011717,zip,FL,,32631,ZIP 32631
9011718,zip,FL,,32639,ZIP 32639
9011719,zip,FL,,32640,ZIP 32640
9011720,zip,FL,,32641,ZIP 32641
9011721,zip,FL,,32643,ZIP 32643
9011722,zip,FL,,32648,ZIP 32648
9011723,zip,FL,,32653,ZIP 32653
9011724,zip,FL,,32656,ZIP 32656
9011725,zip,FL,,32664,ZIP 32664
9011726,zip,FL,,32666,ZIP 32666
9011727,zip,FL,,32667,ZIP 32667
9011728,zip,FL,,32668,ZIP 32668
9011729,zip,FL,,32669,ZIP 32669
9011730,zip,FL,,32680,ZIP 32680
9011732,zip,FL,,32686,ZIP 32686
9011733,zip,FL,,32692,ZIP 32692
9011734,zip,FL,,32693,ZIP 32693
9011735,zip,FL,,32694,ZIP 32694
9011736,zip,FL,,32696,ZIP 32696
9011738,zip,FL,,32701,ZIP 32701
9011739,zip,FL,,32702,ZIP 32702
9011740,zip,FL,,32703,ZIP 32703
9011742,zip,FL,,32707,ZIP 32707
9011743,zip,FL,,32708,ZIP 32708
9011744,zip,FL,,32709,ZIP 32709
9011745,zip,FL,,32712,ZIP 32712
9011746,zip,FL,,32713,ZIP 32713
9011747,zip,FL,,32714,ZIP 32714
9011748,zip,FL,,32720,ZIP 32720
9011750,zip,FL,,32724,ZIP 32724
9011751,zip,FL,,32725,ZIP 32725
9011752,zip,FL,,32726,ZIP 32726
9011753,zip,FL,,32730,ZIP 32730
9011754,zip,FL,,32732,ZIP 32732
9011755,zip,FL,,32735,ZIP 32735
9011756,zip,FL,,32736,ZIP 32736
9011757,zip,FL,,32738,ZIP 32738
9011758,zip,FL,,32744,ZIP 32744
9011759,zip,FL,,32746,ZIP 32746
9011760,zip,FL,,32750,ZIP 32750
9011761,zip,FL,,32751,ZIP 32751
9011762,zip,FL,,32754,ZIP 32754
9011763,zip,FL,,32757,ZIP 32757
9011764,zip,FL,,32759,ZIP 32759
9011765,zip,FL,,32763,ZIP 32763
9011766,zip,FL,,32764,ZIP 32764
9011767,zip,FL,,32765,ZIP 32765
9011768,zip,FL,,32766,ZIP 32766
9011769,zip,FL,,32767,ZIP 32767
9011770,zip,FL,,32771,ZIP 32771
9011771,zip,FL,,32773,ZIP 32773
9011773,zip,FL,,32776,ZIP 32776
9011774,zip,FL,,32778,ZIP 32778
9011775,zip,FL,,32779,ZIP 32779
9011776,zip,FL,,32780,ZIP 32780
9011777,zip,FL,,32784,ZIP 32784
9011778,zip,FL,,32789,ZIP 32789
9011779,zip,FL,,32792,ZIP 32792
9011780,zip,FL,,32796,ZIP 32796
9011781,zip,FL,,32798,ZIP 32798
9011782,zip,FL,,32801,ZIP 32801
9011784,zip,FL,,32803,ZIP 32803
9011785,zip,FL,,32804,ZIP 32804
9011786,zip,FL,,32805,ZIP 32805
9011787,zip,FL,,32806,ZIP 32806
9011788,zip,FL,,32807,ZIP 32807
9011789,zip,FL,,32808,ZIP 32808
9011790,zip,FL,,32809,ZIP 32809
9011791,zip,FL,,32810,ZIP 32810
9011792,zip,FL,,32811,ZIP 32811
9011793,zip,FL,,32812,ZIP 32812
9011794,zip,FL,,32814,ZIP 32814
9011795,zip,FL,,32816,ZIP 32816
9011796,zip,FL,,32817,ZIP 32817
9011797,zip,FL,,32818,ZIP 32818
9011798,zip,FL,,32819,ZIP 32819
9011799,zip,FL,,32820,ZIP 32820
9011800,zip,FL,,32821,ZIP 32821
9011801,zip,FL,,32822,ZIP 32822
9011802,zip,FL,,32824,ZIP 32824
9011803,zip,FL,,32825,ZIP 32825
9011804,zip,FL,,32826,ZIP 32826
9011805,zip,FL,,32827,ZIP 32827
9011806,zip,FL,,32828,ZIP 32828
9011807,zip,FL,,32829,ZIP 32829
9011808,zip,FL,,32830,ZIP 32830
9011809,zip,FL,,32831,ZIP 32831
9011810,zip,FL,,32832,ZIP 32832
9011811,zip,FL,,32833,ZIP 32833
9011812,zip,FL,,32835,ZIP 32835
9011813,zip,FL,,32836,ZIP 32836
9011814,zip,FL,,32837,ZIP 32837
9011815,zip,FL,,32839,ZIP 32839
9011817,zip,FL,,32901,ZIP 32901
9011818,zip,FL,,32903,ZIP 32903
9011819,zip,FL,,32904,ZIP 32904
9011820,zip,FL,,32905,ZIP 32905
9011821,zip,FL,,32907,ZIP 32907
9011822,zip,FL,,32908,ZIP 32908
9011823,zip,FL,,32909,ZIP 32909
9011824,zip,FL,,32920,ZIP 32920
9011825,zip,FL,,32922,ZIP 32922
9011826,zip,FL,,32925,ZIP 32925
9011827,zip,FL,,32926,ZIP 32926
9011828,zip,FL,,32927,ZIP 32927
9011829,zip,FL,,32931,ZIP 32931
9011830,zip,FL,,32934,ZIP 32934
9011831,zip,FL,,32935,ZIP 32935
9011832,zip,FL,,32937,ZIP 32937
9011833,zip,FL,,32940,ZIP 32940
9011834,zip,FL,,32948,ZIP 32948
9011835,zip,FL,,32949,ZIP 32949
9011836,zip,FL,,32950,ZIP 32950
9011837,zip,FL,,32951,ZIP 32951
9011838,zip,FL,,32952,ZIP 32952
9011839,zip,FL,,32953,ZIP 32953
9011840,zip,FL,,32955,ZIP 32955
9011841,zip,FL,,32958,ZIP 32958
9011842,zip,FL,,32960,ZIP 32960
9011843,zip,FL,,32962,ZIP 32962
9011844,zip,FL,,32963,ZIP 32963
9011845,zip,FL,,32966,ZIP 32966
9011846,zip,FL,,32967,ZIP 32967
9011847,zip,FL,,32968,ZIP 32968
9011848,zip,FL,,32976,ZIP 32976
9011849,zip,FL,,33001,ZIP 33001
9011850,zip,FL,,33004,ZIP 33004
9011851,zip,FL,,33009,ZIP 33009
9011852,zip,FL,,33010,ZIP 33010
9011853,zip,FL,,33012,ZIP 33012
9011854,zip,FL,,33013,ZIP 33013
9011855,zip,FL,,33014,ZIP 33014
9011856,zip,FL,,33015,ZIP 33015
9011857,zip,FL,,33016,ZIP 33016
9011858,zip,FL,,33018,ZIP 33018
9011859,zip,FL,,33019,ZIP 33019
9011860,zip,FL,,33020,ZIP 33020
9011861,zip,FL,,33021,ZIP 33021
9011863,zip,FL,,33023,ZIP 33023
9011864,zip,FL,,33024,ZIP 33024
9011865,zip,FL,,33025,ZIP 33025
9011866,zip,FL,,33026,ZIP 33026
9011867,zip,FL,,33027,ZIP 33027
9011868,zip,FL,,33028,ZIP 33028
9011869,zip,FL,,33029,ZIP 33029
9011870,zip,FL,,33030,ZIP 33030
9011871,zip,FL,,33031,ZIP 33031
9011872,zip,FL,,33032,ZIP 33032
9011873,zip,FL,,33033,ZIP 33033
9011874,zip,FL,,33034,ZIP 33034
9011875,zip,FL,,33035,ZIP 33035
9011876,zip,FL,,33036,ZIP 33036
9011877,zip,FL,,33037,ZIP 33037
9011878,zip,FL,,33039,ZIP 33039
9011879,zip,FL,,33040,ZIP 33040
9011880,zip,FL,,33042,ZIP 33042
9011881,zip,FL,,33043,ZIP 33043
9011882,zip,FL,,33050,ZIP 33050
9011883,zip,FL,,33051,ZIP 33051
9011884,zip,FL,,33054,ZIP 33054
9011885,zip,FL,,33055,ZIP 33055
9011886,zip,FL,,33056,ZIP 33056
9011887,zip,FL,,33060,ZIP 33060
9011888,zip,FL,,33062,ZIP 33062
9011889,zip,FL,,33063,ZIP 33063
9011890,zip,FL,,33064,ZIP 33064
9011891,zip,FL,,33065,ZIP 33065
9011892,zip,FL,,33066,ZIP 33066
9011893,zip,FL,,33067,ZIP 33067
9011894,zip,FL,,33068,ZIP 33068
9011895,zip,FL,,33069,ZIP 33069
9011896,zip,FL,,33070,ZIP 33070
9011897,zip,FL,,33071,ZIP 33071
9011898,zip,FL,,33073,ZIP 33073
9011899,zip,FL,,33076,ZIP 33076
9011901,zip,FL,,33109,ZIP 33109
9011902,zip,FL,,33122,ZIP 33122
9011903,zip,FL,,33125,ZIP 33125
9011904,zip,FL,,33126,ZIP 33126
9011905,zip,FL,,33127,ZIP 33127
9011906,zip,FL,,33128,ZIP 33128
9011907,zip,FL,,33129,ZIP 33129
9011908,zip,FL,,33130,ZIP 33130
9011909,zip,FL,,33131,ZIP 33131
9011910,zip,FL,,33132,ZIP 33132
9011911,zip,FL,,33133,ZIP 33133
9011912,zip,FL,,33134,ZIP 33134
9011913,zip,FL,,33135,ZIP 33135
9011914,zip,FL,,33136,ZIP 33136
9011915,zip,FL,,33137,ZIP 33137
9011916,zip,FL,,33138,ZIP 33138
9011917,zip,FL,,33139,ZIP 33139
9011918,zip,FL,,33140,ZIP 33140
9011919,zip,FL,,33141,ZIP 33141
9011920,zip,FL,,33142,ZIP 33142
9011921,zip,FL,,33143,ZIP 33143
9011922,zip,FL,,33144,ZIP 33144
9011923,zip,FL,,33145,ZIP 33145
9011924,zip,FL,,33146,ZIP 33146
9011925,zip,FL,,33147,ZIP 33147
9011926,zip,FL,,33149,ZIP 33149
9011927,zip,FL,,33150,ZIP 33150
9011929,zip,FL,,33154,ZIP 33154
9011930,zip,FL,,33155,ZIP 33155
9011931,zip,FL,,33156,ZIP 33156
9011932,zip,FL,,33157,ZIP 33157
9011933,zip,FL,,33158,ZIP 33158
9011934,zip,FL,,33160,ZIP 33160
9011935,zip,FL,,33161,ZIP 33161
9011936,zip,FL,,33162,ZIP 33162
9011937,zip,FL,,33165,ZIP 33165
9011938,zip,FL,,33166,ZIP 33166
9011939,zip,FL,,33167,ZIP 33167
9011940,zip,FL,,33168,ZIP 33168
9011941,zip,FL,,33169,ZIP 33169
9011942,zip,FL,,33170,ZIP 33170
9011943,zip,FL,,33172,ZIP 33172
9011944,zip,FL,,33173,ZIP 33173
9011945,zip,FL,,33174,ZIP 33174
9011946,zip,FL,,33175,ZIP 33175
9011947,zip,FL,,33176,ZIP 33176
9011948,zip,FL,,33177,ZIP 33177
9011949,zip,FL,,33178,ZIP 33178
9011950,zip,FL,,33179,ZIP 33179
9011951,zip,FL,,33180,ZIP 33180
9011952,zip,FL,,33181,ZIP 33181
9011953,zip,FL,,33182,ZIP 33182
9011954,zip,FL,,33183,ZIP 33183
9011955,zip,FL,,33184,ZIP 33184
9011956,zip,FL,,33185,ZIP 33185
9011957,zip,FL,,33186,ZIP 33186
9011958,zip,FL,,33187,ZIP 33187
9011959,zip,FL,,33189,ZIP 33189
9011960,zip,FL,,33190,ZIP 33190
9011961,zip,FL,,33193,ZIP 33193
9011962,zip,FL,,33194,ZIP 33194
9011963,zip,FL,,33196,ZIP 33196
9011964,zip,FL,,33199,ZIP 33199
9011965,zip,FL,,33301,ZIP 33301
9011966,zip,FL,,33304,ZIP 33304
9011967,zip,FL,,33305,ZIP 33305
9011968,zip,FL,,33306,ZIP 33306
9011969,zip,FL,,33308,ZIP 33308
9011970,zip,FL,,33309,ZIP 33309
9011972,zip,FL,,33311,ZIP 33311
9011973,zip,FL,,33312,ZIP 33312
9011974,zip,FL,,33313,ZIP 33313
9011975,zip,FL,,33314,ZIP 33314
9011976,zip,FL,,33315,ZIP 33315
9011977,zip,FL,,33316,ZIP 33316
9011978,zip,FL,,33317,ZIP 33317
9011979,zip,FL,,33319,ZIP 33319
9011980,zip,FL,,33321,ZIP 33321
9011981,zip,FL,,33322,ZIP 33322
9011982,zip,FL,,33323,ZIP 33323
9011983,zip,FL,,33324,ZIP 33324
9011984,zip,FL,,33325,ZIP 33325
9011985,zip,FL,,33326,ZIP 33326
9011986,zip,FL,,33327,ZIP 33327
9011987,zip,FL,,33328,ZIP 33328
9011988,zip,FL,,33330,ZIP 33330
9011989,zip,FL,,33331,ZIP 33331
9011990,zip,FL,,33332,ZIP 33332
9011991,zip,FL,,33334,ZIP 33334
9011992,zip,FL,,33351,ZIP 33351
9011993,zip,FL,,33388,ZIP 33388
9011994,zip,FL,,33394,ZIP 33394
9011995,zip,FL,,33401,ZIP 33401
9011996,zip,FL,,33403,ZIP 33403
9011997,zip,FL,,33404,ZIP 33404
9011998,zip,FL,,33405,ZIP 33405
9011999,zip,FL,,33406,ZIP 33406
9012000,zip,FL,,33407,ZIP 33407
9012001,zip,FL,,33408,ZIP 33408
9012002,zip,FL,,33409,ZIP 33409
9012003,zip,FL,,33410,ZIP 33410
9012004,zip,FL,,33411,ZIP 33411
9012005,zip,FL,,33412,ZIP 33412
9012006,zip,FL,,33413,ZIP 33413
9012007,zip,FL,,33414,ZIP 33414
9012008,zip,FL,,33415,ZIP 33415
9012009,zip,FL,,33417,ZIP 33417
9012010,zip,FL,,33418,ZIP 33418
9012011,zip,FL,,33426,ZIP 33426
9012012,zip,FL,,33428,ZIP 33428
9012014,zip,FL,,33430,ZIP 33430
9012015,zip,FL,,33431,ZIP 33431
9012016,zip,FL,,33432,ZIP 33432
9012017,zip,FL,,33433,ZIP 33433
9012018,zip,FL,,33434,ZIP 33434
9012019,zip,FL,,33435,ZIP 33435
9012020,zip,FL,,33436,ZIP 33436
9012021,zip,FL,,33437,ZIP 33437
9012022,zip,FL,,33438,ZIP 33438
9012023,zip,FL,,33440,ZIP 33440
9012024,zip,FL,,33441,ZIP 33441
9012025,zip,FL,,33442,ZIP 33442
9012026,zip,FL,,33444,ZIP 33444
9012027,zip,FL,,33445,ZIP 33445
9012028,zip,FL,,33446,ZIP 33446
9012029,zip,FL,,33449,ZIP 33449
9012030,zip,FL,,33455,ZIP 33455
9012031,zip,FL,,33458,ZIP 33458
9012032,zip,FL,,33460,ZIP 33460
9012033,zip,FL,,33461,ZIP 33461
9012034,zip,FL,,33462,ZIP 33462
9012035,zip,FL,,33463,ZIP 33463
9012036,zip,FL,,33467,ZIP 33467
9012038,zip,FL,,33469,ZIP 33469
9012039,zip,FL,,33470,ZIP 33470
9012040,zip,FL,,33471,ZIP 33471
9012041,zip,FL,,33472,ZIP 33472
9012042,zip,FL,,33473,ZIP 33473
9012043,zip,FL,,33476,ZIP 33476
9012044,zip,FL,,33477,ZIP 33477
9012045,zip,FL,,33478,ZIP 33478
9012046,zip,FL,,33480,ZIP 33480
9012047,zip,FL,,33483,ZIP 33483
9012048,zip,FL,,33484,ZIP 33484
9012049,zip,FL,,33486,ZIP 33486
9012050,zip,FL,,33487,ZIP 33487
9012051,zip,FL,,33493,ZIP 33493
9012052,zip,FL,,33496,ZIP 33496
9012053,zip,FL,,33498,ZIP 33498
9012054,zip,FL,,33499,ZIP 33499
9012055,zip,FL,,33510,ZIP 33510
9012056,zip,FL,,33511,ZIP 33511
9012057,zip,FL,,33513,ZIP 33513
9012058,zip,FL,,33514,ZIP 33514
9012060,zip,FL,,33523,ZIP 33523
9012061,zip,FL,,33525,ZIP 33525
9012062,zip,FL,,33527,ZIP 33527
9012063,zip,FL,,33534,ZIP 33534
9012064,zip,FL,,33540,ZIP 33540
9012065,zip,FL,,33541,ZIP 33541
9012066,zip,FL,,33542,ZIP 33542
9012067,zip,FL,,33543,ZIP 33543
9012068,zip,FL,,33544,ZIP 33544
9012069,zip,FL,,33545,ZIP 33545
9012070,zip,FL,,33547,ZIP 33547
9012071,zip,FL,,33548,ZIP 33548
9012072,zip,FL,,33549,ZIP 33549
9012073,zip,FL,,33556,ZIP 33556
9012074,zip,FL,,33558,ZIP 33558
9012075,zip,FL,,33559,ZIP 33559
9012076,zip,FL,,33563,ZIP 33563
9012077,zip,FL,,33565,ZIP 33565
9012078,zip,FL,,33566,ZIP 33566
9012079,zip,FL,,33567,ZIP 33567
9012080,zip,FL,,33569,ZIP 33569
9012081,zip,FL,,33570,ZIP 33570
9012082,zip,FL,,33572,ZIP 33572
9012083,zip,FL,,33573,ZIP 33573
9012084,zip,FL,,33576,ZIP 33576
9012085,zip,FL,,33578,ZIP 33578
9012086,zip,FL,,33579,ZIP 33579
9012087,zip,FL,,33584,ZIP 33584
9012088,zip,FL,,33585,ZIP 33585
9012089,zip,FL,,33592,ZIP 33592
9012090,zip,FL,,33594,ZIP 33594
9012091,zip,FL,,33596,ZIP 33596
9012092,zip,FL,,33597,ZIP 33597
9012093,zip,FL,,33598,ZIP 33598
9012094,zip,FL,,33602,ZIP 33602
9012095,zip,FL,,33603,ZIP 33603
9012096,zip,FL,,33604,ZIP 33604
9012097,zip,FL,,33605,ZIP 33605
9012098,zip,FL,,33606,ZIP 33606
9012099,zip,FL,,33607,ZIP 33607
9012100,zip,FL,,33609,ZIP 33609
9012101,zip,FL,,33610,ZIP 33610
9012102,zip,FL,,33611,ZIP 33611
9012103,zip,FL,,33612,ZIP 33612
9012104,zip,FL,,33613,ZIP 33613
9012105,zip,FL,,33614,ZIP 33614
9012106,zip,FL,,33615,ZIP 33615
9012107,zip,FL,,33616,ZIP 33616
9012108,zip,FL,,33617,ZIP 33617
9012109,zip,FL,,33618,ZIP 33618
9012110,zip,FL,,33619,ZIP 33619
9012111,zip,FL,,33620,ZIP 33620
9012112,zip,FL,,33621,ZIP 33621
9012113,zip,FL,,33624,ZIP 33624
9012114,zip,FL,,33625,ZIP 33625
9012115,zip,FL,,33626,ZIP 33626
9012116,zip,FL,,33629,ZIP 33629
9012117,zip,FL,,33634,ZIP 33634
9012118,zip,FL,,33635,ZIP 33635
9012119,zip,FL,,33637,ZIP 33637
9012120,zip,FL,,33647,ZIP 33647
9012121,zip,FL,,33701,ZIP 33701
9012122,zip,FL,,33702,ZIP 33702
9012123,zip,FL,,33703,ZIP 33703
9012124,zip,FL,,33704,ZIP 33704
9012125,zip,FL,,33705,ZIP 33705
9012126,zip,FL,,33706,ZIP 33706
9012127,zip,FL,,33707,ZIP 33707
9012128,zip,FL,,33708,ZIP 33708
9012129,zip,FL,,33709,ZIP 33709
9012130,zip,FL,,33710,ZIP 33710
9012131,zip,FL,,33711,ZIP 33711
9012132,zip,FL,,33712,ZIP 33712
9012133,zip,FL,,33713,ZIP 33713
9012134,zip,FL,,33714,ZIP 33714
9012135,zip,FL,,33715,ZIP 33715
9012136,zip,FL,,33716,ZIP 33716
9012137,zip,FL,,33730,ZIP 33730
9012138,zip,FL,,33755,ZIP 33755
9012139,zip,FL,,33756,ZIP 33756
9012140,zip,FL,,33759,ZIP 33759
9012141,zip,FL,,33760,ZIP 33760
9012142,zip,FL,,33761,ZIP 33761
9012143,zip,FL,,33762,ZIP 33762
9012144,zip,FL,,33763,ZIP 33763
9012145,zip,FL,,33764,ZIP 33764
9012146,zip,FL,,33765,ZIP 33765
9012147,zip,FL,,33767,ZIP 33767
9012148,zip,FL,,33770,ZIP 33770
9012149,zip,FL,,33771,ZIP 33771
9012150,zip,FL,,33772,ZIP 33772
9012151,zip,FL,,33773,ZIP 33773
9012152,zip,FL,,33774,ZIP 33774
9012153,zip,FL,,33776,ZIP 33776
9012154,zip,FL,,33777,ZIP 33777
9012155,zip,FL,,33778,ZIP 33778
9012156,zip,FL,,33781,ZIP 33781
9012157,zip,FL,,33782,ZIP 33782
9012158,zip,FL,,33785,ZIP 33785
9012159,zip,FL,,33786,ZIP 33786
9012160,zip,FL,,33801,ZIP 33801
9012161,zip,FL,,33803,ZIP 33803
9012162,zip,FL,,33805,ZIP 33805
9012163,zip,FL,,33809,ZIP 33809
9012164,zip,FL,,33810,ZIP 33810
9012165,zip,FL,,33811,ZIP 33811
9012166,zip,FL,,33812,ZIP 33812
9012167,zip,FL,,33813,ZIP 33813
9012168,zip,FL,,33815,ZIP 33815
9012169,zip,FL,,33823,ZIP 33823
9012170,zip,FL,,33825,ZIP 33825
9012171,zip,FL,,33827,ZIP 33827
9012172,zip,FL,,33830,ZIP 33830
9012173,zip,FL,,33834,ZIP 33834
9012174,zip,FL,,33837,ZIP 33837
9012175,zip,FL,,33838,ZIP 33838
9012176,zip,FL,,33839,ZIP 33839
9012177,zip,FL,,33841,ZIP 33841
9012178,zip,FL,,33843,ZIP 33843
9012179,zip,FL,,33844,ZIP 33844
9012182,zip,FL,,33849,ZIP 33849
9012183,zip,FL,,33850,ZIP 33850
9012184,zip,FL,,33852,ZIP 33852
9012185,zip,FL,,33853,ZIP 33853
9012186,zip,FL,,33855,ZIP 33855
9012187,zip,FL,,33857,ZIP 33857
9012188,zip,FL,,33859,ZIP 33859
9012189,zip,FL,,33860,ZIP 33860
9012190,zip,FL,,33865,ZIP 33865
9012191,zip,FL,,33867,ZIP 33867
9012192,zip,FL,,33868,ZIP 33868
9012193,zip,FL,,33870,ZIP 33870
9012194,zip,FL,,33872,ZIP 33872
9012195,zip,FL,,33873,ZIP 33873
9012196,zip,FL,,33875,ZIP 33875
9012197,zip,FL,,33876,ZIP 33876
9012198,zip,FL,,33880,ZIP 33880
9012199,zip,FL,,33881,ZIP 33881
9012200,zip,FL,,33884,ZIP 33884
9012202,zip,FL,,33890,ZIP 33890
9012203,zip,FL,,33896,ZIP 33896
9012204,zip,FL,,33897,ZIP 33897
9012205,zip,FL,,33898,ZIP 33898
9012206,zip,FL,,33901,ZIP 33901
9012207,zip,FL,,33903,ZIP 33903
9012208,zip,FL,,33904,ZIP 33904
9012209,zip,FL,,33905,ZIP 33905
9012210,zip,FL,,33907,ZIP 33907
9012211,zip,FL,,33908,ZIP 33908
9012212,zip,FL,,33909,ZIP 33909
9012213,zip,FL,,33912,ZIP 33912
9012214,zip,FL,,33913,ZIP 33913
9012215,zip,FL,,33914,ZIP 33914
9012216,zip,FL,,33916,ZIP 33916
9012217,zip,FL,,33917,ZIP 33917
9012218,zip,FL,,33919,ZIP 33919
9012219,zip,FL,,33920,ZIP 33920
9012220,zip,FL,,33921,ZIP 33921
9012221,zip,FL,,33922,ZIP 33922
9012222,zip,FL,,33924,ZIP 33924
9012223,zip,FL,,33928,ZIP 33928
9012224,zip,FL,,33930,ZIP 33930
9012225,zip,FL,,33931,ZIP 33931
9012226,zip,FL,,33935,ZIP 33935
9012227,zip,FL,,33936,ZIP 33936
9012228,zip,FL,,33944,ZIP 33944
9012230,zip,FL,,33946,ZIP 33946
9012231,zip,FL,,33947,ZIP 33947
9012232,zip,FL,,33948,ZIP 33948
9012233,zip,FL,,33952,ZIP 33952
9012234,zip,FL,,33953,ZIP 33953
9012235,zip,FL,,33954,ZIP 33954
9012236,zip,FL,,33955,ZIP 33955
9012237,zip,FL,,33956,ZIP 33956
9012238,zip,FL,,33957,ZIP 33957
9012239,zip,FL,,33960,ZIP 33960
9012240,zip,FL,,33965,ZIP 33965
9012241,zip,FL,,33966,ZIP 33966
9012242,zip,FL,,33967,ZIP 33967
9012243,zip,FL,,33971,ZIP 33971
9012244,zip,FL,,33972,ZIP 33972
9012245,zip,FL,,33973,ZIP 33973
9012246,zip,FL,,33974,ZIP 33974
9012247,zip,FL,,33976,ZIP 33976
9012248,zip,FL,,33980,ZIP 33980
9012249,zip,FL,,33981,ZIP 33981
9012250,zip,FL,,33982,ZIP 33982
9012251,zip,FL,,33983,ZIP 33983
9012252,zip,FL,,33990,ZIP 33990
9012253,zip,FL,,33991,ZIP 33991
9012254,zip,FL,,33993,ZIP 33993
9012255,zip,FL,,34102,ZIP 34102
9012256,zip,FL,,34103,ZIP 34103
9012257,zip,FL,,34104,ZIP 34104
9012258,zip,FL,,34105,ZIP 34105
9012259,zip,FL,,34108,ZIP 34108
9012260,zip,FL,,34109,ZIP 34109
9012261,zip,FL,,34110,ZIP 34110
9012262,zip,FL,,34112,ZIP 34112
9012263,zip,FL,,34113,ZIP 34113
9012264,zip,FL,,34114,ZIP 34114
9012265,zip,FL,,34116,ZIP 34116
9012266,zip,FL,,34117,ZIP 34117
9012267,zip,FL,,34119,ZIP 34119
9012268,zip,FL,,34120,ZIP 34120
9012269,zip,FL,,34134,ZIP 34134
9012270,zip,FL,,34135,ZIP 34135
9012272,zip,FL,,34138,ZIP 34138
9012273,zip,FL,,34139,ZIP 34139
9012274,zip,FL,,34140,ZIP 34140
9012275,zip,FL,,34141,ZIP 34141
9012276,zip,FL,,34142,ZIP 34142
9012277,zip,FL,,34145,ZIP 34145
9012278,zip,FL,,34201,ZIP 34201
9012279,zip,FL,,34202,ZIP 34202
9012280,zip,FL,,34203,ZIP 34203
9012281,zip,FL,,34205,ZIP 34205
9012282,zip,FL,,34207,ZIP 34207
9012283,zip,FL,,34208,ZIP 34208
9012284,zip,FL,,34209,ZIP 34209
9012285,zip,FL,,34210,ZIP 34210
9012286,zip,FL,,34211,ZIP 34211
9012287,zip,FL,,34212,ZIP 34212
9012288,zip,FL,,34215,ZIP 34215
9012289,zip,FL,,34216,ZIP 34216
9012290,zip,FL,,34217,ZIP 34217
9012291,zip,FL,,34219,ZIP 34219
9012292,zip,FL,,34221,ZIP 34221
9012293,zip,FL,,34222,ZIP 34222
9012294,zip,FL,,34223,ZIP 34223
9012295,zip,FL,,34224,ZIP 34224
9012296,zip,FL,,34228,ZIP 34228
9012297,zip,FL,,34229,ZIP 34229
9012299,zip,FL,,34231,ZIP 34231
9012300,zip,FL,,34232,ZIP 34232
9012301,zip,FL,,34233,ZIP 34233
9012302,zip,FL,,34234,ZIP 34234
9012303,zip,FL,,34235,ZIP 34235
9012304,zip,FL,,34236,ZIP 34236
9012305,zip,FL,,34237,ZIP 34237
9012306,zip,FL,,34238,ZIP 34238
9012307,zip,FL,,34239,ZIP 34239
9012308,zip,FL,,34240,ZIP 34240
9012309,zip,FL,,34241,ZIP 34241
9012310,zip,FL,,34242,ZIP 34242
9012311,zip,FL,,34243,ZIP 34243
9012312,zip,FL,,34250,ZIP 34250
9012313,zip,FL,,34251,ZIP 34251
9012315,zip,FL,,34266,ZIP 34266
9012316,zip,FL,,34269,ZIP 34269
9012317,zip,FL,,34275,ZIP 34275
9012318,zip,FL,,34285,ZIP 34285
9012319,zip,FL,,34286,ZIP 34286
9012320,zip,FL,,34287,ZIP 34287
9012321,zip,FL,,34288,ZIP 34288
9012322,zip,FL,,34289,ZIP 34289
9012323,zip,FL,,34291,ZIP 34291
9012324,zip,FL,,34292,ZIP 34292
9012325,zip,FL,,34293,ZIP 34293
9012326,zip,FL,,34420,ZIP 34420
9012327,zip,FL,,34428,ZIP 34428
9012328,zip,FL,,34429,ZIP 34429
9012329,zip,FL,,34431,ZIP 34431
9012330,zip,FL,,34432,ZIP 34432
9012331,zip,FL,,34433,ZIP 34433
9012332,zip,FL,,34434,ZIP 34434
9012333,zip,FL,,34436,ZIP 34436
9012334,zip,FL,,34442,ZIP 34442
9012335,zip,FL,,34446,ZIP 34446
9012336,zip,FL,,34448,ZIP 34448
9012337,zip,FL,,34449,ZIP 34449
9012338,zip,FL,,34450,ZIP 34450
9012340,zip,FL,,34452,ZIP 34452
9012341,zip,FL,,34461,ZIP 34461
9012342,zip,FL,,34465,ZIP 34465
9012343,zip,FL,,34470,ZIP 34470
9012344,zip,FL,,34471,ZIP 34471
9012345,zip,FL,,34472,ZIP 34472
9012346,zip,FL,,34473,ZIP 34473
9012347,zip,FL,,34474,ZIP 34474
9012348,zip,FL,,34475,ZIP 34475
9012349,zip,FL,,34476,ZIP 34476
9012351,zip,FL,,34479,ZIP 34479
9012352,zip,FL,,34480,ZIP 34480
9012353,zip,FL,,34481,ZIP 34481
9012354,zip,FL,,34482,ZIP 34482
9012355,zip,FL,,34484,ZIP 34484
9012356,zip,FL,,34488,ZIP 34488
9012357,zip,FL,,34491,ZIP 34491
9012358,zip,FL,,34498,ZIP 34498
9012359,zip,FL,,34601,ZIP 34601
9012360,zip,FL,,34602,ZIP 34602
9012361,zip,FL,,34604,ZIP 34604
9012362,zip,FL,,34606,ZIP 34606
9012363,zip,FL,,34607,ZIP 34607
9012364,zip,FL,,34608,ZIP 34608
9012365,zip,FL,,34609,ZIP 34609
9012366,zip,FL,,34610,ZIP 34610
9012367,zip,FL,,34613,ZIP 34613
9012368,zip,FL,,34614,ZIP 34614
9012369,zip,FL,,34637,ZIP 34637
9012370,zip,FL,,34638,ZIP 34638
9012371,zip,FL,,34639,ZIP 34639
9012372,zip,FL,,34652,ZIP 34652
9012373,zip,FL,,34653,ZIP 34653
9012374,zip,FL,,34654,ZIP 34654
9012375,zip,FL,,34655,ZIP 34655
9012377,zip,FL,,34667,ZIP 34667
9012378,zip,FL,,34668,ZIP 34668
9012379,zip,FL,,34669,ZIP 34669
9012380,zip,FL,,34677,ZIP 34677
9012383,zip,FL,,34683,ZIP 34683
9012384,zip,FL,,34684,ZIP 34684
9012385,zip,FL,,34685,ZIP 34685
9012386,zip,FL,,34688,ZIP 34688
9012387,zip,FL,,34689,ZIP 34689
9012388,zip,FL,,34690,ZIP 34690
9012389,zip,FL,,34691,ZIP 34691
9012390,zip,FL,,34695,ZIP 34695
9012391,zip,FL,,34698,ZIP 34698
9012392,zip,FL,,34705,ZIP 34705
9012393,zip,FL,,34711,ZIP 34711
9012394,zip,FL,,34714,ZIP 34714
9012395,zip,FL,,34715,ZIP 34715
9012396,zip,FL,,34731,ZIP 34731
9012397,zip,FL,,34734,ZIP 34734
9012398,zip,FL,,34736,ZIP 34736
9012399,zip,FL,,34737,ZIP 34737
9012400,zip,FL,,34739,ZIP 34739
9012401,zip,FL,,34741,ZIP 34741
9012402,zip,FL,,34743,ZIP 34743
9012403,zip,FL,,34744,ZIP 34744
9012404,zip,FL,,34746,ZIP 34746
9012405,zip,FL,,34747,ZIP 34747
9012406,zip,FL,,34748,ZIP 34748
9012407,zip,FL,,34753,ZIP 34753
9012409,zip,FL,,34756,ZIP 34756
9012410,zip,FL,,34758,ZIP 34758
9012411,zip,FL,,34759,ZIP 34759
9012412,zip,FL,,34760,ZIP 34760
9012413,zip,FL,,34761,ZIP 34761
9012414,zip,FL,,34762,ZIP 34762
9012415,zip,FL,,34769,ZIP 34769
9012416,zip,FL,,34771,ZIP 34771
9012417,zip,FL,,34772,ZIP 34772
9012418,zip,FL,,34773,ZIP 34773
9012419,zip,FL,,34785,ZIP 34785
9012420,zip,FL,,34786,ZIP 34786
9012421,zip,FL,,34787,ZIP 34787
9012422,zip,FL,,34788,ZIP 34788
9012423,zip,FL,,34797,ZIP 34797
9012424,zip,FL,,34945,ZIP 34945
9012425,zip,FL,,34946,ZIP 34946
9012426,zip,FL,,34947,ZIP 34947
9012427,zip,FL,,34949,ZIP 34949
9012428,zip,FL,,34950,ZIP 34950
9012429,zip,FL,,34951,ZIP 34951
9012430,zip,FL,,34952,ZIP 34952
9012431,zip,FL,,34953,ZIP 34953
9012432,zip,FL,,34956,ZIP 34956
9012433,zip,FL,,34957,ZIP 34957
9012434,zip,FL,,34972,ZIP 34972
9012435,zip,FL,,34974,ZIP 34974
9012436,zip,FL,,34981,ZIP 34981
9012437,zip,FL,,34982,ZIP 34982
9012438,zip,FL,,34983,ZIP 34983
9012439,zip,FL,,34984,ZIP 34984
9012440,zip,FL,,34986,ZIP 34986
9012441,zip,FL,,34987,ZIP 34987
9012442,zip,FL,,34990,ZIP 34990
9012443,zip,FL,,34994,ZIP 34994
9012444,zip,FL,,34996,ZIP 34996
9012445,zip,FL,,34997,ZIP 34997
9026791,zip,TX,,75001,ZIP 75001
9026792,zip,TX,,75002,ZIP 75002
9026793,zip,TX,,75006,ZIP 75006
9026794,zip,TX,,75007,ZIP 75007
9026795,zip,TX,,75009,ZIP 75009
9026796,zip,TX,,75010,ZIP 75010
9026797,zip,TX,,75013,ZIP 75013
9026798,zip,TX,,75019,ZIP 75019
9026799,zip,TX,,75020,ZIP 75020
9026800,zip,TX,,75021,ZIP 75021
9026801,zip,TX,,75022,ZIP 75022
9026802,zip,TX,,75023,ZIP 75023
9026803,zip,TX,,75024,ZIP 75024
9026804,zip,TX,,75025,ZIP 75025
9026805,zip,TX,,75028,ZIP 75028
9026806,zip,TX,,75032,ZIP 75032
9026807,zip,TX,,75034,ZIP 75034
9026808,zip,TX,,75035,ZIP 75035
9026809,zip,TX,,75038,ZIP 75038
9026810,zip,TX,,75039,ZIP 75039
9026811,zip,TX,,75040,ZIP 75040
9026812,zip,TX,,75041,ZIP 75041
9026813,zip,TX,,75042,ZIP 75042
9026814,zip,TX,,75043,ZIP 75043
9026815,zip,TX,,75044,ZIP 75044
9026816,zip,TX,,75048,ZIP 75048
9026817,zip,TX,,75050,ZIP 75050
9026818,zip,TX,,75051,ZIP 75051
9026819,zip,TX,,75052,ZIP 75052
9026820,zip,TX,,75054,ZIP 75054
9026821,zip,TX,,75056,ZIP 75056
9026822,zip,TX,,75057,ZIP 75057
9026823,zip,TX,,75058,ZIP 75058
9026824,zip,TX,,75060,ZIP 75060
9026825,zip,TX,,75061,ZIP 75061
9026826,zip,TX,,75062,ZIP 75062
9026827,zip,TX,,75063,ZIP 75063
9026828,zip,TX,,75065,ZIP 75065
9026829,zip,TX,,75067,ZIP 75067
9026830,zip,TX,,75068,ZIP 75068
9026831,zip,TX,,75069,ZIP 75069
9026832,zip,TX,,75070,ZIP 75070
9026833,zip,TX,,75071,ZIP 75071
9026834,zip,TX,,75074,ZIP 75074
9026835,zip,TX,,75075,ZIP 75075
9026836,zip,TX,,75076,ZIP 75076
9026837,zip,TX,,75077,ZIP 75077
9026838,zip,TX,,75078,ZIP 75078
9026839,zip,TX,,75080,ZIP 75080
9026840,zip,TX,,75081,ZIP 75081
9026841,zip,TX,,75082,ZIP 75082
9026842,zip,TX,,75087,ZIP 75087
9026843,zip,TX,,75088,ZIP 75088
9026844,zip,TX,,75089,ZIP 75089
9026845,zip,TX,,75090,ZIP 75090
9026846,zip,TX,,75092,ZIP 75092
9026847,zip,TX,,75093,ZIP 75093
9026848,zip,TX,,75094,ZIP 75094
9026850,zip,TX,,75098,ZIP 75098
9026851,zip,TX,,75099,ZIP 75099
9026853,zip,TX,,75102,ZIP 75102
9026854,zip,TX,,75103,ZIP 75103
9026855,zip,TX,,75104,ZIP 75104
9026856,zip,TX,,75105,ZIP 75105
9026858,zip,TX,,75109,ZIP 75109
9026859,zip,TX,,75110,ZIP 75110
9026860,zip,TX,,75114,ZIP 75114
9026861,zip,TX,,75115,ZIP 75115
9026862,zip,TX,,75116,ZIP 75116
9026863,zip,TX,,75117,ZIP 75117
9026864,zip,TX,,75119,ZIP 75119
9026865,zip,TX,,75124,ZIP 75124
9026866,zip,TX,,75125,ZIP 75125
9026867,zip,TX,,75126,ZIP 75126
9026868,zip,TX,,75127,ZIP 75127
9026869,zip,TX,,75134,ZIP 75134
9026870,zip,TX,,75135,ZIP 75135
9026871,zip,TX,,75137,ZIP 75137
9026872,zip,TX,,75140,ZIP 75140
9026873,zip,TX,,75141,ZIP 75141
9026874,zip,TX,,75142,ZIP 75142
9026875,zip,TX,,75143,ZIP 75143
9026876,zip,TX,,75144,ZIP 75144
9026877,zip,TX,,75146,ZIP 75146
9026878,zip,TX,,75147,ZIP 75147
9026879,zip,TX,,75148,ZIP 75148
9026880,zip,TX,,75149,ZIP 75149
9026881,zip,TX,,75150,ZIP 75150
9026882,zip,TX,,75152,ZIP 75152
9026883,zip,TX,,75153,ZIP 75153
9026884,zip,TX,,75154,ZIP 75154
9026885,zip,TX,,75155,ZIP 75155
9026886,zip,TX,,75156,ZIP 75156
9026887,zip,TX,,75157,ZIP 75157
9026888,zip,TX,,75158,ZIP 75158
9026889,zip,TX,,75159,ZIP 75159
9026890,zip,TX,,75160,ZIP 75160
9026891,zip,TX,,75161,ZIP 75161
9026892,zip,TX,,75163,ZIP 75163
9026893,zip,TX,,75165,ZIP 75165
9026894,zip,TX,,75166,ZIP 75166
9026895,zip,TX,,75167,ZIP 75167
9026896,zip,TX,,75169,ZIP 75169
9026897,zip,TX,,75172,ZIP 75172
9026898,zip,TX,,75173,ZIP 75173
9026899,zip,TX,,75180,ZIP 75180
9026900,zip,TX,,75181,ZIP 75181
9026901,zip,TX,,75182,ZIP 75182
9026902,zip,TX,,75189,ZIP 75189
9026903,zip,TX,,75201,ZIP 75201
9026904,zip,TX,,75202,ZIP 75202
9026905,zip,TX,,75203,ZIP 75203
9026906,zip,TX,,75204,ZIP 75204
9026907,zip,TX,,75205,ZIP 75205
9026908,zip,TX,,75206,ZIP 75206
9026909,zip,TX,,75207,ZIP 75207
9026910,zip,TX,,75208,ZIP 75208
9026911,zip,TX,,75209,ZIP 75209
9026912,zip,TX,,75210,ZIP 75210
9026913,zip,TX,,75211,ZIP 75211
9026914,zip,TX,,75212,ZIP 75212
9026915,zip,TX,,75214,ZIP 75214
9026916,zip,TX,,75215,ZIP 75215
9026917,zip,TX,,75216,ZIP 75216
9026918,zip,TX,,75217,ZIP 75217
9026919,zip,TX,,75218,ZIP 75218
9026920,zip,TX,,75219,ZIP 75219
9026921,zip,TX,,75220,ZIP 75220
9026922,zip,TX,,75223,ZIP 75223
9026923,zip,TX,,75224,ZIP 75224
9026924,zip,TX,,75225,ZIP 75225
9026925,zip,TX,,75226,ZIP 75226
9026926,zip,TX,,75227,ZIP 75227
9026927,zip,TX,,75228,ZIP 75228
9026928,zip,TX,,75229,ZIP 75229
9026929,zip,TX,,75230,ZIP 75230
9026930,zip,TX,,75231,ZIP 75231
9026931,zip,TX,,75232,ZIP 75232
9026932,zip,TX,,75233,ZIP 75233
9026933,zip,TX,,75234,ZIP 75234
9026934,zip,TX,,75235,ZIP 75235
9026935,zip,TX,,75236,ZIP 75236
9026936,zip,TX,,75237,ZIP 75237
9026937,zip,TX,,75238,ZIP 75238
9026938,zip,TX,,75240,ZIP 75240
9026939,zip,TX,,75241,ZIP 75241
9026940,zip,TX,,75242,ZIP 75242
9026941,zip,TX,,75243,ZIP 75243
9026942,zip,TX,,75244,ZIP 75244
9026943,zip,TX,,75246,ZIP 75246
9026944,zip,TX,,75247,ZIP 75247
9026945,zip,TX,,75248,ZIP 75248
9026946,zip,TX,,75249,ZIP 75249
9026947,zip,TX,,75251,ZIP 75251
9026948,zip,TX,,75252,ZIP 75252
9026949,zip,TX,,75253,ZIP 75253
9026950,zip,TX,,75254,ZIP 75254
9026952,zip,TX,,75270,ZIP 75270
9026954,zip,TX,,75287,ZIP 75287
9026955,zip,TX,,75390,ZIP 75390
9026956,zip,TX,,75401,ZIP 75401
9026957,zip,TX,,75402,ZIP 75402
9026958,zip,TX,,75407,ZIP 75407
9026959,zip,TX,,75409,ZIP 75409
9026960,zip,TX,,75410,ZIP 75410
9026961,zip,TX,,75411,ZIP 75411
9026962,zip,TX,,75412,ZIP 75412
9026964,zip,TX,,75414,ZIP 75414
9026965,zip,TX,,75415,ZIP 75415
9026966,zip,TX,,75416,ZIP 75416
9026967,zip,TX,,75417,ZIP 75417
9026968,zip,TX,,75418,ZIP 75418
9026969,zip,TX,,75420,ZIP 75420
9026970,zip,TX,,75421,ZIP 75421
9026971,zip,TX,,75422,ZIP 75422
9026972,zip,TX,,75423,ZIP 75423
9026973,zip,TX,,75424,ZIP 75424
9026974,zip,TX,,75426,ZIP 75426
9026975,zip,TX,,75428,ZIP 75428
9026977,zip,TX,,75431,ZIP 75431
9026978,zip,TX,,75432,ZIP 75432
9026979,zip,TX,,75433,ZIP 75433
9026980,zip,TX,,75435,ZIP 75435
9026981,zip,TX,,75436,ZIP 75436
9026982,zip,TX,,75437,ZIP 75437
9026983,zip,TX,,75438,ZIP 75438
9026984,zip,TX,,75439,ZIP 75439
9026985,zip,TX,,75440,ZIP 75440
9026986,zip,TX,,75441,ZIP 75441
9026987,zip,TX,,75442,ZIP 75442
9026988,zip,TX,,75446,ZIP 75446
9026989,zip,TX,,75447,ZIP 75447
9026990,zip,TX,,75448,ZIP 75448
9026991,zip,TX,,75449,ZIP 75449
9026992,zip,TX,,75450,ZIP 75450
9026993,zip,TX,,75451,ZIP 75451
9026994,zip,TX,,75452,ZIP 75452
9026995,zip,TX,,75453,ZIP 75453
9026996,zip,TX,,75454,ZIP 75454
9026997,zip,TX,,75455,ZIP 75455
9026998,zip,TX,,75457,ZIP 75457
9026999,zip,TX,,75459,ZIP 75459
9027000,zip,TX,,75460,ZIP 75460
9027001,zip,TX,,75462,ZIP 75462
9027002,zip,TX,,75468,ZIP 75468
9027003,zip,TX,,75469,ZIP 75469
9027004,zip,TX,,75470,ZIP 75470
9027005,zip,TX,,75471,ZIP 75471
9027006,zip,TX,,75472,ZIP 75472
9027007,zip,TX,,75473,ZIP 75473
9027008,zip,TX,,75474,ZIP 75474
9027009,zip,TX,,75476,ZIP 75476
9027010,zip,TX,,75477,ZIP 75477
9027011,zip,TX,,75478,ZIP 75478
9027012,zip,TX,,75479,ZIP 75479
9027013,zip,TX,,75480,ZIP 75480
9027014,zip,TX,,75481,ZIP 75481
9027015,zip,TX,,75482,ZIP 75482
9027016,zip,TX,,75486,ZIP 75486
9027017,zip,TX,,75487,ZIP 75487
9027018,zip,TX,,75488,ZIP 75488
9027019,zip,TX,,75489,ZIP 75489
9027020,zip,TX,,75490,ZIP 75490
9027021,zip,TX,,75491,ZIP 75491
9027022,zip,TX,,75492,ZIP 75492
9027023,zip,TX,,75493,ZIP 75493
9027024,zip,TX,,75494,ZIP 75494
9027025,zip,TX,,75495,ZIP 75495
9027026,zip,TX,,75496,ZIP 75496
9027027,zip,TX,,75497,ZIP 75497
9027028,zip,TX,,75501,ZIP 75501
9027029,zip,TX,,75503,ZIP 75503
9027030,zip,TX,,75550,ZIP 75550
9027031,zip,TX,,75551,ZIP 75551
9027032,zip,TX,,75554,ZIP 75554
9027033,zip,TX,,75555,ZIP 75555
9027034,zip,TX,,75556,ZIP 75556
9027035,zip,TX,,75558,ZIP 75558
9027036,zip,TX,,75559,ZIP 75559
9027037,zip,TX,,75560,ZIP 75560
9027038,zip,TX,,75561,ZIP 75561
9027039,zip,TX,,75562,ZIP 75562
9027040,zip,TX,,75563,ZIP 75563
9027042,zip,TX,,75565,ZIP 75565
9027043,zip,TX,,75566,ZIP 75566
9027044,zip,TX,,75567,ZIP 75567
9027045,zip,TX,,75568,ZIP 75568
9027046,zip,TX,,75569,ZIP 75569
9027047,zip,TX,,75570,ZIP 75570
9027048,zip,TX,,75571,ZIP 75571
9027049,zip,TX,,75572,ZIP 75572
9027050,zip,TX,,75574,ZIP 75574
9027051,zip,TX,,75601,ZIP 75601
9027052,zip,TX,,75602,ZIP 75602
9027053,zip,TX,,75603,ZIP 75603
9027054,zip,TX,,75604,ZIP 75604
9027055,zip,TX,,75605,ZIP 75605
9027056,zip,TX,,75630,ZIP 75630
9027057,zip,TX,,75631,ZIP 75631
9027058,zip,TX,,75633,ZIP 75633
9027059,zip,TX,,75638,ZIP 75638
9027060,zip,TX,,75639,ZIP 75639
9027061,zip,TX,,75640,ZIP 75640
9027062,zip,TX,,75643,ZIP 75643
9027063,zip,TX,,75644,ZIP 75644
9027064,zip,TX,,75645,ZIP 75645
9027065,zip,TX,,75647,ZIP 75647
9027066,zip,TX,,75650,ZIP 75650
9027067,zip,TX,,75651,ZIP 75651
9027068,zip,TX,,75652,ZIP 75652
9027069,zip,TX,,75654,ZIP 75654
9027070,zip,TX,,75656,ZIP 75656
9027071,zip,TX,,75657,ZIP 75657
9027072,zip,TX,,75661,ZIP 75661
9027073,zip,TX,,75662,ZIP 75662
9027074,zip,TX,,75667,ZIP 75667
9027075,zip,TX,,75668,ZIP 75668
9027076,zip,TX,,75669,ZIP 75669
9027077,zip,TX,,75670,ZIP 75670
9027078,zip,TX,,75672,ZIP 75672
9027079,zip,TX,,75681,ZIP 75681
9027080,zip,TX,,75683,ZIP 75683
9027081,zip,TX,,75684,ZIP 75684
9027082,zip,TX,,75686,ZIP 75686
9027083,zip,TX,,75691,ZIP 75691
9027084,zip,TX,,75692,ZIP 75692
9027085,zip,TX,,75693,ZIP 75693
9027086,zip,TX,,75701,ZIP 75701
9027087,zip,TX,,75702,ZIP 75702
9027088,zip,TX,,75703,ZIP 75703
9027089,zip,TX,,75704,ZIP 75704
9027090,zip,TX,,75705,ZIP 75705
9027091,zip,TX,,75706,ZIP 75706
9027092,zip,TX,,75707,ZIP 75707
9027093,zip,TX,,75708,ZIP 75708
9027094,zip,TX,,75750,ZIP 75750
9027095,zip,TX,,75751,ZIP 75751
9027096,zip,TX,,75752,ZIP 75752
9027097,zip,TX,,75754,ZIP 75754
9027098,zip,TX,,75755,ZIP 75755
9027099,zip,TX,,75756,ZIP 75756
9027100,zip,TX,,75757,ZIP 75757
9027101,zip,TX,,75760,ZIP 75760
9027102,zip,TX,,75762,ZIP 75762
9027103,zip,TX,,75763,ZIP 75763
9027104,zip,TX,,75765,ZIP 75765
9027105,zip,TX,,75766,ZIP 75766
9027106,zip,TX,,75770,ZIP 75770
9027107,zip,TX,,75771,ZIP 75771
9027109,zip,TX,,75773,ZIP 75773
9027110,zip,TX,,75778,ZIP 75778
9027111,zip,TX,,75779,ZIP 75779
9027113,zip,TX,,75783,ZIP 75783
9027114,zip,TX,,75784,ZIP 75784
9027115,zip,TX,,75785,ZIP 75785
9027116,zip,TX,,75789,ZIP 75789
9027117,zip,TX,,75790,ZIP 75790
9027118,zip,TX,,75791,ZIP 75791
9027119,zip,TX,,75792,ZIP 75792
9027120,zip,TX,,75801,ZIP 75801
9027121,zip,TX,,75803,ZIP 75803
9027122,zip,TX,,75831,ZIP 75831
9027123,zip,TX,,75833,ZIP 75833
9027124,zip,TX,,75835,ZIP 75835
9027125,zip,TX,,75838,ZIP 75838
9027126,zip,TX,,75839,ZIP 75839
9027127,zip,TX,,75840,ZIP 75840
9027128,zip,TX,,75844,ZIP 75844
9027129,zip,TX,,75845,ZIP 75845
9027130,zip,TX,,75846,ZIP 75846
9027131,zip,TX,,75847,ZIP 75847
9027134,zip,TX,,75850,ZIP 75850
9027135,zip,TX,,75851,ZIP 75851
9027136,zip,TX,,75852,ZIP 75852
9027137,zip,TX,,75853,ZIP 75853
9027138,zip,TX,,75855,ZIP 75855
9027139,zip,TX,,75856,ZIP 75856
9027140,zip,TX,,75858,ZIP 75858
9027141,zip,TX,,75859,ZIP 75859
9027142,zip,TX,,75860,ZIP 75860
9027143,zip,TX,,75861,ZIP 75861
9027144,zip,TX,,75862,ZIP 75862
9027145,zip,TX,,75901,ZIP 75901
9027146,zip,TX,,75904,ZIP 75904
9027147,zip,TX,,75925,ZIP 75925
9027148,zip,TX,,75926,ZIP 75926
9027149,zip,TX,,75928,ZIP 75928
9027150,zip,TX,,75929,ZIP 75929
9027151,zip,TX,,75930,ZIP 75930
9027152,zip,TX,,75931,ZIP 75931
9027153,zip,TX,,75932,ZIP 75932
9027154,zip,TX,,75933,ZIP 75933
9027156,zip,TX,,75935,ZIP 75935
9027157,zip,TX,,75936,ZIP 75936
9027158,zip,TX,,75937,ZIP 75937
9027159,zip,TX,,75938,ZIP 75938
9027160,zip,TX,,75939,ZIP 75939
9027161,zip,TX,,75941,ZIP 75941
9027163,zip,TX,,75943,ZIP 75943
9027164,zip,TX,,75944,ZIP 75944
9027165,zip,TX,,75946,ZIP 75946
9027166,zip,TX,,75948,ZIP 75948
9027167,zip,TX,,75949,ZIP 75949
9027168,zip,TX,,75951,ZIP 75951
9027169,zip,TX,,75954,ZIP 75954
9027170,zip,TX,,75956,ZIP 75956
9027171,zip,TX,,75959,ZIP 75959
9027172,zip,TX,,75960,ZIP 75960
9027173,zip,TX,,75961,ZIP 75961
9027175,zip,TX,,75964,ZIP 75964
9027176,zip,TX,,75965,ZIP 75965
9027177,zip,TX,,75966,ZIP 75966
9027178,zip,TX,,75968,ZIP 75968
9027179,zip,TX,,75969,ZIP 75969
9027180,zip,TX,,75972,ZIP 75972
9027181,zip,TX,,75973,ZIP 75973
9027182,zip,TX,,75974,ZIP 75974
9027183,zip,TX,,75975,ZIP 75975
9027184,zip,TX,,75976,ZIP 75976
9027185,zip,TX,,75977,ZIP 75977
9027186,zip,TX,,75979,ZIP 75979
9027187,zip,TX,,75980,ZIP 75980
9027188,zip,TX,,76001,ZIP 76001
9027189,zip,TX,,76002,ZIP 76002
9027191,zip,TX,,76006,ZIP 76006
9027192,zip,TX,,76008,ZIP 76008
9027193,zip,TX,,76009,ZIP 76009
9027194,zip,TX,,76010,ZIP 76010
9027195,zip,TX,,76011,ZIP 76011
9027196,zip,TX,,76012,ZIP 76012
9027197,zip,TX,,76013,ZIP 76013
9027198,zip,TX,,76014,ZIP 76014
9027199,zip,TX,,76015,ZIP 76015
9027200,zip,TX,,76016,ZIP 76016
9027201,zip,TX,,76017,ZIP 76017
9027202,zip,TX,,76018,ZIP 76018
9027204,zip,TX,,76020,ZIP 76020
9027205,zip,TX,,76021,ZIP 76021
9027206,zip,TX,,76022,ZIP 76022
9027207,zip,TX,,76023,ZIP 76023
9027208,zip,TX,,76028,ZIP 76028
9027209,zip,TX,,76031,ZIP 76031
9027210,zip,TX,,76033,ZIP 76033
9027211,zip,TX,,76034,ZIP 76034
9027212,zip,TX,,76035,ZIP 76035
9027213,zip,TX,,76036,ZIP 76036
9027214,zip,TX,,76039,ZIP 76039
9027215,zip,TX,,76040,ZIP 76040
9027216,zip,TX,,76041,ZIP 76041
9027217,zip,TX,,76043,ZIP 76043
9027218,zip,TX,,76044,ZIP 76044
9027219,zip,TX,,76048,ZIP 76048
9027220,zip,TX,,76049,ZIP 76049
9027221,zip,TX,,76050,ZIP 76050
9027222,zip,TX,,76051,ZIP 76051
9027223,zip,TX,,76052,ZIP 76052
9027224,zip,TX,,76053,ZIP 76053
9027225,zip,TX,,76054,ZIP 76054
9027226,zip,TX,,76055,ZIP 76055
9027227,zip,TX,,76058,ZIP 76058
9027228,zip,TX,,76059,ZIP 76059
9027229,zip,TX,,76060,ZIP 76060
9027230,zip,TX,,76063,ZIP 76063
9027231,zip,TX,,76064,ZIP 76064
9027232,zip,TX,,76065,ZIP 76065
9027233,zip,TX,,76066,ZIP 76066
9027234,zip,TX,,76067,ZIP 76067
9027235,zip,TX,,76070,ZIP 76070
9027236,zip,TX,,76071,ZIP 76071
9027237,zip,TX,,76073,ZIP 76073
9027238,zip,TX,,76077,ZIP 76077
9027239,zip,TX,,76078,ZIP 76078
9027240,zip,TX,,76082,ZIP 76082
9027241,zip,TX,,76084,ZIP 76084
9027242,zip,TX,,76085,ZIP 76085
9027243,zip,TX,,76086,ZIP 76086
9027244,zip,TX,,76087,ZIP 76087
9027245,zip,TX,,76088,ZIP 76088
9027246,zip,TX,,76092,ZIP 76092
9027247,zip,TX,,76093,ZIP 76093
9027248,zip,TX,,76102,ZIP 76102
9027249,zip,TX,,76103,ZIP 76103
9027250,zip,TX,,76104,ZIP 76104
9027251,zip,TX,,76105,ZIP 76105
9027252,zip,TX,,76106,ZIP 76106
9027253,zip,TX,,76107,ZIP 76107
9027254,zip,TX,,76108,ZIP 76108
9027255,zip,TX,,76109,ZIP 76109
9027256,zip,TX,,76110,ZIP 76110
9027257,zip,TX,,76111,ZIP 76111
9027258,zip,TX,,76112,ZIP 76112
9027259,zip,TX,,76114,ZIP 76114
9027260,zip,TX,,76115,ZIP 76115
9027261,zip,TX,,76116,ZIP 76116
9027262,zip,TX,,76117,ZIP 76117
9027263,zip,TX,,76118,ZIP 76118
9027264,zip,TX,,76119,ZIP 76119
9027265,zip,TX,,76120,ZIP 76120
9027266,zip,TX,,76123,ZIP 76123
9027268,zip,TX,,76126,ZIP 76126
9027269,zip,TX,,76127,ZIP 76127
9027270,zip,TX,,76129,ZIP 76129
9027271,zip,TX,,76131,ZIP 76131
9027272,zip,TX,,76132,ZIP 76132
9027273,zip,TX,,76133,ZIP 76133
9027274,zip,TX,,76134,ZIP 76134
9027275,zip,TX,,76135,ZIP 76135
9027276,zip,TX,,76137,ZIP 76137
9027277,zip,TX,,76140,ZIP 76140
9027278,zip,TX,,76148,ZIP 76148
9027279,zip,TX,,76155,ZIP 76155
9027281,zip,TX,,76164,ZIP 76164
9027282,zip,TX,,76177,ZIP 76177
9027283,zip,TX,,76179,ZIP 76179
9027284,zip,TX,,76180,ZIP 76180
9027285,zip,TX,,76182,ZIP 76182
9027286,zip,TX,,76201,ZIP 76201
9027289,zip,TX,,76205,ZIP 76205
9027290,zip,TX,,76207,ZIP 76207
9027291,zip,TX,,76208,ZIP 76208
9027292,zip,TX,,76209,ZIP 76209
9027293,zip,TX,,76210,ZIP 76210
9027294,zip,TX,,76225,ZIP 76225
9027295,zip,TX,,76226,ZIP 76226
9027296,zip,TX,,76227,ZIP 76227
9027297,zip,TX,,76228,ZIP 76228
9027298,zip,TX,,76230,ZIP 76230
9027299,zip,TX,,76233,ZIP 76233
9027300,zip,TX,,76234,ZIP 76234
9027301,zip,TX,,76238,ZIP 76238
9027302,zip,TX,,76239,ZIP 76239
9027303,zip,TX,,76240,ZIP 76240
9027304,zip,TX,,76244,ZIP 76244
9027305,zip,TX,,76245,ZIP 76245
9027306,zip,TX,,76247,ZIP 76247
9027307,zip,TX,,76248,ZIP 76248
9027308,zip,TX,,76249,ZIP 76249
9027309,zip,TX,,76250,ZIP 76250
9027310,zip,TX,,76251,ZIP 76251
9027311,zip,TX,,76252,ZIP 76252
9027313,zip,TX,,76255,ZIP 76255
9027314,zip,TX,,76258,ZIP 76258
9027315,zip,TX,,76259,ZIP 76259
9027316,zip,TX,,76261,ZIP 76261
9027317,zip,TX,,76262,ZIP 76262
9027318,zip,TX,,76264,ZIP 76264
9027319,zip,TX,,76265,ZIP 76265
9027320,zip,TX,,76266,ZIP 76266
9027322,zip,TX,,76270,ZIP 76270
9027323,zip,TX,,76271,ZIP 76271
9027324,zip,TX,,76272,ZIP 76272
9027325,zip,TX,,76273,ZIP 76273
9027326,zip,TX,,76301,ZIP 76301
9027327,zip,TX,,76302,ZIP 76302
9027328,zip,TX,,76305,ZIP 76305
9027329,zip,TX,,76306,ZIP 76306
9027330,zip,TX,,76308,ZIP 76308
9027331,zip,TX,,76309,ZIP 76309
9027332,zip,TX,,76310,ZIP 76310
9027333,zip,TX,,76311,ZIP 76311
9027334,zip,TX,,76351,ZIP 76351
9027335,zip,TX,,76354,ZIP 76354
9027336,zip,TX,,76357,ZIP 76357
9027337,zip,TX,,76360,ZIP 76360
9027338,zip,TX,,76363,ZIP 76363
9027339,zip,TX,,76364,ZIP 76364
9027340,zip,TX,,76365,ZIP 76365
9027341,zip,TX,,76366,ZIP 76366
9027342,zip,TX,,76367,ZIP 76367
9027343,zip,TX,,76370,ZIP 76370
9027344,zip,TX,,76371,ZIP 76371
9027345,zip,TX,,76372,ZIP 76372
9027346,zip,TX,,76373,ZIP 76373
9027347,zip,TX,,76374,ZIP 76374
9027348,zip,TX,,76377,ZIP 76377
9027349,zip,TX,,76379,ZIP 76379
9027350,zip,TX,,76380,ZIP 76380
9027351,zip,TX,,76384,ZIP 76384
9027352,zip,TX,,76388,ZIP 76388
9027353,zip,TX,,76389,ZIP 76389
9027354,zip,TX,,76401,ZIP 76401
9027355,zip,TX,,76424,ZIP 76424
9027356,zip,TX,,76426,ZIP 76426
9027357,zip,TX,,76427,ZIP 76427
9027358,zip,TX,,76429,ZIP 76429
9027359,zip,TX,,76430,ZIP 76430
9027360,zip,TX,,76431,ZIP 76431
9027361,zip,TX,,76432,ZIP 76432
9027362,zip,TX,,76433,ZIP 76433
9027363,zip,TX,,76435,ZIP 76435
9027364,zip,TX,,76436,ZIP 76436
9027365,zip,TX,,76437,ZIP 76437
9027366,zip,TX,,76442,ZIP 76442
9027367,zip,TX,,76443,ZIP 76443
9027368,zip,TX,,76444,ZIP 76444
9027369,zip,TX,,76445,ZIP 76445
9027370,zip,TX,,76446,ZIP 76446
9027371,zip,TX,,76448,ZIP 76448
9027372,zip,TX,,76449,ZIP 76449
9027373,zip,TX,,76450,ZIP 76450
9027374,zip,TX,,76452,ZIP 76452
9027375,zip,TX,,76453,ZIP 76453
9027376,zip,TX,,76454,ZIP 76454
9027377,zip,TX,,76455,ZIP 76455
9027378,zip,TX,,76457,ZIP 76457
9027379,zip,TX,,76458,ZIP 76458
9027380,zip,TX,,76459,ZIP 76459
9027381,zip,TX,,76460,ZIP 76460
9027382,zip,TX,,76462,ZIP 76462
9027383,zip,TX,,76463,ZIP 76463
9027384,zip,TX,,76464,ZIP 76464
9027385,zip,TX,,76469,ZIP 76469
9027386,zip,TX,,76470,ZIP 76470
9027387,zip,TX,,76471,ZIP 76471
9027388,zip,TX,,76472,ZIP 76472
9027389,zip,TX,,76474,ZIP 76474
9027390,zip,TX,,76475,ZIP 76475
9027391,zip,TX,,76476,ZIP 76476
9027392,zip,TX,,76481,ZIP 76481
9027393,zip,TX,,76483,ZIP 76483
9027394,zip,TX,,76484,ZIP 76484
9027395,zip,TX,,76486,ZIP 76486
9027396,zip,TX,,76487,ZIP 76487
9027397,zip,TX,,76490,ZIP 76490
9027398,zip,TX,,76491,ZIP 76491
9027399,zip,TX,,76501,ZIP 76501
9027400,zip,TX,,76502,ZIP 76502
9027401,zip,TX,,76504,ZIP 76504
9027402,zip,TX,,76508,ZIP 76508
9027403,zip,TX,,76511,ZIP 76511
9027404,zip,TX,,76513,ZIP 76513
9027405,zip,TX,,76518,ZIP 76518
9027406,zip,TX,,76519,ZIP 76519
9027407,zip,TX,,76520,ZIP 76520
9027408,zip,TX,,76522,ZIP 76522
9027409,zip,TX,,76524,ZIP 76524
9027410,zip,TX,,76525,ZIP 76525
9027411,zip,TX,,76527,ZIP 76527
9027412,zip,TX,,76528,ZIP 76528
9027413,zip,TX,,76530,ZIP 76530
9027414,zip,TX,,76531,ZIP 76531
9027415,zip,TX,,76534,ZIP 76534
9027416,zip,TX,,76537,ZIP 76537
9027417,zip,TX,,76538,ZIP 76538
9027418,zip,TX,,76539,ZIP 76539
9027419,zip,TX,,76541,ZIP 76541
9027420,zip,TX,,76542,ZIP 76542
9027421,zip,TX,,76543,ZIP 76543
9027422,zip,TX,,76544,ZIP 76544
9027423,zip,TX,,76548,ZIP 76548
9027424,zip,TX,,76549,ZIP 76549
9027425,zip,TX,,76550,ZIP 76550
9027426,zip,TX,,76554,ZIP 76554
9027427,zip,TX,,76556,ZIP 76556
9027428,zip,TX,,76557,ZIP 76557
9027429,zip,TX,,76559,ZIP 76559
9027430,zip,TX,,76561,ZIP 76561
9027431,zip,TX,,76565,ZIP 76565
9027432,zip,TX,,76566,ZIP 76566
9027433,zip,TX,,76567,ZIP 76567
9027434,zip,TX,,76569,ZIP 76569
9027435,zip,TX,,76570,ZIP 76570
9027436,zip,TX,,76571,ZIP 76571
9027437,zip,TX,,76574,ZIP 76574
9027438,zip,TX,,76577,ZIP 76577
9027439,zip,TX,,76578,ZIP 76578
9027440,zip,TX,,76579,ZIP 76579
9027441,zip,TX,,76596,ZIP 76596
9027442,zip,TX,,76598,ZIP 76598
9027443,zip,TX,,76621,ZIP 76621
9027444,zip,TX,,76622,ZIP 76622
9027445,zip,TX,,76624,ZIP 76624
9027446,zip,TX,,76626,ZIP 76626
9027447,zip,TX,,76627,ZIP 76627
9027448,zip,TX,,76628,ZIP 76628
9027449,zip,TX,,76629,ZIP 76629
9027450,zip,TX,,76630,ZIP 76630
9027451,zip,TX,,76631,ZIP 76631
9027452,zip,TX,,76632,ZIP 76632
9027453,zip,TX,,76633,ZIP 76633
9027454,zip,TX,,76634,ZIP 76634
9027455,zip,TX,,76635,ZIP 76635
9027456,zip,TX,,76636,ZIP 76636
9027457,zip,TX,,76637,ZIP 76637
9027458,zip,TX,,76638,ZIP 76638
9027459,zip,TX,,76639,ZIP 76639
9027460,zip,TX,,76640,ZIP 76640
9027461,zip,TX,,76641,ZIP 76641
9027462,zip,TX,,76642,ZIP 76642
9027463,zip,TX,,76643,ZIP 76643
9027464,zip,TX,,76645,ZIP 76645
9027465,zip,TX,,76648,ZIP 76648
9027466,zip,TX,,76649,ZIP 76649
9027468,zip,TX,,76651,ZIP 76651
9027469,zip,TX,,76652,ZIP 76652
9027470,zip,TX,,76653,ZIP 76653
9027471,zip,TX,,76655,ZIP 76655
9027472,zip,TX,,76656,ZIP 76656
9027473,zip,TX,,76657,ZIP 76657
9027474,zip,TX,,76660,ZIP 76660
9027475,zip,TX,,76661,ZIP 76661
9027476,zip,TX,,76664,ZIP 76664
9027477,zip,TX,,76665,ZIP 76665
9027478,zip,TX,,76666,ZIP 76666
9027479,zip,TX,,76667,ZIP 76667
9027480,zip,TX,,76670,ZIP 76670
9027481,zip,TX,,76671,ZIP 76671
9027482,zip,TX,,76673,ZIP 76673
9027483,zip,TX,,76676,ZIP 76676
9027484,zip,TX,,76678,ZIP 76678
9027485,zip,TX,,76679,ZIP 76679
9027486,zip,TX,,76680,ZIP 76680
9027487,zip,TX,,76681,ZIP 76681
9027488,zip,TX,,76682,ZIP 76682
9027489,zip,TX,,76685,ZIP 76685
9027491,zip,TX,,76687,ZIP 76687
9027492,zip,TX,,76689,ZIP 76689
9027493,zip,TX,,76690,ZIP 76690
9027494,zip,TX,,76691,ZIP 76691
9027495,zip,TX,,76692,ZIP 76692
9027496,zip,TX,,76693,ZIP 76693
9027497,zip,TX,,76701,ZIP 76701
9027498,zip,TX,,76704,ZIP 76704
9027499,zip,TX,,76705,ZIP 76705
9027500,zip,TX,,76706,ZIP 76706
9027501,zip,TX,,76707,ZIP 76707
9027502,zip,TX,,76708,ZIP 76708
9027503,zip,TX,,76710,ZIP 76710
9027504,zip,TX,,76711,ZIP 76711
9027505,zip,TX,,76712,ZIP 76712
9027506,zip,TX,,76798,ZIP 76798
9027507,zip,TX,,76801,ZIP 76801
9027508,zip,TX,,76802,ZIP 76802
9027509,zip,TX,,76820,ZIP 76820
9027510,zip,TX,,76821,ZIP 76821
9027511,zip,TX,,76823,ZIP 76823
9027512,zip,TX,,76824,ZIP 76824
9027513,zip,TX,,76825,ZIP 76825
9027514,zip,TX,,76827,ZIP 76827
9027515,zip,TX,,76828,ZIP 76828
9027516,zip,TX,,76832,ZIP 76832
9027517,zip,TX,,76834,ZIP 76834
9027518,zip,TX,,76836,ZIP 76836
9027519,zip,TX,,76837,ZIP 76837
9027520,zip,TX,,76841,ZIP 76841
9027521,zip,TX,,76842,ZIP 76842
9027522,zip,TX,,76844,ZIP 76844
9027523,zip,TX,,76845,ZIP 76845
9027524,zip,TX,,76848,ZIP 76848
9027525,zip,TX,,76849,ZIP 76849
9027526,zip,TX,,76852,ZIP 76852
9027527,zip,TX,,76853,ZIP 76853
9027528,zip,TX,,76854,ZIP 76854
9027529,zip,TX,,76856,ZIP 76856
9027530,zip,TX,,76857,ZIP 76857
9027531,zip,TX,,76858,ZIP 76858
9027532,zip,TX,,76859,ZIP 76859
9027533,zip,TX,,76861,ZIP 76861
9027534,zip,TX,,76862,ZIP 76862
9027535,zip,TX,,76864,ZIP 76864
9027536,zip,TX,,76865,ZIP 76865
9027537,zip,TX,,76866,ZIP 76866
9027538,zip,TX,,76869,ZIP 76869
9027539,zip,TX,,76870,ZIP 76870
9027540,zip,TX,,76871,ZIP 76871
9027541,zip,TX,,76872,ZIP 76872
9027542,zip,TX,,76873,ZIP 76873
9027543,zip,TX,,76874,ZIP 76874
9027544,zip,TX,,76875,ZIP 76875
9027545,zip,TX,,76877,ZIP 76877
9027546,zip,TX,,76878,ZIP 76878
9027547,zip,TX,,76882,ZIP 76882
9027548,zip,TX,,76884,ZIP 76884
9027549,zip,TX,,76885,ZIP 76885
9027550,zip,TX,,76887,ZIP 76887
9027551,zip,TX,,76888,ZIP 76888
9027552,zip,TX,,76890,ZIP 76890
9027553,zip,TX,,76901,ZIP 76901
9027555,zip,TX,,76903,ZIP 76903
9027556,zip,TX,,76904,ZIP 76904
9027557,zip,TX,,76905,ZIP 76905
9027558,zip,TX,,76909,ZIP 76909
9027559,zip,TX,,76930,ZIP 76930
9027560,zip,TX,,76932,ZIP 76932
9027561,zip,TX,,76933,ZIP 76933
9027562,zip,TX,,76934,ZIP 76934
9027563,zip,TX,,76935,ZIP 76935
9027564,zip,TX,,76936,ZIP 76936
9027565,zip,TX,,76937,ZIP 76937
9027566,zip,TX,,76940,ZIP 76940
9027567,zip,TX,,76941,ZIP 76941
9027568,zip,TX,,76943,ZIP 76943
9027569,zip,TX,,76945,ZIP 76945
9027570,zip,TX,,76949,ZIP 76949
9027571,zip,TX,,76950,ZIP 76950
9027572,zip,TX,,76951,ZIP 76951
9027573,zip,TX,,76953,ZIP 76953
9027574,zip,TX,,76955,ZIP 76955
9027575,zip,TX,,76957,ZIP 76957
9027576,zip,TX,,76958,ZIP 76958
9027577,zip,TX,,77002,ZIP 77002
9027578,zip,TX,,77003,ZIP 77003
9027579,zip,TX,,77004,ZIP 77004
9027580,zip,TX,,77005,ZIP 77005
9027581,zip,TX,,77006,ZIP 77006
9027582,zip,TX,,77007,ZIP 77007
9027583,zip,TX,,77008,ZIP 77008
9027584,zip,TX,,77009,ZIP 77009
9027585,zip,TX,,77010,ZIP 77010
9027586,zip,TX,,77011,ZIP 77011
9027587,zip,TX,,77012,ZIP 77012
9027588,zip,TX,,77013,ZIP 77013
9027589,zip,TX,,77014,ZIP 77014
9027590,zip,TX,,77015,ZIP 77015
9027591,zip,TX,,77016,ZIP 77016
9027592,zip,TX,,77017,ZIP 77017
9027593,zip,TX,,77018,ZIP 77018
9027594,zip,TX,,77019,ZIP 77019
9027595,zip,TX,,77020,ZIP 77020
9027596,zip,TX,,77021,ZIP 77021
9027597,zip,TX,,77022,ZIP 77022
9027598,zip,TX,,77023,ZIP 77023
9027599,zip,TX,,77024,ZIP 77024
9027600,zip,TX,,77025,ZIP 77025
9027601,zip,TX,,77026,ZIP 77026
9027602,zip,TX,,77027,ZIP 77027
9027603,zip,TX,,77028,ZIP 77028
9027604,zip,TX,,77029,ZIP 77029
9027605,zip,TX,,77030,ZIP 77030
9027606,zip,TX,,77031,ZIP 77031
9027607,zip,TX,,77032,ZIP 77032
9027608,zip,TX,,77033,ZIP 77033
9027609,zip,TX,,77034,ZIP 77034
9027610,zip,TX,,77035,ZIP 77035
9027611,zip,TX,,77036,ZIP 77036
9027612,zip,TX,,77037,ZIP 77037
9027613,zip,TX,,77038,ZIP 77038
9027614,zip,TX,,77039,ZIP 77039
9027615,zip,TX,,77040,ZIP 77040
9027616,zip,TX,,77041,ZIP 77041
9027617,zip,TX,,77042,ZIP 77042
9027618,zip,TX,,77043,ZIP 77043
9027619,zip,TX,,77044,ZIP 77044
9027620,zip,TX,,77045,ZIP 77045
9027622,zip,TX,,77047,ZIP 77047
9027623,zip,TX,,77048,ZIP 77048
9027624,zip,TX,,77049,ZIP 77049
9027625,zip,TX,,77050,ZIP 77050
9027626,zip,TX,,77051,ZIP 77051
9027627,zip,TX,,77053,ZIP 77053
9027628,zip,TX,,77054,ZIP 77054
9027629,zip,TX,,77055,ZIP 77055
9027630,zip,TX,,77056,ZIP 77056
9027631,zip,TX,,77057,ZIP 77057
9027632,zip,TX,,77058,ZIP 77058
9027633,zip,TX,,77059,ZIP 77059
9027634,zip,TX,,77060,ZIP 77060
9027635,zip,TX,,77061,ZIP 77061
9027636,zip,TX,,77062,ZIP 77062
9027637,zip,TX,,77063,ZIP 77063
9027638,zip,TX,,77064,ZIP 77064
9027639,zip,TX,,77065,ZIP 77065
9027640,zip,TX,,77066,ZIP 77066
9027641,zip,TX,,77067,ZIP 77067
9027642,zip,TX,,77068,ZIP 77068
9027643,zip,TX,,77069,ZIP 77069
9027644,zip,TX,,77070,ZIP 77070
9027645,zip,TX,,77071,ZIP 77071
9027646,zip,TX,,77072,ZIP 77072
9027647,zip,TX,,77073,ZIP 77073
9027648,zip,TX,,77074,ZIP 77074
9027649,zip,TX,,77075,ZIP 77075
9027650,zip,TX,,77076,ZIP 77076
9027651,zip,TX,,77077,ZIP 77077
9027652,zip,TX,,77078,ZIP 77078
9027653,zip,TX,,77079,ZIP 77079
9027654,zip,TX,,77080,ZIP 77080
9027655,zip,TX,,77081,ZIP 77081
9027656,zip,TX,,77082,ZIP 77082
9027657,zip,TX,,77083,ZIP 77083
9027658,zip,TX,,77084,ZIP 77084
9027659,zip,TX,,77085,ZIP 77085
9027660,zip,TX,,77086,ZIP 77086
9027661,zip,TX,,77087,ZIP 77087
9027662,zip,TX,,77088,ZIP 77088
9027663,zip,TX,,77089,ZIP 77089
9027664,zip,TX,,77090,ZIP 77090
9027665,zip,TX,,77091,ZIP 77091
9027666,zip,TX,,77092,ZIP 77092
9027667,zip,TX,,77093,ZIP 77093
9027668,zip,TX,,77094,ZIP 77094
9027669,zip,TX,,77095,ZIP 77095
9027670,zip,TX,,77096,ZIP 77096
9027671,zip,TX,,77098,ZIP 77098
9027672,zip,TX,,77099,ZIP 77099
9027674,zip,TX,,77204,ZIP 77204
9027676,zip,TX,,77301,ZIP 77301
9027677,zip,TX,,77302,ZIP 77302
9027678,zip,TX,,77303,ZIP 77303
9027679,zip,TX,,77304,ZIP 77304
9027680,zip,TX,,77306,ZIP 77306
9027681,zip,TX,,77316,ZIP 77316
9027682,zip,TX,,77318,ZIP 77318
9027683,zip,TX,,77320,ZIP 77320
9027684,zip,TX,,77327,ZIP 77327
9027685,zip,TX,,77328,ZIP 77328
9027686,zip,TX,,77331,ZIP 77331
9027687,zip,TX,,77335,ZIP 77335
9027688,zip,TX,,77336,ZIP 77336
9027689,zip,TX,,77338,ZIP 77338
9027690,zip,TX,,77339,ZIP 77339
9027691,zip,TX,,77340,ZIP 77340
9027692,zip,TX,,77345,ZIP 77345
9027693,zip,TX,,77346,ZIP 77346
9027695,zip,TX,,77351,ZIP 77351
9027696,zip,TX,,77354,ZIP 77354
9027697,zip,TX,,77355,ZIP 77355
9027698,zip,TX,,77356,ZIP 77356
9027699,zip,TX,,77357,ZIP 77357
9027700,zip,TX,,77358,ZIP 77358
9027701,zip,TX,,77359,ZIP 77359
9027702,zip,TX,,77360,ZIP 77360
9027703,zip,TX,,77362,ZIP 77362
9027704,zip,TX,,77363,ZIP 77363
9027705,zip,TX,,77364,ZIP 77364
9027706,zip,TX,,77365,ZIP 77365
9027709,zip,TX,,77369,ZIP 77369
9027710,zip,TX,,77371,ZIP 77371
9027711,zip,TX,,77372,ZIP 77372
9027712,zip,TX,,77373,ZIP 77373
9027713,zip,TX,,77374,ZIP 77374
9027714,zip,TX,,77375,ZIP 77375
9027715,zip,TX,,77376,ZIP 77376
9027716,zip,TX,,77377,ZIP 77377
9027717,zip,TX,,77378,ZIP 77378
9027718,zip,TX,,77379,ZIP 77379
9027719,zip,TX,,77380,ZIP 77380
9027720,zip,TX,,77381,ZIP 77381
9027721,zip,TX,,77382,ZIP 77382
9027722,zip,TX,,77384,ZIP 77384
9027723,zip,TX,,77385,ZIP 77385
9027724,zip,TX,,77386,ZIP 77386
9027725,zip,TX,,77388,ZIP 77388
9027726,zip,TX,,77389,ZIP 77389
9027727,zip,TX,,77396,ZIP 77396
9027728,zip,TX,,77399,ZIP 77399
9027729,zip,TX,,77401,ZIP 77401
9027730,zip,TX,,77406,ZIP 77406
9027731,zip,TX,,77407,ZIP 77407
9027733,zip,TX,,77414,ZIP 77414
9027735,zip,TX,,77417,ZIP 77417
9027736,zip,TX,,77418,ZIP 77418
9027737,zip,TX,,77419,ZIP 77419
9027738,zip,TX,,77420,ZIP 77420
9027739,zip,TX,,77422,ZIP 77422
9027740,zip,TX,,77423,ZIP 77423
9027741,zip,TX,,77426,ZIP 77426
9027742,zip,TX,,77428,ZIP 77428
9027743,zip,TX,,77429,ZIP 77429
9027744,zip,TX,,77430,ZIP 77430
9027745,zip,TX,,77432,ZIP 77432
9027746,zip,TX,,77433,ZIP 77433
9027747,zip,TX,,77434,ZIP 77434
9027748,zip,TX,,77435,ZIP 77435
9027749,zip,TX,,77437,ZIP 77437
9027751,zip,TX,,77441,ZIP 77441
9027752,zip,TX,,77442,ZIP 77442
9027753,zip,TX,,77444,ZIP 77444
9027754,zip,TX,,77445,ZIP 77445
9027756,zip,TX,,77447,ZIP 77447
9027758,zip,TX,,77449,ZIP 77449
9027759,zip,TX,,77450,ZIP 77450
9027760,zip,TX,,77451,ZIP 77451
9027761,zip,TX,,77454,ZIP 77454
9027762,zip,TX,,77455,ZIP 77455
9027763,zip,TX,,77456,ZIP 77456
9027764,zip,TX,,77457,ZIP 77457
9027765,zip,TX,,77458,ZIP 77458
9027766,zip,TX,,77459,ZIP 77459
9027768,zip,TX,,77461,ZIP 77461
9027770,zip,TX,,77465,ZIP 77465
9027771,zip,TX,,77466,ZIP 77466
9027772,zip,TX,,77467,ZIP 77467
9027773,zip,TX,,77468,ZIP 77468
9027774,zip,TX,,77469,ZIP 77469
9027775,zip,TX,,77470,ZIP 77470
9027776,zip,TX,,77471,ZIP 77471
9027777,zip,TX,,77474,ZIP 77474
9027780,zip,TX,,77477,ZIP 77477
9027781,zip,TX,,77478,ZIP 77478
9027782,zip,TX,,77479,ZIP 77479
9027783,zip,TX,,77480,ZIP 77480
9027784,zip,TX,,77482,ZIP 77482
9027785,zip,TX,,77483,ZIP 77483
9027786,zip,TX,,77484,ZIP 77484
9027787,zip,TX,,77485,ZIP 77485
9027788,zip,TX,,77486,ZIP 77486
9027789,zip,TX,,77488,ZIP 77488
9027790,zip,TX,,77489,ZIP 77489
9027791,zip,TX,,77493,ZIP 77493
9027792,zip,TX,,77494,ZIP 77494
9027793,zip,TX,,77498,ZIP 77498
9027794,zip,TX,,77502,ZIP 77502
9027795,zip,TX,,77503,ZIP 77503
9027796,zip,TX,,77504,ZIP 77504
9027797,zip,TX,,77505,ZIP 77505
9027798,zip,TX,,77506,ZIP 77506
9027799,zip,TX,,77507,ZIP 77507
9027800,zip,TX,,77510,ZIP 77510
9027801,zip,TX,,77511,ZIP 77511
9027802,zip,TX,,77514,ZIP 77514
9027803,zip,TX,,77515,ZIP 77515
9027804,zip,TX,,77517,ZIP 77517
9027805,zip,TX,,77518,ZIP 77518
9027806,zip,TX,,77519,ZIP 77519
9027807,zip,TX,,77520,ZIP 77520
9027808,zip,TX,,77521,ZIP 77521
9027809,zip,TX,,77523,ZIP 77523
9027810,zip,TX,,77530,ZIP 77530
9027811,zip,TX,,77531,ZIP 77531
9027812,zip,TX,,77532,ZIP 77532
9027813,zip,TX,,77533,ZIP 77533
9027814,zip,TX,,77534,ZIP 77534
9027815,zip,TX,,77535,ZIP 77535
9027816,zip,TX,,77536,ZIP 77536
9027817,zip,TX,,77538,ZIP 77538
9027818,zip,TX,,77539,ZIP 77539
9027819,zip,TX,,77541,ZIP 77541
9027820,zip,TX,,77545,ZIP 77545
9027821,zip,TX,,77546,ZIP 77546
9027822,zip,TX,,77547,ZIP 77547
9027823,zip,TX,,77550,ZIP 77550
9027824,zip,TX,,77551,ZIP 77551
9027827,zip,TX,,77554,ZIP 77554
9027828,zip,TX,,77555,ZIP 77555
9027829,zip,TX,,77560,ZIP 77560
9027830,zip,TX,,77562,ZIP 77562
9027831,zip,TX,,77563,ZIP 77563
9027832,zip,TX,,77564,ZIP 77564
9027833,zip,TX,,77565,ZIP 77565
9027834,zip,TX,,77566,ZIP 77566
9027835,zip,TX,,77568,ZIP 77568
9027836,zip,TX,,77571,ZIP 77571
9027837,zip,TX,,77573,ZIP 77573
9027838,zip,TX,,77575,ZIP 77575
9027839,zip,TX,,77577,ZIP 77577
9027840,zip,TX,,77578,ZIP 77578
9027842,zip,TX,,77581,ZIP 77581
9027844,zip,TX,,77583,ZIP 77583
9027845,zip,TX,,77584,ZIP 77584
9027846,zip,TX,,77585,ZIP 77585
9027847,zip,TX,,77586,ZIP 77586
9027848,zip,TX,,77587,ZIP 77587
9027849,zip,TX,,77590,ZIP 77590
9027850,zip,TX,,77591,ZIP 77591
9027851,zip,TX,,77597,ZIP 77597
9027852,zip,TX,,77598,ZIP 77598
9027853,zip,TX,,77611,ZIP 77611
9027854,zip,TX,,77612,ZIP 77612
9027855,zip,TX,,77613,ZIP 77613
9027856,zip,TX,,77614,ZIP 77614
9027857,zip,TX,,77615,ZIP 77615
9027858,zip,TX,,77616,ZIP 77616
9027859,zip,TX,,77617,ZIP 77617
9027860,zip,TX,,77619,ZIP 77619
9027861,zip,TX,,77622,ZIP 77622
9027862,zip,TX,,77623,ZIP 77623
9027863,zip,TX,,77624,ZIP 77624
9027864,zip,TX,,77625,ZIP 77625
9027865,zip,TX,,77627,ZIP 77627
9027866,zip,TX,,77629,ZIP 77629
9027867,zip,TX,,77630,ZIP 77630
9027868,zip,TX,,77632,ZIP 77632
9027869,zip,TX,,77640,ZIP 77640
9027870,zip,TX,,77642,ZIP 77642
9027871,zip,TX,,77650,ZIP 77650
9027872,zip,TX,,77651,ZIP 77651
9027873,zip,TX,,77655,ZIP 77655
9027874,zip,TX,,77656,ZIP 77656
9027875,zip,TX,,77657,ZIP 77657
9027876,zip,TX,,77659,ZIP 77659
9027877,zip,TX,,77660,ZIP 77660
9027878,zip,TX,,77662,ZIP 77662
9027880,zip,TX,,77664,ZIP 77664
9027881,zip,TX,,77665,ZIP 77665
9027882,zip,TX,,77701,ZIP 77701
9027883,zip,TX,,77702,ZIP 77702
9027884,zip,TX,,77703,ZIP 77703
9027885,zip,TX,,77705,ZIP 77705
9027886,zip,TX,,77706,ZIP 77706
9027887,zip,TX,,77707,ZIP 77707
9027888,zip,TX,,77708,ZIP 77708
9027889,zip,TX,,77713,ZIP 77713
9027890,zip,TX,,77801,ZIP 77801
9027891,zip,TX,,77802,ZIP 77802
9027892,zip,TX,,77803,ZIP 77803
9027894,zip,TX,,77807,ZIP 77807
9027895,zip,TX,,77808,ZIP 77808
9027896,zip,TX,,77830,ZIP 77830
9027897,zip,TX,,77831,ZIP 77831
9027898,zip,TX,,77833,ZIP 77833
9027899,zip,TX,,77835,ZIP 77835
9027900,zip,TX,,77836,ZIP 77836
9027901,zip,TX,,77837,ZIP 77837
9027902,zip,TX,,77840,ZIP 77840
9027905,zip,TX,,77844,ZIP 77844
9027906,zip,TX,,77845,ZIP 77845
9027907,zip,TX,,77853,ZIP 77853
9027908,zip,TX,,77856,ZIP 77856
9027909,zip,TX,,77857,ZIP 77857
9027910,zip,TX,,77859,ZIP 77859
9027911,zip,TX,,77861,ZIP 77861
9027912,zip,TX,,77864,ZIP 77864
9027913,zip,TX,,77865,ZIP 77865
9027914,zip,TX,,77866,ZIP 77866
9027915,zip,TX,,77867,ZIP 77867
9027916,zip,TX,,77868,ZIP 77868
9027917,zip,TX,,77871,ZIP 77871
9027918,zip,TX,,77872,ZIP 77872
9027919,zip,TX,,77873,ZIP 77873
9027921,zip,TX,,77879,ZIP 77879
9027922,zip,TX,,77880,ZIP 77880
9027924,zip,TX,,77901,ZIP 77901
9027925,zip,TX,,77904,ZIP 77904
9027926,zip,TX,,77905,ZIP 77905
9027927,zip,TX,,77950,ZIP 77950
9027928,zip,TX,,77951,ZIP 77951
9027929,zip,TX,,77954,ZIP 77954
9027930,zip,TX,,77957,ZIP 77957
9027932,zip,TX,,77962,ZIP 77962
9027933,zip,TX,,77963,ZIP 77963
9027934,zip,TX,,77964,ZIP 77964
9027935,zip,TX,,77968,ZIP 77968
9027936,zip,TX,,77969,ZIP 77969
9027937,zip,TX,,77970,ZIP 77970
9027938,zip,TX,,77971,ZIP 77971
9027939,zip,TX,,77973,ZIP 77973
9027940,zip,TX,,77974,ZIP 77974
9027941,zip,TX,,77975,ZIP 77975
9027942,zip,TX,,77977,ZIP 77977
9027943,zip,TX,,77978,ZIP 77978
9027944,zip,TX,,77979,ZIP 77979
9027945,zip,TX,,77982,ZIP 77982
9027946,zip,TX,,77983,ZIP 77983
9027947,zip,TX,,77984,ZIP 77984
9027949,zip,TX,,77990,ZIP 77990
9027950,zip,TX,,77991,ZIP 77991
9027951,zip,TX,,77994,ZIP 77994
9027952,zip,TX,,77995,ZIP 77995
9027953,zip,TX,,78001,ZIP 78001
9027954,zip,TX,,78002,ZIP 78002
9027955,zip,TX,,78003,ZIP 78003
9027956,zip,TX,,78004,ZIP 78004
9027957,zip,TX,,78005,ZIP 78005
9027958,zip,TX,,78006,ZIP 78006
9027959,zip,TX,,78007,ZIP 78007
9027960,zip,TX,,78008,ZIP 78008
9027961,zip,TX,,78009,ZIP 78009
9027962,zip,TX,,78010,ZIP 78010
9027963,zip,TX,,78011,ZIP 78011
9027964,zip,TX,,78012,ZIP 78012
9027965,zip,TX,,78013,ZIP 78013
9027966,zip,TX,,78014,ZIP 78014
9027967,zip,TX,,78015,ZIP 78015
9027968,zip,TX,,78016,ZIP 78016
9027969,zip,TX,,78017,ZIP 78017
9027970,zip,TX,,78019,ZIP 78019
9027971,zip,TX,,78021,ZIP 78021
9027972,zip,TX,,78022,ZIP 78022
9027973,zip,TX,,78023,ZIP 78023
9027974,zip,TX,,78024,ZIP 78024
9027975,zip,TX,,78025,ZIP 78025
9027976,zip,TX,,78026,ZIP 78026
9027977,zip,TX,,78027,ZIP 78027
9027978,zip,TX,,78028,ZIP 78028
9027979,zip,TX,,78039,ZIP 78039
9027980,zip,TX,,78040,ZIP 78040
9027981,zip,TX,,78041,ZIP 78041
9027982,zip,TX,,78043,ZIP 78043
9027983,zip,TX,,78045,ZIP 78045
9027984,zip,TX,,78046,ZIP 78046
9027985,zip,TX,,78052,ZIP 78052
9027986,zip,TX,,78055,ZIP 78055
9027987,zip,TX,,78056,ZIP 78056
9027988,zip,TX,,78057,ZIP 78057
9027989,zip,TX,,78058,ZIP 78058
9027990,zip,TX,,78059,ZIP 78059
9027991,zip,TX,,78061,ZIP 78061
9027992,zip,TX,,78063,ZIP 78063
9027993,zip,TX,,78064,ZIP 78064
9027994,zip,TX,,78065,ZIP 78065
9027995,zip,TX,,78066,ZIP 78066
9027996,zip,TX,,78067,ZIP 78067
9027997,zip,TX,,78069,ZIP 78069
9027998,zip,TX,,78070,ZIP 78070
9027999,zip,TX,,78071,ZIP 78071
9028000,zip,TX,,78072,ZIP 78072
9028001,zip,TX,,78073,ZIP 78073
9028003,zip,TX,,78075,ZIP 78075
9028004,zip,TX,,78076,ZIP 78076
9028005,zip,TX,,78101,ZIP 78101
9028006,zip,TX,,78102,ZIP 78102
9028008,zip,TX,,78108,ZIP 78108
9028009,zip,TX,,78109,ZIP 78109
9028010,zip,TX,,78112,ZIP 78112
9028011,zip,TX,,78113,ZIP 78113
9028012,zip,TX,,78114,ZIP 78114
9028013,zip,TX,,78116,ZIP 78116
9028014,zip,TX,,78117,ZIP 78117
9028015,zip,TX,,78118,ZIP 78118
9028016,zip,TX,,78119,ZIP 78119
9028017,zip,TX,,78121,ZIP 78121
9028018,zip,TX,,78122,ZIP 78122
9028019,zip,TX,,78123,ZIP 78123
9028020,zip,TX,,78124,ZIP 78124
9028021,zip,TX,,78125,ZIP 78125
9028022,zip,TX,,78130,ZIP 78130
9028023,zip,TX,,78132,ZIP 78132
9028024,zip,TX,,78133,ZIP 78133
9028025,zip,TX,,78140,ZIP 78140
9028026,zip,TX,,78141,ZIP 78141
9028027,zip,TX,,78142,ZIP 78142
9028030,zip,TX,,78146,ZIP 78146
9028031,zip,TX,,78148,ZIP 78148
9028032,zip,TX,,78150,ZIP 78150
9028033,zip,TX,,78151,ZIP 78151
9028034,zip,TX,,78152,ZIP 78152
9028035,zip,TX,,78154,ZIP 78154
9028036,zip,TX,,78155,ZIP 78155
9028037,zip,TX,,78159,ZIP 78159
9028038,zip,TX,,78160,ZIP 78160
9028039,zip,TX,,78161,ZIP 78161
9028040,zip,TX,,78163,ZIP 78163
9028041,zip,TX,,78164,ZIP 78164
9028042,zip,TX,,78201,ZIP 78201
9028043,zip,TX,,78202,ZIP 78202
9028044,zip,TX,,78203,ZIP 78203
9028045,zip,TX,,78204,ZIP 78204
9028046,zip,TX,,78205,ZIP 78205
9028047,zip,TX,,78206,ZIP 78206
9028048,zip,TX,,78207,ZIP 78207
9028049,zip,TX,,78208,ZIP 78208
9028050,zip,TX,,78209,ZIP 78209
9028051,zip,TX,,78210,ZIP 78210
9028052,zip,TX,,78211,ZIP 78211
9028053,zip,TX,,78212,ZIP 78212
9028054,zip,TX,,78213,ZIP 78213
9028055,zip,TX,,78214,ZIP 78214
9028056,zip,TX,,78215,ZIP 78215
9028057,zip,TX,,78216,ZIP 78216
9028058,zip,TX,,78217,ZIP 78217
9028059,zip,TX,,78218,ZIP 78218
9028060,zip,TX,,78219,ZIP 78219
9028061,zip,TX,,78220,ZIP 78220
9028062,zip,TX,,78221,ZIP 78221
9028063,zip,TX,,78222,ZIP 78222
9028064,zip,TX,,78223,ZIP 78223
9028065,zip,TX,,78224,ZIP 78224
9028066,zip,TX,,78225,ZIP 78225
9028067,zip,TX,,78226,ZIP 78226
9028068,zip,TX,,78227,ZIP 78227
9028069,zip,TX,,78228,ZIP 78228
9028070,zip,TX,,78229,ZIP 78229
9028071,zip,TX,,78230,ZIP 78230
9028072,zip,TX,,78231,ZIP 78231
9028073,zip,TX,,78232,ZIP 78232
9028074,zip,TX,,78233,ZIP 78233
9028075,zip,TX,,78234,ZIP 78234
9028076,zip,TX,,78235,ZIP 78235
9028077,zip,TX,,78236,ZIP 78236
9028078,zip,TX,,78237,ZIP 78237
9028079,zip,TX,,78238,ZIP 78238
9028080,zip,TX,,78239,ZIP 78239
9028081,zip,TX,,78240,ZIP 78240
9028082,zip,TX,,78242,ZIP 78242
9028083,zip,TX,,78243,ZIP 78243
9028084,zip,TX,,78244,ZIP 78244
9028085,zip,TX,,78245,ZIP 78245
9028086,zip,TX,,78247,ZIP 78247
9028087,zip,TX,,78248,ZIP 78248
9028088,zip,TX,,78249,ZIP 78249
9028089,zip,TX,,78250,ZIP 78250
9028090,zip,TX,,78251,ZIP 78251
9028091,zip,TX,,78252,ZIP 78252
9028092,zip,TX,,78253,ZIP 78253
9028093,zip,TX,,78254,ZIP 78254
9028094,zip,TX,,78255,ZIP 78255
9028095,zip,TX,,78256,ZIP 78256
9028096,zip,TX,,78257,ZIP 78257
9028097,zip,TX,,78258,ZIP 78258
9028098,zip,TX,,78259,ZIP 78259
9028099,zip,TX,,78260,ZIP 78260
9028100,zip,TX,,78261,ZIP 78261
9028101,zip,TX,,78263,ZIP 78263
9028102,zip,TX,,78264,ZIP 78264
9028103,zip,TX,,78266,ZIP 78266
9028104,zip,TX,,78284,ZIP 78284
9028105,zip,TX,,78288,ZIP 78288
9028106,zip,TX,,78330,ZIP 78330
9028107,zip,TX,,78332,ZIP 78332
9028108,zip,TX,,78336,ZIP 78336
9028109,zip,TX,,78339,ZIP 78339
9028110,zip,TX,,78340,ZIP 78340
9028111,zip,TX,,78341,ZIP 78341
9028112,zip,TX,,78343,ZIP 78343
9028113,zip,TX,,78344,ZIP 78344
9028115,zip,TX,,78349,ZIP 78349
9028116,zip,TX,,78351,ZIP 78351
9028117,zip,TX,,78353,ZIP 78353
9028118,zip,TX,,78355,ZIP 78355
9028119,zip,TX,,78357,ZIP 78357
9028121,zip,TX,,78359,ZIP 78359
9028122,zip,TX,,78361,ZIP 78361
9028123,zip,TX,,78362,ZIP 78362
9028124,zip,TX,,78363,ZIP 78363
9028126,zip,TX,,78368,ZIP 78368
9028127,zip,TX,,78369,ZIP 78369
9028128,zip,TX,,78370,ZIP 78370
9028129,zip,TX,,78371,ZIP 78371
9028130,zip,TX,,78372,ZIP 78372
9028131,zip,TX,,78373,ZIP 78373
9028132,zip,TX,,78374,ZIP 78374
9028133,zip,TX,,78375,ZIP 78375
9028134,zip,TX,,78376,ZIP 78376
9028135,zip,TX,,78377,ZIP 78377
9028136,zip,TX,,78379,ZIP 78379
9028137,zip,TX,,78380,ZIP 78380
9028138,zip,TX,,78382,ZIP 78382
9028139,zip,TX,,78383,ZIP 78383
9028140,zip,TX,,78384,ZIP 78384
9028141,zip,TX,,78385,ZIP 78385
9028142,zip,TX,,78387,ZIP 78387
9028143,zip,TX,,78389,ZIP 78389
9028144,zip,TX,,78390,ZIP 78390
9028145,zip,TX,,78391,ZIP 78391
9028146,zip,TX,,78393,ZIP 78393
9028147,zip,TX,,78401,ZIP 78401
9028148,zip,TX,,78402,ZIP 78402
9028149,zip,TX,,78404,ZIP 78404
9028150,zip,TX,,78405,ZIP 78405
9028151,zip,TX,,78406,ZIP 78406
9028152,zip,TX,,78407,ZIP 78407
9028153,zip,TX,,78408,ZIP 78408
9028154,zip,TX,,78409,ZIP 78409
9028155,zip,TX,,78410,ZIP 78410
9028156,zip,TX,,78411,ZIP 78411
9028157,zip,TX,,78412,ZIP 78412
9028158,zip,TX,,78413,ZIP 78413
9028159,zip,TX,,78414,ZIP 78414
9028160,zip,TX,,78415,ZIP 78415
9028161,zip,TX,,78416,ZIP 78416
9028162,zip,TX,,78417,ZIP 78417
9028163,zip,TX,,78418,ZIP 78418
9028165,zip,TX,,78501,ZIP 78501
9028166,zip,TX,,78503,ZIP 78503
9028167,zip,TX,,78504,ZIP 78504
9028168,zip,TX,,78516,ZIP 78516
9028169,zip,TX,,78520,ZIP 78520
9028170,zip,TX,,78521,ZIP 78521
9028171,zip,TX,,78526,ZIP 78526
9028172,zip,TX,,78537,ZIP 78537
9028173,zip,TX,,78538,ZIP 78538
9028174,zip,TX,,78539,ZIP 78539
9028175,zip,TX,,78541,ZIP 78541
9028176,zip,TX,,78542,ZIP 78542
9028177,zip,TX,,78543,ZIP 78543
9028178,zip,TX,,78548,ZIP 78548
9028179,zip,TX,,78549,ZIP 78549
9028180,zip,TX,,78550,ZIP 78550
9028181,zip,TX,,78552,ZIP 78552
9028182,zip,TX,,78557,ZIP 78557
9028184,zip,TX,,78559,ZIP 78559
9028185,zip,TX,,78560,ZIP 78560
9028187,zip,TX,,78562,ZIP 78562
9028188,zip,TX,,78563,ZIP 78563
9028189,zip,TX,,78564,ZIP 78564
9028190,zip,TX,,78565,ZIP 78565
9028191,zip,TX,,78566,ZIP 78566
9028192,zip,TX,,78569,ZIP 78569
9028193,zip,TX,,78570,ZIP 78570
9028194,zip,TX,,78572,ZIP 78572
9028195,zip,TX,,78573,ZIP 78573
9028196,zip,TX,,78574,ZIP 78574
9028197,zip,TX,,78575,ZIP 78575
9028198,zip,TX,,78576,ZIP 78576
9028199,zip,TX,,78577,ZIP 78577
9028200,zip,TX,,78578,ZIP 78578
9028201,zip,TX,,78580,ZIP 78580
9028202,zip,TX,,78582,ZIP 78582
9028203,zip,TX,,78583,ZIP 78583
9028204,zip,TX,,78584,ZIP 78584
9028205,zip,TX,,78586,ZIP 78586
9028206,zip,TX,,78588,ZIP 78588
9028207,zip,TX,,78589,ZIP 78589
9028209,zip,TX,,78591,ZIP 78591
9028211,zip,TX,,78593,ZIP 78593
9028213,zip,TX,,78595,ZIP 78595
9028214,zip,TX,,78596,ZIP 78596
9028215,zip,TX,,78597,ZIP 78597
9028216,zip,TX,,78598,ZIP 78598
9028217,zip,TX,,78602,ZIP 78602
9028218,zip,TX,,78605,ZIP 78605
9028219,zip,TX,,78606,ZIP 78606
9028220,zip,TX,,78607,ZIP 78607
9028221,zip,TX,,78608,ZIP 78608
9028222,zip,TX,,78609,ZIP 78609
9028223,zip,TX,,78610,ZIP 78610
9028224,zip,TX,,78611,ZIP 78611
9028225,zip,TX,,78612,ZIP 78612
9028226,zip,TX,,78613,ZIP 78613
9028227,zip,TX,,78614,ZIP 78614
9028228,zip,TX,,78615,ZIP 78615
9028229,zip,TX,,78616,ZIP 78616
9028230,zip,TX,,78617,ZIP 78617
9028231,zip,TX,,78618,ZIP 78618
9028232,zip,TX,,78619,ZIP 78619
9028233,zip,TX,,78620,ZIP 78620
9028234,zip,TX,,78621,ZIP 78621
9028235,zip,TX,,78623,ZIP 78623
9028236,zip,TX,,78624,ZIP 78624
9028237,zip,TX,,78626,ZIP 78626
9028239,zip,TX,,78628,ZIP 78628
9028240,zip,TX,,78629,ZIP 78629
9028241,zip,TX,,78631,ZIP 78631
9028242,zip,TX,,78632,ZIP 78632
9028243,zip,TX,,78633,ZIP 78633
9028244,zip,TX,,78634,ZIP 78634
9028245,zip,TX,,78636,ZIP 78636
9028246,zip,TX,,78638,ZIP 78638
9028247,zip,TX,,78639,ZIP 78639
9028248,zip,TX,,78640,ZIP 78640
9028249,zip,TX,,78641,ZIP 78641
9028250,zip,TX,,78642,ZIP 78642
9028251,zip,TX,,78643,ZIP 78643
9028252,zip,TX,,78644,ZIP 78644
9028253,zip,TX,,78645,ZIP 78645
9028254,zip,TX,,78648,ZIP 78648
9028255,zip,TX,,78650,ZIP 78650
9028256,zip,TX,,78652,ZIP 78652
9028257,zip,TX,,78653,ZIP 78653
9028258,zip,TX,,78654,ZIP 78654
9028259,zip,TX,,78655,ZIP 78655
9028260,zip,TX,,78656,ZIP 78656
9028261,zip,TX,,78657,ZIP 78657
9028262,zip,TX,,78659,ZIP 78659
9028263,zip,TX,,78660,ZIP 78660
9028265,zip,TX,,78662,ZIP 78662
9028266,zip,TX,,78663,ZIP 78663
9028267,zip,TX,,78664,ZIP 78664
9028268,zip,TX,,78665,ZIP 78665
9028269,zip,TX,,78666,ZIP 78666
9028270,zip,TX,,78669,ZIP 78669
9028271,zip,TX,,78671,ZIP 78671
9028272,zip,TX,,78672,ZIP 78672
9028273,zip,TX,,78675,ZIP 78675
9028274,zip,TX,,78676,ZIP 78676
9028275,zip,TX,,78681,ZIP 78681
9028276,zip,TX,,78701,ZIP 78701
9028277,zip,TX,,78702,ZIP 78702
9028278,zip,TX,,78703,ZIP 78703
9028279,zip,TX,,78704,ZIP 78704
9028280,zip,TX,,78705,ZIP 78705
9028281,zip,TX,,78710,ZIP 78710
9028283,zip,TX,,78712,ZIP 78712
9028284,zip,TX,,78717,ZIP 78717
9028285,zip,TX,,78719,ZIP 78719
9028287,zip,TX,,78721,ZIP 78721
9028288,zip,TX,,78722,ZIP 78722
9028289,zip,TX,,78723,ZIP 78723
9028290,zip,TX,,78724,ZIP 78724
9028291,zip,TX,,78725,ZIP 78725
9028292,zip,TX,,78726,ZIP 78726
9028293,zip,TX,,78727,ZIP 78727
9028294,zip,TX,,78728,ZIP 78728
9028295,zip,TX,,78729,ZIP 78729
9028296,zip,TX,,78730,ZIP 78730
9028297,zip,TX,,78731,ZIP 78731
9028298,zip,TX,,78732,ZIP 78732
9028299,zip,TX,,78733,ZIP 78733
9028300,zip,TX,,78734,ZIP 78734
9028301,zip,TX,,78735,ZIP 78735
9028302,zip,TX,,78736,ZIP 78736
9028303,zip,TX,,78737,ZIP 78737
9028304,zip,TX,,78738,ZIP 78738
9028305,zip,TX,,78739,ZIP 78739
9028306,zip,TX,,78741,ZIP 78741
9028307,zip,TX,,78742,ZIP 78742
9028308,zip,TX,,78744,ZIP 78744
9028309,zip,TX,,78745,ZIP 78745
9028310,zip,TX,,78746,ZIP 78746
9028311,zip,TX,,78747,ZIP 78747
9028312,zip,TX,,78748,ZIP 78748
9028313,zip,TX,,78749,ZIP 78749
9028314,zip,TX,,78750,ZIP 78750
9028315,zip,TX,,78751,ZIP 78751
9028316,zip,TX,,78752,ZIP 78752
9028317,zip,TX,,78753,ZIP 78753
9028318,zip,TX,,78754,ZIP 78754
9028319,zip,TX,,78756,ZIP 78756
9028320,zip,TX,,78757,ZIP 78757
9028321,zip,TX,,78758,ZIP 78758
9028322,zip,TX,,78759,ZIP 78759
9028325,zip,TX,,78801,ZIP 78801
9028326,zip,TX,,78827,ZIP 78827
9028327,zip,TX,,78828,ZIP 78828
9028328,zip,TX,,78829,ZIP 78829
9028329,zip,TX,,78830,ZIP 78830
9028330,zip,TX,,78832,ZIP 78832
9028331,zip,TX,,78833,ZIP 78833
9028332,zip,TX,,78834,ZIP 78834
9028333,zip,TX,,78836,ZIP 78836
9028334,zip,TX,,78837,ZIP 78837
9028335,zip,TX,,78838,ZIP 78838
9028336,zip,TX,,78839,ZIP 78839
9028337,zip,TX,,78840,ZIP 78840
9028338,zip,TX,,78843,ZIP 78843
9028339,zip,TX,,78850,ZIP 78850
9028340,zip,TX,,78851,ZIP 78851
9028341,zip,TX,,78852,ZIP 78852
9028342,zip,TX,,78860,ZIP 78860
9028343,zip,TX,,78861,ZIP 78861
9028344,zip,TX,,78870,ZIP 78870
9028345,zip,TX,,78871,ZIP 78871
9028346,zip,TX,,78872,ZIP 78872
9028347,zip,TX,,78873,ZIP 78873
9028348,zip,TX,,78877,ZIP 78877
9028349,zip,TX,,78879,ZIP 78879
9028350,zip,TX,,78880,ZIP 78880
9028351,zip,TX,,78881,ZIP 78881
9028352,zip,TX,,78883,ZIP 78883
9028353,zip,TX,,78884,ZIP 78884
9028354,zip,TX,,78885,ZIP 78885
9028355,zip,TX,,78886,ZIP 78886
9028356,zip,TX,,78931,ZIP 78931
9028357,zip,TX,,78932,ZIP 78932
9028358,zip,TX,,78933,ZIP 78933
9028359,zip,TX,,78934,ZIP 78934
9028360,zip,TX,,78935,ZIP 78935
9028361,zip,TX,,78938,ZIP 78938
9028362,zip,TX,,78940,ZIP 78940
9028363,zip,TX,,78941,ZIP 78941
9028364,zip,TX,,78942,ZIP 78942
9028365,zip,TX,,78943,ZIP 78943
9028366,zip,TX,,78944,ZIP 78944
9028367,zip,TX,,78945,ZIP 78945
9028368,zip,TX,,78946,ZIP 78946
9028369,zip,TX,,78947,ZIP 78947
9028370,zip,TX,,78948,ZIP 78948
9028371,zip,TX,,78949,ZIP 78949
9028372,zip,TX,,78950,ZIP 78950
9028373,zip,TX,,78953,ZIP 78953
9028374,zip,TX,,78954,ZIP 78954
9028375,zip,TX,,78956,ZIP 78956
9028376,zip,TX,,78957,ZIP 78957
9028377,zip,TX,,78959,ZIP 78959
9028379,zip,TX,,78962,ZIP 78962
9028380,zip,TX,,78963,ZIP 78963
9028381,zip,TX,,79001,ZIP 79001
9028382,zip,TX,,79003,ZIP 79003
9028383,zip,TX,,79005,ZIP 79005
9028384,zip,TX,,79007,ZIP 79007
9028386,zip,TX,,79009,ZIP 79009
9028387,zip,TX,,79010,ZIP 79010
9028388,zip,TX,,79011,ZIP 79011
9028389,zip,TX,,79012,ZIP 79012
9028390,zip,TX,,79013,ZIP 79013
9028391,zip,TX,,79014,ZIP 79014
9028392,zip,TX,,79015,ZIP 79015
9028393,zip,TX,,79016,ZIP 79016
9028394,zip,TX,,79018,ZIP 79018
9028395,zip,TX,,79019,ZIP 79019
9028396,zip,TX,,79021,ZIP 79021
9028397,zip,TX,,79022,ZIP 79022
9028398,zip,TX,,79024,ZIP 79024
9028399,zip,TX,,79027,ZIP 79027
9028400,zip,TX,,79029,ZIP 79029
9028401,zip,TX,,79031,ZIP 79031
9028403,zip,TX,,79033,ZIP 79033
9028404,zip,TX,,79034,ZIP 79034
9028405,zip,TX,,79035,ZIP 79035
9028406,zip,TX,,79036,ZIP 79036
9028407,zip,TX,,79039,ZIP 79039
9028408,zip,TX,,79040,ZIP 79040
9028409,zip,TX,,79041,ZIP 79041
9028410,zip,TX,,79042,ZIP 79042
9028411,zip,TX,,79043,ZIP 79043
9028412,zip,TX,,79044,ZIP 79044
9028413,zip,TX,,79045,ZIP 79045
9028414,zip,TX,,79046,ZIP 79046
9028415,zip,TX,,79051,ZIP 79051
9028416,zip,TX,,79052,ZIP 79052
9028417,zip,TX,,79054,ZIP 79054
9028418,zip,TX,,79056,ZIP 79056
9028419,zip,TX,,79057,ZIP 79057
9028420,zip,TX,,79058,ZIP 79058
9028421,zip,TX,,79059,ZIP 79059
9028422,zip,TX,,79061,ZIP 79061
9028423,zip,TX,,79062,ZIP 79062
9028424,zip,TX,,79063,ZIP 79063
9028425,zip,TX,,79064,ZIP 79064
9028426,zip,TX,,79065,ZIP 79065
9028427,zip,TX,,79068,ZIP 79068
9028428,zip,TX,,79070,ZIP 79070
9028429,zip,TX,,79072,ZIP 79072
9028430,zip,TX,,79078,ZIP 79078
9028431,zip,TX,,79079,ZIP 79079
9028432,zip,TX,,79080,ZIP 79080
9028433,zip,TX,,79081,ZIP 79081
9028434,zip,TX,,79082,ZIP 79082
9028435,zip,TX,,79083,ZIP 79083
9028436,zip,TX,,79084,ZIP 79084
9028437,zip,TX,,79086,ZIP 79086
9028438,zip,TX,,79087,ZIP 79087
9028439,zip,TX,,79088,ZIP 79088
9028440,zip,TX,,79091,ZIP 79091
9028441,zip,TX,,79092,ZIP 79092
9028442,zip,TX,,79093,ZIP 79093
9028443,zip,TX,,79094,ZIP 79094
9028444,zip,TX,,79095,ZIP 79095
9028445,zip,TX,,79096,ZIP 79096
9028446,zip,TX,,79097,ZIP 79097
9028447,zip,TX,,79098,ZIP 79098
9028448,zip,TX,,79101,ZIP 79101
9028449,zip,TX,,79102,ZIP 79102
9028450,zip,TX,,79103,ZIP 79103
9028451,zip,TX,,79104,ZIP 79104
9028452,zip,TX,,79105,ZIP 79105
9028453,zip,TX,,79106,ZIP 79106
9028454,zip,TX,,79107,ZIP 79107
9028455,zip,TX,,79108,ZIP 79108
9028456,zip,TX,,79109,ZIP 79109
9028457,zip,TX,,79110,ZIP 79110
9028458,zip,TX,,79111,ZIP 79111
9028460,zip,TX,,79118,ZIP 79118
9028461,zip,TX,,79119,ZIP 79119
9028463,zip,TX,,79121,ZIP 79121
9028464,zip,TX,,79124,ZIP 79124
9028465,zip,TX,,79201,ZIP 79201
9028466,zip,TX,,79220,ZIP 79220
9028467,zip,TX,,79223,ZIP 79223
9028468,zip,TX,,79225,ZIP 79225
9028469,zip,TX,,79226,ZIP 79226
9028470,zip,TX,,79227,ZIP 79227
9028471,zip,TX,,79229,ZIP 79229
9028472,zip,TX,,79230,ZIP 79230
9028473,zip,TX,,79231,ZIP 79231
9028474,zip,TX,,79233,ZIP 79233
9028475,zip,TX,,79234,ZIP 79234
9028476,zip,TX,,79235,ZIP 79235
9028477,zip,TX,,79236,ZIP 79236
9028478,zip,TX,,79237,ZIP 79237
9028479,zip,TX,,79239,ZIP 79239
9028480,zip,TX,,79241,ZIP 79241
9028481,zip,TX,,79243,ZIP 79243
9028482,zip,TX,,79244,ZIP 79244
9028483,zip,TX,,79245,ZIP 79245
9028484,zip,TX,,79248,ZIP 79248
9028485,zip,TX,,79250,ZIP 79250
9028486,zip,TX,,79251,ZIP 79251
9028487,zip,TX,,79252,ZIP 79252
9028488,zip,TX,,79255,ZIP 79255
9028489,zip,TX,,79256,ZIP 79256
9028490,zip,TX,,79257,ZIP 79257
9028491,zip,TX,,79258,ZIP 79258
9028492,zip,TX,,79259,ZIP 79259
9028493,zip,TX,,79261,ZIP 79261
9028494,zip,TX,,79311,ZIP 79311
9028495,zip,TX,,79312,ZIP 79312
9028496,zip,TX,,79313,ZIP 79313
9028497,zip,TX,,79314,ZIP 79314
9028498,zip,TX,,79316,ZIP 79316
9028500,zip,TX,,79322,ZIP 79322
9028501,zip,TX,,79323,ZIP 79323
9028502,zip,TX,,79324,ZIP 79324
9028503,zip,TX,,79325,ZIP 79325
9028504,zip,TX,,79326,ZIP 79326
9028505,zip,TX,,79329,ZIP 79329
9028506,zip,TX,,79330,ZIP 79330
9028507,zip,TX,,79331,ZIP 79331
9028508,zip,TX,,79336,ZIP 79336
9028509,zip,TX,,79339,ZIP 79339
9028510,zip,TX,,79342,ZIP 79342
9028511,zip,TX,,79343,ZIP 79343
9028512,zip,TX,,79344,ZIP 79344
9028513,zip,TX,,79345,ZIP 79345
9028514,zip,TX,,79346,ZIP 79346
9028515,zip,TX,,79347,ZIP 79347
9028517,zip,TX,,79351,ZIP 79351
9028518,zip,TX,,79353,ZIP 79353
9028519,zip,TX,,79355,ZIP 79355
9028520,zip,TX,,79356,ZIP 79356
9028521,zip,TX,,79357,ZIP 79357
9028522,zip,TX,,79358,ZIP 79358
9028523,zip,TX,,79359,ZIP 79359
9028524,zip,TX,,79360,ZIP 79360
9028525,zip,TX,,79363,ZIP 79363
9028526,zip,TX,,79364,ZIP 79364
9028527,zip,TX,,79366,ZIP 79366
9028528,zip,TX,,79369,ZIP 79369
9028529,zip,TX,,79370,ZIP 79370
9028530,zip,TX,,79371,ZIP 79371
9028531,zip,TX,,79372,ZIP 79372
9028532,zip,TX,,79373,ZIP 79373
9028533,zip,TX,,79376,ZIP 79376
9028534,zip,TX,,79377,ZIP 79377
9028535,zip,TX,,79378,ZIP 79378
9028536,zip,TX,,79379,ZIP 79379
9028537,zip,TX,,79381,ZIP 79381
9028538,zip,TX,,79382,ZIP 79382
9028539,zip,TX,,79383,ZIP 79383
9028540,zip,TX,,79401,ZIP 79401
9028541,zip,TX,,79403,ZIP 79403
9028542,zip,TX,,79404,ZIP 79404
9028543,zip,TX,,79407,ZIP 79407
9028545,zip,TX,,79409,ZIP 79409
9028546,zip,TX,,79410,ZIP 79410
9028547,zip,TX,,79411,ZIP 79411
9028548,zip,TX,,79412,ZIP 79412
9028549,zip,TX,,79413,ZIP 79413
9028550,zip,TX,,79414,ZIP 79414
9028551,zip,TX,,79415,ZIP 79415
9028552,zip,TX,,79416,ZIP 79416
9028553,zip,TX,,79423,ZIP 79423
9028554,zip,TX,,79424,ZIP 79424
9028555,zip,TX,,79430,ZIP 79430
9028556,zip,TX,,79501,ZIP 79501
9028557,zip,TX,,79502,ZIP 79502
9028558,zip,TX,,79503,ZIP 79503
9028559,zip,TX,,79504,ZIP 79504
9028560,zip,TX,,79505,ZIP 79505
9028561,zip,TX,,79506,ZIP 79506
9028562,zip,TX,,79508,ZIP 79508
9028563,zip,TX,,79510,ZIP 79510
9028564,zip,TX,,79511,ZIP 79511
9028565,zip,TX,,79512,ZIP 79512
9028566,zip,TX,,79517,ZIP 79517
9028567,zip,TX,,79518,ZIP 79518
9028568,zip,TX,,79519,ZIP 79519
9028569,zip,TX,,79520,ZIP 79520
9028570,zip,TX,,79521,ZIP 79521
9028571,zip,TX,,79525,ZIP 79525
9028572,zip,TX,,79526,ZIP 79526
9028573,zip,TX,,79527,ZIP 79527
9028574,zip,TX,,79528,ZIP 79528
9028575,zip,TX,,79529,ZIP 79529
9028576,zip,TX,,79530,ZIP 79530
9028577,zip,TX,,79532,ZIP 79532
9028578,zip,TX,,79533,ZIP 79533
9028579,zip,TX,,79534,ZIP 79534
9028580,zip,TX,,79535,ZIP 79535
9028581,zip,TX,,79536,ZIP 79536
9028582,zip,TX,,79537,ZIP 79537
9028583,zip,TX,,79538,ZIP 79538
9028584,zip,TX,,79539,ZIP 79539
9028585,zip,TX,,79540,ZIP 79540
9028586,zip,TX,,79541,ZIP 79541
9028587,zip,TX,,79543,ZIP 79543
9028588,zip,TX,,79544,ZIP 79544
9028589,zip,TX,,79545,ZIP 79545
9028590,zip,TX,,79546,ZIP 79546
9028591,zip,TX,,79547,ZIP 79547
9028592,zip,TX,,79548,ZIP 79548
9028593,zip,TX,,79549,ZIP 79549
9028594,zip,TX,,79553,ZIP 79553
9028595,zip,TX,,79556,ZIP 79556
9028596,zip,TX,,79560,ZIP 79560
9028597,zip,TX,,79561,ZIP 79561
9028598,zip,TX,,79562,ZIP 79562
9028599,zip,TX,,79563,ZIP 79563
9028600,zip,TX,,79565,ZIP 79565
9028601,zip,TX,,79566,ZIP 79566
9028602,zip,TX,,79567,ZIP 79567
9028603,zip,TX,,79601,ZIP 79601
9028604,zip,TX,,79602,ZIP 79602
9028605,zip,TX,,79603,ZIP 79603
9028606,zip,TX,,79605,ZIP 79605
9028607,zip,TX,,79606,ZIP 79606
9028608,zip,TX,,79607,ZIP 79607
9028609,zip,TX,,79697,ZIP 79697
9028610,zip,TX,,79699,ZIP 79699
9028611,zip,TX,,79701,ZIP 79701
9028612,zip,TX,,79703,ZIP 79703
9028613,zip,TX,,79705,ZIP 79705
9028614,zip,TX,,79706,ZIP 79706
9028615,zip,TX,,79707,ZIP 79707
9028617,zip,TX,,79713,ZIP 79713
9028618,zip,TX,,79714,ZIP 79714
9028619,zip,TX,,79718,ZIP 79718
9028620,zip,TX,,79719,ZIP 79719
9028621,zip,TX,,79720,ZIP 79720
9028622,zip,TX,,79730,ZIP 79730
9028623,zip,TX,,79731,ZIP 79731
9028625,zip,TX,,79734,ZIP 79734
9028626,zip,TX,,79735,ZIP 79735
9028627,zip,TX,,79738,ZIP 79738
9028628,zip,TX,,79739,ZIP 79739
9028629,zip,TX,,79740,ZIP 79740
9028630,zip,TX,,79741,ZIP 79741
9028631,zip,TX,,79742,ZIP 79742
9028632,zip,TX,,79743,ZIP 79743
9028633,zip,TX,,79744,ZIP 79744
9028634,zip,TX,,79745,ZIP 79745
9028635,zip,TX,,79748,ZIP 79748
9028636,zip,TX,,79749,ZIP 79749
9028637,zip,TX,,79752,ZIP 79752
9028638,zip,TX,,79754,ZIP 79754
9028639,zip,TX,,79755,ZIP 79755
9028640,zip,TX,,79756,ZIP 79756
9028641,zip,TX,,79758,ZIP 79758
9028642,zip,TX,,79759,ZIP 79759
9028643,zip,TX,,79761,ZIP 79761
9028644,zip,TX,,79762,ZIP 79762
9028645,zip,TX,,79763,ZIP 79763
9028646,zip,TX,,79764,ZIP 79764
9028647,zip,TX,,79765,ZIP 79765
9028648,zip,TX,,79766,ZIP 79766
9028649,zip,TX,,79772,ZIP 79772
9028651,zip,TX,,79777,ZIP 79777
9028652,zip,TX,,79778,ZIP 79778
9028653,zip,TX,,79780,ZIP 79780
9028654,zip,TX,,79781,ZIP 79781
9028655,zip,TX,,79782,ZIP 79782
9028656,zip,TX,,79783,ZIP 79783
9028657,zip,TX,,79785,ZIP 79785
9028658,zip,TX,,79788,ZIP 79788
9028659,zip,TX,,79789,ZIP 79789
9028660,zip,TX,,79821,ZIP 79821
9028661,zip,TX,,79830,ZIP 79830
9028663,zip,TX,,79832,ZIP 79832
9028664,zip,TX,,79834,ZIP 79834
9028665,zip,TX,,79835,ZIP 79835
9028666,zip,TX,,79836,ZIP 79836
9028667,zip,TX,,79837,ZIP 79837
9028668,zip,TX,,79838,ZIP 79838
9028669,zip,TX,,79839,ZIP 79839
9028670,zip,TX,,79842,ZIP 79842
9028671,zip,TX,,79843,ZIP 79843
9028672,zip,TX,,79845,ZIP 79845
9028673,zip,TX,,79846,ZIP 79846
9028674,zip,TX,,79847,ZIP 79847
9028675,zip,TX,,79848,ZIP 79848
9028676,zip,TX,,79849,ZIP 79849
9028677,zip,TX,,79851,ZIP 79851
9028678,zip,TX,,79852,ZIP 79852
9028679,zip,TX,,79853,ZIP 79853
9028680,zip,TX,,79854,ZIP 79854
9028681,zip,TX,,79855,ZIP 79855
9028682,zip,TX,,79901,ZIP 79901
9028683,zip,TX,,79902,ZIP 79902
9028684,zip,TX,,79903,ZIP 79903
9028685,zip,TX,,79904,ZIP 79904
9028686,zip,TX,,79905,ZIP 79905
9028687,zip,TX,,79906,ZIP 79906
9028688,zip,TX,,79907,ZIP 79907
9028689,zip,TX,,79908,ZIP 79908
9028690,zip,TX,,79910,ZIP 79910
9028691,zip,TX,,79911,ZIP 79911
9028692,zip,TX,,79912,ZIP 79912
9028693,zip,TX,,79915,ZIP 79915
9028694,zip,TX,,79918,ZIP 79918
9028696,zip,TX,,79922,ZIP 79922
9028697,zip,TX,,79924,ZIP 79924
9028698,zip,TX,,79925,ZIP 79925
9028699,zip,TX,,79927,ZIP 79927
9028700,zip,TX,,79928,ZIP 79928
9028701,zip,TX,,79930,ZIP 79930
9028702,zip,TX,,79932,ZIP 79932
9028703,zip,TX,,79934,ZIP 79934
9028704,zip,TX,,79935,ZIP 79935
9028705,zip,TX,,79936,ZIP 79936
9028706,zip,TX,,79938,ZIP 79938
9053721,zip,TX,,75641,ZIP 75641
9053724,zip,TX,,75637,ZIP 75637
9053726,zip,TX,,75865,ZIP 75865
9053732,zip,TX,,77661,ZIP 77661
9053737,zip,TX,,77431,ZIP 77431
9053738,zip,TX,,77961,ZIP 77961
9053739,zip,TX,,78107,ZIP 78107
9053740,zip,TX,,78111,ZIP 78111
9053741,zip,TX,,78677,ZIP 78677
9053745,zip,TX,,73301,ZIP 73301
9053746,zip,TX,,78772,ZIP 78772
9053749,zip,TX,,77333,ZIP 77333
9053750,zip,TX,,77341,ZIP 77341
9053751,zip,TX,,75832,ZIP 75832
9053752,zip,TX,,75709,ZIP 75709
9053753,zip,TX,,75799,ZIP 75799
9053760,zip,TX,,76263,ZIP 76263
9053762,zip,TX,,76623,ZIP 76623
9053764,zip,TX,,76599,ZIP 76599
9053765,zip,TX,,76461,ZIP 76461
9053766,zip,TX,,76908,ZIP 76908
9053767,zip,TX,,76831,ZIP 76831
9053768,zip,TX,,78635,ZIP 78635
9053770,zip,TX,,78135,ZIP 78135
9053771,zip,TX,,78162,ZIP 78162
9053772,zip,TX,,78802,ZIP 78802
9053773,zip,TX,,78044,ZIP 78044
9053776,zip,TX,,78545,ZIP 78545
9053777,zip,TX,,78547,ZIP 78547
9053778,zip,TX,,78536,ZIP 78536
9053779,zip,TX,,78360,ZIP 78360
9053781,zip,TX,,78419,ZIP 78419
9053782,zip,TX,,78338,ZIP 78338
9053794,zip,TX,,79770,ZIP 79770
9053795,zip,TX,,79916,ZIP 79916
9053796,zip,TX,,79942,ZIP 79942
9053797,zip,TX,,79367,ZIP 79367
9053798,zip,TX,,79402,ZIP 79402
9053799,zip,TX,,79491,ZIP 79491
9053800,zip,TX,,79240,ZIP 79240
9053802,zip,TX,,79085,ZIP 79085
9054327,zip,NC,,28629,ZIP 28629
9054329,zip,NC,,27099,ZIP 27099
9054334,zip,NC,,28223,ZIP 28223
9054336,zip,NC,,28367,ZIP 28367
9054339,zip,NC,,28281,ZIP 28281
9054346,zip,NC,,28074,ZIP 28074
9054352,zip,NC,,28702,ZIP 28702
9054353,zip,NC,,28810,ZIP 28810
9054482,zip,FL,,32512,ZIP 32512
9054494,zip,FL,,33744,ZIP 33744
9054497,zip,FL,,33106,ZIP 33106
9054498,zip,FL,,33116,ZIP 33116
9054499,zip,FL,,33950,ZIP 33950
9054500,zip,FL,,33459,ZIP 33459
9054505,zip,FL,,32099,ZIP 32099
9054508,zip,FL,,32214,ZIP 32214
9054511,zip,FL,,32133,ZIP 32133
9054512,zip,FL,,34453,ZIP 34453
9054514,zip,FL,,32683,ZIP 32683
9054515,zip,FL,,32307,ZIP 32307
9054521,zip,FL,,32061,ZIP 32061
9054551,zip,NC,,28575,ZIP 28575
9054557,zip,NC,,27708,ZIP 27708
9054559,zip,NC,,27582,ZIP 27582
9054560,zip,NC,,27815,ZIP 27815
9054562,zip,NC,,27827,ZIP 27827
9057249,county,FL,12001,,"Alachua County, FL"
9057250,county,FL,12003,,"Baker County, FL"
9057251,county,FL,12005,,"Bay County, FL"
9057252,county,FL,12007,,"Bradford County, FL"
9057253,county,FL,12013,,"Calhoun County, FL"
9057254,county,FL,12015,,"Charlotte County, FL"
9057255,county,FL,12019,,"Clay County, FL"
9057256,county,FL,12021,,"Collier County, FL"
9057257,county,FL,12023,,"Columbia County, FL"
9057258,county,FL,12027,,"DeSoto County, FL"
9057259,county,FL,12029,,"Dixie County, FL"
9057260,county,FL,12031,,"Duval County, FL"
9057261,county,FL,12033,,"Escambia County, FL"
9057262,county,FL,12035,,"Flagler County, FL"
9057263,county,FL,12037,,"Franklin County, FL"
9057264,county,FL,12039,,"Gadsden County, FL"
9057265,county,FL,12041,,"Gilchrist County, FL"
9057266,county,FL,12043,,"Glades County, FL"
9057267,county,FL,12045,,"Gulf County, FL"
9057268,county,FL,12047,,"Hamilton County, FL"
9057269,county,FL,12049,,"Hardee County, FL"
9057270,county,FL,12051,,"Hendry County, FL"
9057271,county,FL,12053,,"Hernando County, FL"
9057272,county,FL,12055,,"Highlands County, FL"
9057273,county,FL,12057,,"Hillsborough County, FL"
9057274,county,FL,12059,,"Holmes County, FL"
9057275,county,FL,12061,,"Indian River County, FL"
9057276,county,FL,12065,,"Jefferson County, FL"
9057277,county,FL,12067,,"Lafayette County, FL"
9057278,county,FL,12069,,"Lake County, FL"
9057279,county,FL,12071,,"Lee County, FL"
9057280,county,FL,12075,,"Levy County, FL"
9057281,county,FL,12077,,"Liberty County, FL"
9057282,county,FL,12079,,"Madison County, FL"
9057283,county,FL,12081,,"Manatee County, FL"
9057284,county,FL,12083,,"Marion County, FL"
9057285,county,FL,12085,,"Martin County, FL"
9057286,county,FL,12086,,"Miami-Dade County, FL"
9057287,county,FL,12087,,"Monroe County, FL"
9057288,county,FL,12089,,"Nassau County, FL"
9057289,county,FL,12091,,"Okaloosa County, FL"
9057290,county,FL,12093,,"Okeechobee County, FL"
9057291,county,FL,12095,,"Orange County, FL"
9057292,county,FL,12097,,"Osceola County, FL"
9057293,county,FL,12099,,"Palm Beach County, FL"
9057294,county,FL,12101,,"Pasco County, FL"
9057295,county,FL,12103,,"Pinellas County, FL"
9057296,county,FL,12105,,"Polk County, FL"
9057297,county,FL,12107,,"Putnam County, FL"
9057298,county,FL,12113,,"Santa Rosa County, FL"
9057299,county,FL,12115,,"Sarasota County, FL"
9057300,county,FL,12117,,"Seminole County, FL"
9057301,county,FL,12109,,"St. Johns County, FL"
9057302,county,FL,12111,,"St. Lucie County, FL"
9057303,county,FL,12119,,"Sumter County, FL"
9057304,county,FL,12121,,"Suwannee County, FL"
9057305,county,FL,12123,,"Taylor County, FL"
9057306,county,FL,12125,,"Union County, FL"
9057307,county,FL,12127,,"Volusia County, FL"
9057308,county,FL,12129,,"Wakulla County, FL"
9057309,county,FL,12131,,"Walton County, FL"
9057310,county,FL,12133,,"Washington County, FL"
9058788,county,NC,37001,,"Alamance County, NC"
9058789,county,NC,37003,,"Alexander County, NC"
9058790,county,NC,37005,,"Alleghany County, NC"
9058791,county,NC,37007,,"Anson County, NC"
9058792,county,NC,37009,,"Ashe County, NC"
9058793,county,NC,37011,,"Avery County, NC"
9058794,county,NC,37013,,"Beaufort County, NC"
9058795,county,NC,37015,,"Bertie County, NC"
9058796,county,NC,37017,,"Bladen County, NC"
9058797,county,NC,37019,,"Brunswick County, NC"
9058798,county,NC,37023,,"Burke County, NC"
9058799,county,NC,37025,,"Cabarrus County, NC"
9058800,county,NC,37027,,"Caldwell County, NC"
9058801,county,NC,37029,,"Camden County, NC"
9058802,county,NC,37031,,"Carteret County, NC"
9058803,county,NC,37033,,"Caswell County, NC"
9058804,county,NC,37035,,"Catawba County, NC"
9058805,county,NC,37037,,"Chatham County, NC"
9058806,county,NC,37039,,"Cherokee County, NC"
9058807,county,NC,37041,,"Chowan County, NC"
9058808,county,NC,37043,,"Clay County, NC"
9058809,county,NC,37045,,"Cleveland County, NC"
9058810,county,NC,37047,,"Columbus County, NC"
9058811,county,NC,37049,,"Craven County, NC"
9058812,county,NC,37051,,"Cumberland County, NC"
9058813,county,NC,37053,,"Currituck County, NC"
9058814,county,NC,37057,,"Davidson County, NC"
9058815,county,NC,37059,,"Davie County, NC"
9058816,county,NC,37061,,"Duplin County, NC"
9058817,county,NC,37063,,"Durham County, NC"
9058818,county,NC,37065,,"Edgecombe County, NC"
9058819,county,NC,37069,,"Franklin County, NC"
9058820,county,NC,37071,,"Gaston County, NC"
9058821,county,NC,37073,,"Gates County, NC"
9058822,county,NC,37075,,"Graham County, NC"
9058823,county,NC,37077,,"Granville County, NC"
9058824,county,NC,37079,,"Greene County, NC"
9058825,county,NC,37081,,"Guilford County, NC"
9058826,county,NC,37083,,"Halifax County, NC"
9058827,county,NC,37085,,"Harnett County, NC"
9058828,county,NC,37087,,"Haywood County, NC"
9058829,county,NC,37089,,"Henderson County, NC"
9058830,county,NC,37091,,"Hertford County, NC"
9058831,county,NC,37093,,"Hoke County, NC"
9058832,county,NC,37095,,"Hyde County, NC"
9058833,county,NC,37097,,"Iredell County, NC"
9058834,county,NC,37099,,"Jackson County, NC"
9058835,county,NC,37101,,"Johnston County, NC"
9058836,county,NC,37103,,"Jones County, NC"
9058837,county,NC,37105,,"Lee County, NC"
9058838,county,NC,37107,,"Lenoir County, NC"
9058839,county,NC,37109,,"Lincoln County, NC"
9058840,county,NC,37113,,"Macon County, NC"
9058841,county,NC,37115,,"Madison County, NC"
9058842,county,NC,37117,,"Martin County, NC"
9058843,county,NC,37111,,"McDowell County, NC"
9058844,county,NC,37119,,"Mecklenburg County, NC"
9058845,county,NC,37121,,"Mitchell County, NC"
9058846,county,NC,37123,,"Montgomery County, NC"
9058847,county,NC,37125,,"Moore County, NC"
9058848,county,NC,37127,,"Nash County, NC"
9058849,county,NC,37129,,"New Hanover County, NC"
9058850,county,NC,37131,,"Northampton County, NC"
9058851,county,NC,37135,,"Orange County, NC"
9058852,county,NC,37137,,"Pamlico County, NC"
9058853,county,NC,37141,,"Pender County, NC"
9058854,county,NC,37143,,"Perquimans County, NC"
9058855,county,NC,37145,,"Person County, NC"
9058856,county,NC,37147,,"Pitt County, NC"
9058857,county,NC,37149,,"Polk County, NC"
9058858,county,NC,37151,,"Randolph County, NC"
9058859,county,NC,37153,,"Richmond County, NC"
9058860,county,NC,37155,,"Robeson County, NC"
9058861,county,NC,37157,,"Rockingham County, NC"
9058862,county,NC,37159,,"Rowan County, NC"
9058863,county,NC,37161,,"Rutherford County, NC"
9058864,county,NC,37163,,"Sampson County, NC"
9058865,county,NC,37165,,"Scotland County, NC"
9058866,county,NC,37167,,"Stanly County, NC"
9058867,county,NC,37169,,"Stokes County, NC"
9058868,county,NC,37171,,"Surry County, NC"
9058869,county,NC,37173,,"Swain County, NC"
9058870,county,NC,37175,,"Transylvania County, NC"
9058871,county,NC,37177,,"Tyrrell County, NC"
9058872,county,NC,37179,,"Union County, NC"
9058873,county,NC,37181,,"Vance County, NC"
9058874,county,NC,37183,,"Wake County, NC"
9058875,county,NC,37185,,"Warren County, NC"
9058876,county,NC,37187,,"Washington County, NC"
9058877,county,NC,37189,,"Watauga County, NC"
9058878,county,NC,37191,,"Wayne County, NC"
9058879,county,NC,37193,,"Wilkes County, NC"
9058880,county,NC,37195,,"Wilson County, NC"
9058881,county,NC,37197,,"Yadkin County, NC"
9058882,county,NC,37199,,"Yancey County, NC"
9059406,county,TX,48001,,"Anderson County, TX"
9059407,county,TX,48003,,"Andrews County, TX"
9059408,county,TX,48005,,"Angelina County, TX"
9059409,county,TX,48007,,"Aransas County, TX"
9059410,county,TX,48009,,"Archer County, TX"
9059411,county,TX,48011,,"Armstrong County, TX"
9059412,county,TX,48013,,"Atascosa County, TX"
9059413,county,TX,48015,,"Austin County, TX"
9059414,county,TX,48017,,"Bailey County, TX"
9059415,county,TX,48019,,"Bandera County, TX"
9059416,county,TX,48021,,"Bastrop County, TX"
9059417,county,TX,48023,,"Baylor County, TX"
9059418,county,TX,48025,,"Bee County, TX"
9059419,county,TX,48027,,"Bell County, TX"
9059420,county,TX,48029,,"Bexar County, TX"
9059421,county,TX,48031,,"Blanco County, TX"
9059422,county,TX,48033,,"Borden County, TX"
9059423,county,TX,48035,,"Bosque County, TX"
9059424,county,TX,48037,,"Bowie County, TX"
9059425,county,TX,48039,,"Brazoria County, TX"
9059426,county,TX,48041,,"Brazos County, TX"
9059427,county,TX,48043,,"Brewster County, TX"
9059428,county,TX,48045,,"Briscoe County, TX"
9059429,county,TX,48047,,"Brooks County, TX"
9059430,county,TX,48049,,"Brown County, TX"
9059431,county,TX,48051,,"Burleson County, TX"
9059432,county,TX,48053,,"Burnet County, TX"
9059433,county,TX,48055,,"Caldwell County, TX"
9059434,county,TX,48057,,"Calhoun County, TX"
9059435,county,TX,48059,,"Callahan County, TX"
9059436,county,TX,48061,,"Cameron County, TX"
9059437,county,TX,48063,,"Camp County, TX"
9059438,county,TX,48065,,"Carson County, TX"
9059439,county,TX,48067,,"Cass County, TX"
9059440,county,TX,48069,,"Castro County, TX"
9059441,county,TX,48071,,"Chambers County, TX"
9059442,county,TX,48073,,"Cherokee County, TX"
9059443,county,TX,48075,,"Childress County, TX"
9059444,county,TX,48077,,"Clay County, TX"
9059445,county,TX,48079,,"Cochran County, TX"
9059446,county,TX,48081,,"Coke County, TX"
9059447,county,TX,48083,,"Coleman County, TX"
9059448,county,TX,48085,,"Collin County, TX"
9059449,county,TX,48087,,"Collingsworth County, TX"
9059450,county,TX,48089,,"Colorado County, TX"
9059451,county,TX,48091,,"Comal County, TX"
9059452,county,TX,48093,,"Comanche County, TX"
9059453,county,TX,48095,,"Concho County, TX"
9059454,county,TX,48097,,"Cooke County, TX"
9059455,county,TX,48099,,"Coryell County, TX"
9059456,county,TX,48101,,"Cottle County, TX"
9059457,county,TX,48103,,"Crane County, TX"
9059458,county,TX,48105,,"Crockett County, TX"
9059459,county,TX,48107,,"Crosby County, TX"
9059460,county,TX,48109,,"Culberson County, TX"
9059461,county,TX,48111,,"Dallam County, TX"
9059462,county,TX,48113,,"Dallas County, TX"
9059463,county,TX,48115,,"Dawson County, TX"
9059464,county,TX,48117,,"Deaf Smith County, TX"
9059465,county,TX,48119,,"Delta County, TX"
9059466,county,TX,48121,,"Denton County, TX"
9059467,county,TX,48123,,"DeWitt County, TX"
9059468,county,TX,48125,,"Dickens County, TX"
9059469,county,TX,48127,,"Dimmit County, TX"
9059470,county,TX,48129,,"Donley County, TX"
9059471,county,TX,48131,,"Duval County, TX"
9059472,county,TX,48133,,"Eastland County, TX"
9059473,county,TX,48135,,"Ector County, TX"
9059474,county,TX,48137,,"Edwards County, TX"
9059475,county,TX,48141,,"El Paso County, TX"
9059476,county,TX,48139,,"Ellis County, TX"
9059477,county,TX,48143,,"Erath County, TX"
9059478,county,TX,48145,,"Falls County, TX"
9059479,county,TX,48147,,"Fannin County, TX"
9059480,county,TX,48149,,"Fayette County, TX"
9059481,county,TX,48151,,"Fisher County, TX"
9059482,county,TX,48153,,"Floyd County, TX"
9059483,county,TX,48155,,"Foard County, TX"
9059484,county,TX,48157,,"Fort Bend County, TX"
9059485,county,TX,48159,,"Franklin County, TX"
9059486,county,TX,48161,,"Freestone County, TX"
9059487,county,TX,48163,,"Frio County, TX"
9059488,county,TX,48165,,"Gaines County, TX"
9059489,county,TX,48167,,"Galveston County, TX"
9059490,county,TX,48169,,"Garza County, TX"
9059491,county,TX,48171,,"Gillespie County, TX"
9059492,county,TX,48173,,"Glasscock County, TX"
9059493,county,TX,48175,,"Goliad County, TX"
9059494,county,TX,48177,,"Gonzales County, TX"
9059495,county,TX,48179,,"Gray County, TX"
9059496,county,TX,48181,,"Grayson County, TX"
9059497,county,TX,48183,,"Gregg County, TX"
9059498,county,TX,48185,,"Grimes County, TX"
9059499,county,TX,48187,,"Guadalupe County, TX"
9059500,county,TX,48189,,"Hale County, TX"
9059501,county,TX,48191,,"Hall County, TX"
9059502,county,TX,48193,,"Hamilton County, TX"
9059503,county,TX,48195,,"Hansford County, TX"
9059504,county,TX,48197,,"Hardeman County, TX"
9059505,county,TX,48199,,"Hardin County, TX"
9059506,county,TX,48201,,"Harris County, TX"
9059507,county,TX,48203,,"Harrison County, TX"
9059508,county,TX,48205,,"Hartley County, TX"
9059509,county,TX,48207,,"Haskell County, TX"
9059510,county,TX,48209,,"Hays County, TX"
9059511,county,TX,48211,,"Hemphill County, TX"
9059512,county,TX,48213,,"Henderson County, TX"
9059513,county,TX,48215,,"Hidalgo County, TX"
9059514,county,TX,48217,,"Hill County, TX"
9059515,county,TX,48219,,"Hockley County, TX"
9059516,county,TX,48221,,"Hood County, TX"
9059517,county,TX,48223,,"Hopkins County, TX"
9059518,county,TX,48225,,"Houston County, TX"
9059519,county,TX,48227,,"Howard County, TX"
9059520,county,TX,48229,,"Hudspeth County, TX"
9059521,county,TX,48231,,"Hunt County, TX"
9059522,county,TX,48233,,"Hutchinson County, TX"
9059523,county,TX,48235,,"Irion County, TX"
9059524,county,TX,48237,,"Jack County, TX"
9059525,county,TX,48239,,"Jackson County, TX"
9059526,county,TX,48241,,"Jasper County, TX"
9059527,county,TX,48243,,"Jeff Davis County, TX"
9059528,county,TX,48245,,"Jefferson County, TX"
9059529,county,TX,48247,,"Jim Hogg County, TX"
9059530,county,TX,48249,,"Jim Wells County, TX"
9059531,county,TX,48251,,"Johnson County, TX"
9059532,county,TX,48253,,"Jones County, TX"
9059533,county,TX,48255,,"Karnes County, TX"
9059534,county,TX,48257,,"Kaufman County, TX"
9059535,county,TX,48259,,"Kendall County, TX"
9059536,county,TX,48261,,"Kenedy County, TX"
9059537,county,TX,48263,,"Kent County, TX"
9059538,county,TX,48265,,"Kerr County, TX"
9059539,county,TX,48267,,"Kimble County, TX"
9059540,county,TX,48269,,"King County, TX"
9059541,county,TX,48271,,"Kinney County, TX"
9059542,county,TX,48273,,"Kleberg County, TX"
9059543,county,TX,48275,,"Knox County, TX"
9059544,county,TX,48283,,"La Salle County, TX"
9059545,county,TX,48277,,"Lamar County, TX"
9059546,county,TX,48279,,"Lamb County, TX"
9059547,county,TX,48281,,"Lampasas County, TX"
9059548,county,TX,48285,,"Lavaca County, TX"
9059549,county,TX,48287,,"Lee County, TX"
9059550,county,TX,48289,,"Leon County, TX"
9059551,county,TX,48291,,"Liberty County, TX"
9059552,county,TX,48293,,"Limestone County, TX"
9059553,county,TX,48295,,"Lipscomb County, TX"
9059554,county,TX,48297,,"Live Oak County, TX"
9059555,county,TX,48299,,"Llano County, TX"
9059556,county,TX,48301,,"Loving County, TX"
9059557,county,TX,48303,,"Lubbock County, TX"
9059558,county,TX,48305,,"Lynn County, TX"
9059559,county,TX,48313,,"Madison County, TX"
9059560,county,TX,48315,,"Marion County, TX"
9059561,county,TX,48317,,"Martin County, TX"
9059562,county,TX,48319,,"Mason County, TX"
9059563,county,TX,48321,,"Matagorda County, TX"
9059564,county,TX,48323,,"Maverick County, TX"
9059565,county,TX,48307,,"McCulloch County, TX"
9059566,county,TX,48309,,"McLennan County, TX"
9059567,county,TX,48311,,"McMullen County, TX"
9059568,county,TX,48325,,"Medina County, TX"
9059569,county,TX,48327,,"Menard County, TX"
9059570,county,TX,48329,,"Midland County, TX"
9059571,county,TX,48331,,"Milam County, TX"
9059572,county,TX,48333,,"Mills County, TX"
9059573,county,TX,48335,,"Mitchell County, TX"
9059574,county,TX,48337,,"Montague County, TX"
9059575,county,TX,48339,,"Montgomery County, TX"
9059576,county,TX,48341,,"Moore County, TX"
9059577,county,TX,48343,,"Morris County, TX"
9059578,county,TX,48345,,"Motley County, TX"
9059579,county,TX,48347,,"Nacogdoches County, TX"
9059580,county,TX,48349,,"Navarro County, TX"
9059581,county,TX,48351,,"Newton County, TX"
9059582,county,TX,48353,,"Nolan County, TX"
9059583,county,TX,48355,,"Nueces County, TX"
9059584,county,TX,48357,,"Ochiltree County, TX"
9059585,county,TX,48359,,"Oldham County, TX"
9059586,county,TX,48361,,"Orange County, TX"
9059587,county,TX,48363,,"Palo Pinto County, TX"
9059588,county,TX,48365,,"Panola County, TX"
9059589,county,TX,48369,,"Parmer County, TX"
9059590,county,TX,48371,,"Pecos County, TX"
9059591,county,TX,48373,,"Polk County, TX"
9059592,county,TX,48377,,"Presidio County, TX"
9059593,county,TX,48379,,"Rains County, TX"
9059594,county,TX,48381,,"Randall County, TX"
9059595,county,TX,48383,,"Reagan County, TX"
9059596,county,TX,48385,,"Real County, TX"
9059597,county,TX,48387,,"Red River County, TX"
9059598,county,TX,48389,,"Reeves County, TX"
9059599,county,TX,48391,,"Refugio County, TX"
9059600,county,TX,48393,,"Roberts County, TX"
9059601,county,TX,48395,,"Robertson County, TX"
9059602,county,TX,48397,,"Rockwall County, TX"
9059603,county,TX,48399,,"Runnels County, TX"
9059604,county,TX,48401,,"Rusk County, TX"
9059605,county,TX,48403,,"Sabine County, TX"
9059606,county,TX,48405,,"San Augustine County, TX"
9059607,county,TX,48407,,"San Jacinto County, TX"
9059608,county,TX,48409,,"San Patricio County, TX"
9059609,county,TX,48411,,"San Saba County, TX"
9059610,county,TX,48413,,"Schleicher County, TX"
9059611,county,TX,48415,,"Scurry County, TX"
9059612,county,TX,48417,,"Shackelford County, TX"
9059613,county,TX,48419,,"Shelby County, TX"
9059614,county,TX,48421,,"Sherman County, TX"
9059615,county,TX,48423,,"Smith County, TX"
9059616,county,TX,48425,,"Somervell County, TX"
9059617,county,TX,48427,,"Starr County, TX"
9059618,county,TX,48429,,"Stephens County, TX"
9059619,county,TX,48431,,"Sterling County, TX"
9059620,county,TX,48433,,"Stonewall County, TX"
9059621,county,TX,48435,,"Sutton County, TX"
9059622,county,TX,48437,,"Swisher County, TX"
9059623,county,TX,48439,,"Tarrant County, TX"
9059624,county,TX,48441,,"Taylor County, TX"
9059625,county,TX,48443,,"Terrell County, TX"
9059626,county,TX,48445,,"Terry County, TX"
9059627,county,TX,48447,,"Throckmorton County, TX"
9059628,county,TX,48449,,"Titus County, TX"
9059629,county,TX,48453,,"Travis County, TX"
9059630,county,TX,48455,,"Trinity County, TX"
9059631,county,TX,48457,,"Tyler County, TX"
9059632,county,TX,48459,,"Upshur County, TX"
9059633,county,TX,48461,,"Upton County, TX"
9059634,county,TX,48463,,"Uvalde County, TX"
9059635,county,TX,48465,,"Val Verde County, TX"
9059636,county,TX,48467,,"Van Zandt County, TX"
9059637,county,TX,48469,,"Victoria County, TX"
9059638,county,TX,48471,,"Walker County, TX"
9059639,county,TX,48473,,"Waller County, TX"
9059640,county,TX,48475,,"Ward County, TX"
9059641,county,TX,48477,,"Washington County, TX"
9059642,county,TX,48479,,"Webb County, TX"
9059643,county,TX,48481,,"Wharton County, TX"
9059644,county,TX,48483,,"Wheeler County, TX"
9059645,county,TX,48485,,"Wichita County, TX"
9059646,county,TX,48487,,"Wilbarger County, TX"
9059647,county,TX,48489,,"Willacy County, TX"
9059648,county,TX,48491,,"Williamson County, TX"
9059649,county,TX,48493,,"Wilson County, TX"
9059650,county,TX,48495,,"Winkler County, TX"
9059651,county,TX,48497,,"Wise County, TX"
9059652,county,TX,48499,,"Wood County, TX"
9059653,county,TX,48501,,"Yoakum County, TX"
9059654,county,TX,48503,,"Young County, TX"
9059655,county,TX,48505,,"Zapata County, TX"
9059656,county,TX,48507,,"Zavala County, TX"
9191102,zip,TX,,75758,ZIP 75758
9191694,zip,TX,,75036,ZIP 75036
9194971,zip,TX,,78150,ZIP 78150
9195958,zip,FL,,32163,ZIP 32163
9198580,zip,TX,,75072,ZIP 75072
9211292,zip,NC,,28646,ZIP 28646
9213587,zip,FL,,33538,ZIP 33538
9216674,zip,TX,,78599,ZIP 78599
