CornerHelp — master provider call sheet · 99 organizations · all 254 Texas counties,,,,,,,,,,,,,,,,,,,,,,,,,,,,,,,,,,
Requirements list will be given after scheduled appointment,,,,,,,,,,,,,,,,FILL THESE IN — in the order the script asks for them. Blank beats guessed.,,,,,,,,,,,,,,,,,,
WEEK 1,#,Organization,City,Address,Phone,Programs,Help offered,Counties,ZIPs,People reached,Counties served,ZIP codes served,Source,slug — do not edit,rent slug — do not edit,Status,Rent status,SERVICE AREA — whole county? which areas?,Funding lasts until,Reopens on,How to apply,Hours,Daily cap,Documents required,Most common reason turned away,Anything changing,Spoke with,Call outcome,Note,Called (date),VA,,,
WEEK 1,1,BakerRipley,Houston,,+17136679400,"CEAP, CSBG","electric_bill, food_pantry, gas_bill, reconnect_fee, rent_assistance, transportation, utility_deposit",3,263,"5,745,696",Brazoria; Galveston; Harris,77001 77002 77003 77004 77005 77006 77007 77008 77009 77010 77011 77012 77013 77014 77015 77016 77017 77018 77019 77020 77021 77022 77023 77024 77025 77026 77027 77028 77029 77030 77031 77032 77033 77034 77035 77036 77037 77038 77039 77040 77041 77042 77043 77044 77045 77046 77047 77048 77049 77050 77051 77052 77053 77054 77055 77056 77057 77058 77059 77060 77061 77062 77063 77064 77065 77066 77067 77068 77069 77070 77071 77072 77073 77074 77075 77076 77077 77078 77079 77080 77081 77082 77083 77084 77085 77086 77087 77088 77089 77090 77091 77092 77093 77094 77095 77096 77098 77099 77205 77206 77207 77208 77210 77215 77217 77218 77219 77220 77221 77222 77223 77224 77225 77226 77227 77228 77230 77231 77233 77234 77235 77236 77237 77238 77240 77241 77242 77243 77244 77245 77248 77249 77251 77252 77253 77254 77255 77256 77257 77258 77259 77261 77262 77263 77265 77266 77267 77268 77269 77270 77271 77272 77273 77274 77275 77277 77279 77280 77282 77284 77287 77288 77289 77290 77291 77292 77293 77325 77336 77338 77339 77345 77346 77347 77373 77375 77377 77379 77383 77388 77389 77391 77396 77401 77402 77410 77411 77413 77422 77429 77430 77433 77444 77447 77449 77450 77477 77480 77484 77486 77491 77492 77493 77494 77501 77502 77503 77504 77505 77506 77507 77508 77510 77511 77512 77515 77516 77517 77518 77520 77521 77522 77523 77530 77531 77532 77534 77536 77539 77541 77542 77546 77547 77549 77550 77551 77552 77553 77554 77562 77563 77565 77566 77568 77571 77572 77573 77574 77577 77578 77581 77583 77584 77586 77587 77588 77590 77591 77592 77598 77617 77623 77650,TDHCA Master List of Community Affairs Subrecipients,bakerripley-ceap,,unknown,,,,2026-09-14,,,,,,,,voicemail,"Hotline is closed for lunch - Try to contact after 1PM. The website currently states that the online application capacity has been reached and that the portal is expected to reopen September 14, 2026.",2026-09-02,Deej,,,
WEEK 1,2,Gulf Coast Community Services Association,Houston,,+17133934700,"CEAP, CSBG","electric_bill, food_pantry, gas_bill, reconnect_fee, rent_assistance, transportation, utility_deposit",3,263,"5,745,696",Brazoria; Galveston; Harris,77001 77002 77003 77004 77005 77006 77007 77008 77009 77010 77011 77012 77013 77014 77015 77016 77017 77018 77019 77020 77021 77022 77023 77024 77025 77026 77027 77028 77029 77030 77031 77032 77033 77034 77035 77036 77037 77038 77039 77040 77041 77042 77043 77044 77045 77046 77047 77048 77049 77050 77051 77052 77053 77054 77055 77056 77057 77058 77059 77060 77061 77062 77063 77064 77065 77066 77067 77068 77069 77070 77071 77072 77073 77074 77075 77076 77077 77078 77079 77080 77081 77082 77083 77084 77085 77086 77087 77088 77089 77090 77091 77092 77093 77094 77095 77096 77098 77099 77205 77206 77207 77208 77210 77215 77217 77218 77219 77220 77221 77222 77223 77224 77225 77226 77227 77228 77230 77231 77233 77234 77235 77236 77237 77238 77240 77241 77242 77243 77244 77245 77248 77249 77251 77252 77253 77254 77255 77256 77257 77258 77259 77261 77262 77263 77265 77266 77267 77268 77269 77270 77271 77272 77273 77274 77275 77277 77279 77280 77282 77284 77287 77288 77289 77290 77291 77292 77293 77325 77336 77338 77339 77345 77346 77347 77373 77375 77377 77379 77383 77388 77389 77391 77396 77401 77402 77410 77411 77413 77422 77429 77430 77433 77444 77447 77449 77450 77477 77480 77484 77486 77491 77492 77493 77494 77501 77502 77503 77504 77505 77506 77507 77508 77510 77511 77512 77515 77516 77517 77518 77520 77521 77522 77523 77530 77531 77532 77534 77536 77539 77541 77542 77546 77547 77549 77550 77551 77552 77553 77554 77562 77563 77565 77566 77568 77571 77572 77573 77574 77577 77578 77581 77583 77584 77586 77587 77588 77590 77591 77592 77598 77617 77623 77650,TDHCA Master List of Community Affairs Subrecipients,gulf-coast-community-services-association-ceap,,waitlist,,,,2026-09-08,online,,,"identity documentation for all household members, citizenship/legal-residency documentation, income documentation and complete application. One application per household per calendar year.",,,,reached,should submit online application and applicant will be assigned of a specialist.  Applocants can start calling back on September 8 to confirm waitlist,2026-09-02,DeeJ,,,
,3,The Salvation Army — Northwest Community Center,Houston,12507 Windfern Rd,,Assistance services,rent_assistance,1,0,"5,009,302",Harris,,The Salvation Army Houston Area Command — Community Centers,the-salvation-army-northwest-community-center,,,,,,,,,,,,,,,,,,,,
,4,The Salvation Army — International Community Center,Houston,7920 Cook Rd,,Assistance services,rent_assistance,1,0,"5,009,302",Harris,,The Salvation Army Houston Area Command — Community Centers,the-salvation-army-international-community-center,,,,,,,,,,,,,,,,,,,,
,5,The Salvation Army — Aldine Westfield Community Center,Houston,2600 Aldine Westfield Rd,,Assistance services,rent_assistance,1,0,"5,009,302",Harris,,The Salvation Army Houston Area Command — Community Centers,the-salvation-army-aldine-westfield-community-center,,,,,,,,,,,,,,,,,,,,
,6,The Salvation Army — Temple Community Center,Houston,4516 Irvington Blvd,,Assistance services,rent_assistance,1,0,"5,009,302",Harris,,The Salvation Army Houston Area Command — Community Centers,the-salvation-army-temple-community-center,,,,,,,,,,,,,,,,,,,,
,7,The Salvation Army — East Harris County Community Center,Pasadena,2732 Cherry Brook Ln,,Assistance services,rent_assistance,1,0,"5,009,302",Harris,,The Salvation Army Houston Area Command — Community Centers,the-salvation-army-east-harris-county-community-center,,,,,,,,,,,,,,,,,,,,
,8,Catholic Charities — Main Office,Houston,2900 Louisiana Street,+17135264611,Assistance services,rent_assistance,1,0,"5,009,302",Harris,,Catholic Charities Archdiocese of Galveston-Houston — Locations,catholic-charities-main-office,,unknown,,,,,,,,,,,,voicemail,Inbox is full,2026-09-02,DeeJ,,,
,9,Catholic Charities — Guadalupe Basic Needs Center,Houston,326 South Jensen Drive,+17135264611,Assistance services,rent_assistance,1,0,"5,009,302",Harris,,Catholic Charities Archdiocese of Galveston-Houston — Locations,catholic-charities-guadalupe-basic-needs-center,,,,,,,,,,,,,,,,,,,,
,10,Catholic Charities — St. Frances Cabrini Center,Houston,"5599 San Felipe Street, Suite 300",+17135954100,Assistance services,legal_aid,1,0,"5,009,302",Harris,,Catholic Charities Archdiocese of Galveston-Houston — Locations,catholic-charities-st-frances-cabrini-center,,unknown,,,,,,,,,,,,voicemail,Asked to leave a message,2026-09-02,DeeJ,,,
,11,Catholic Charities — San Jose Clinic,Houston,2615 Fannin St,+17138746590,Assistance services,"free_clinic, prescriptions",1,0,"5,009,302",Harris,,Catholic Charities Archdiocese of Galveston-Houston — Locations,catholic-charities-san-jose-clinic,,seasonal_closed,,,,2026-09-04,online,,,,,,,reached,Accepting applicants every 4th of the month,2026-09-02,DeeJ,,,
,12,Clear Lake Food Pantry,Houston,15700 Space Center Blvd,,Assistance services,food_pantry,1,0,"5,009,302",Harris,,Harris County Public Library — Food Banks and Food Assistance,clear-lake-food-pantry,,,,,,,,,,,,,,,,,,,,
,13,Klein United Methodist Church Food Pantry,Spring,5290 FM 2920,+17138593405,Assistance services,food_pantry,1,0,"5,009,302",Harris,,Harris County Public Library — Food Banks and Food Assistance,klein-united-methodist-church-food-pantry,,,,,,,,,,,,,,,,,,,,
,14,Trinity Klein Food Pantry,Spring,5201 Spring Cypress Rd,+12812904925,Assistance services,food_pantry,1,0,"5,009,302",Harris,,Harris County Public Library — Food Banks and Food Assistance,trinity-klein-food-pantry,,,,,,,,,,,,,,,,,,,,
,15,Target Hunger,,,,Assistance services,food_pantry,1,0,"5,009,302",Harris,,Harris County Public Library — Food Banks and Food Assistance,target-hunger,,,,,,,,,,,,,,,,,,,,
,16,YMCA of Greater Houston,,,,Assistance services,food_pantry,1,0,"5,009,302",Harris,,Harris County Public Library — Food Banks and Food Assistance,ymca-of-greater-houston,,,,,,,,,,,,,,,,,,,,
,17,Society of St. Vincent de Paul of Harris County,,,+17137418234,Assistance services,"electric_bill, food_pantry, rent_assistance",1,0,"5,009,302",Harris,,needhelppayingbills.com — Harris County assistance programs (AGGREGATOR),society-of-st-vincent-de-paul-of-harris-county,,,,,,,,,,,,,,,,,,,,
,18,Southeast Area Ministries,South Houston,2102 Houston Blvd,+17139440093,Assistance services,"deposit_assistance, electric_bill, gas_vouchers, holiday_assistance, prescriptions, rent_assistance",1,0,"5,009,302",Harris,,needhelppayingbills.com — Harris County assistance programs (AGGREGATOR),southeast-area-ministries,,,,,,,,,,,,,,,,,,,,
,19,Wheeler Avenue Baptist Church Social Service Center,Houston,3826 Wheeler Ave,+17137485240,Assistance services,"electric_bill, food_pantry, mortgage_assistance, rent_assistance",1,0,"5,009,302",Harris,,needhelppayingbills.com — Harris County assistance programs (AGGREGATOR),wheeler-avenue-baptist-church-social-service-center,,,,,,,,,,,,,,,,,,,,
,20,St. Joseph Social Ministry,Houston,4040 W Fuqua St,+17132228903,Assistance services,"electric_bill, food_pantry",1,0,"5,009,302",Harris,,needhelppayingbills.com — Harris County assistance programs (AGGREGATOR),st-joseph-social-ministry,,,,,,,,,,,,,,,,,,,,
,21,St. Mary Magdalene Social Services,Humble,,+12815401907,Assistance services,"electric_bill, food_pantry",1,0,"5,009,302",Harris,,needhelppayingbills.com — Harris County assistance programs (AGGREGATOR),st-mary-magdalene-social-services,,,,,,,,,,,,,,,,,,,,
,22,St. Justin Martyr Social Ministry,,,+12815565116,Assistance services,"electric_bill, gas_bill, rent_assistance, water_bill",1,0,"5,009,302",Harris,,needhelppayingbills.com — Harris County assistance programs (AGGREGATOR),st-justin-martyr-social-ministry,,,,,,,,,,,,,,,,,,,,
,23,"Christian Community Service Center, Inc.",Houston,3434 Branard St,+17138719741,Assistance services,"dental, electric_bill, food_pantry, holiday_assistance, prescriptions, rent_assistance",1,0,"5,009,302",Harris,,needhelppayingbills.com — Harris County assistance programs (AGGREGATOR),christian-community-service-center-inc,,unknown,,,,,,,,,,,,,This phone number is on the federal dnc list.,2026-09-02,Deej,,,
,24,Cypress Assistance Ministries,Cypress,12930 Cypress North Houston Rd,+12819557684,Assistance services,holiday_assistance,1,0,"5,009,302",Harris,,needhelppayingbills.com — Harris County assistance programs (AGGREGATOR),cypress-assistance-ministries,,,,,,,,,,,,,,,,,,,,
,25,Covenant House Texas,Houston,1111 Lovett Blvd.,+17135232231,Assistance services,"free_clinic, holiday_assistance, prescriptions, rent_assistance",1,0,"5,009,302",Harris,,needhelppayingbills.com — Harris County assistance programs (AGGREGATOR),covenant-house-texas,,,,,,,,,,,,,,,,,,,,
,26,Windsor Village United Methodist Church,Houston,6011 W Orem Dr,+17137238187,Assistance services,"electric_bill, food_pantry, mortgage_assistance, rent_assistance, transportation",1,0,"5,009,302",Harris,,needhelppayingbills.com — Harris County assistance programs (AGGREGATOR),windsor-village-united-methodist-church,,,,,,,,,,,,,,,,,,,,
,27,Memorial Assistance Ministries,,,+17134684516,Assistance services,"electric_bill, legal_aid, rent_assistance",1,0,"5,009,302",Harris,,needhelppayingbills.com — Harris County assistance programs (AGGREGATOR),memorial-assistance-ministries,,unknown,,,,,,,,,,,,disconnected,The number dialed is not in service,2026-09-02,Deej,,,
,28,Northwest Assistance Ministries,,,+12818854555,Assistance services,"deposit_assistance, food_pantry, gas_bill, hot_meals, mortgage_assistance, prescriptions, rent_assistance, transportation, water_bill",1,0,"5,009,302",Harris,,needhelppayingbills.com — Harris County assistance programs (AGGREGATOR),northwest-assistance-ministries,,unknown,,,,,,,,,,,,disconnected,The number is disconnected or unavailable,2026-09-02,Deej,,,
,29,St. Pius Catholic Church,Pasadena,824 Main St,+17134739484,Assistance services,"electric_bill, food_pantry, rent_assistance",1,0,"5,009,302",Harris,,needhelppayingbills.com — Harris County assistance programs (AGGREGATOR),st-pius-catholic-church,,,,,,,,,,,,,,,,,,,,
,30,Harris County Area Agency on Aging,Houston,8000 N Stadium Dr,+18323934301,Assistance services,"food_pantry, transportation",1,0,"5,009,302",Harris,,needhelppayingbills.com — Harris County assistance programs (AGGREGATOR),harris-county-area-agency-on-aging,,,,,,,,,,,,,,,,,,,,
,31,My Brother's Keeper Outreach Center,Houston,12621 Bissonnet St,+12814989933,Assistance services,"electric_bill, food_pantry, holiday_assistance, rent_assistance",1,0,"5,009,302",Harris,,needhelppayingbills.com — Harris County assistance programs (AGGREGATOR),my-brother-s-keeper-outreach-center,,,,,,,,,,,,,,,,,,,,
,32,St. John Vianney Social Ministry,Houston,625 Nottingham Oaks Trail,+12814971500,Assistance services,"electric_bill, food_pantry, holiday_assistance, rent_assistance",1,0,"5,009,302",Harris,,needhelppayingbills.com — Harris County assistance programs (AGGREGATOR),st-john-vianney-social-ministry,,,,,,,,,,,,,,,,,,,,
,33,Humble Area Assistance Ministries,Humble,1302 First Street,+12814463663,Assistance services,"deposit_assistance, electric_bill, eviction_prevention, legal_aid, rent_assistance",1,0,"5,009,302",Harris,,needhelppayingbills.com — Harris County assistance programs (AGGREGATOR),humble-area-assistance-ministries,,,,,,,,,,,,,,,,,,,,
,34,LINC Houston Community Services,Houston,800 Houston Ave,+17134262451,Assistance services,"food_pantry, gas_vouchers, prescriptions, rent_assistance, transportation, vision",1,0,"5,009,302",Harris,,needhelppayingbills.com — Harris County assistance programs (AGGREGATOR),linc-houston-community-services,,,,,,,,,,,,,,,,,,,,
,35,Riceville Mt. Olive Baptist Church,Houston,11539 S Gessner Rd,+17137744880,Assistance services,"food_pantry, holiday_assistance, school_supplies",1,0,"5,009,302",Harris,,needhelppayingbills.com — Harris County assistance programs (AGGREGATOR),riceville-mt-olive-baptist-church,,,,,,,,,,,,,,,,,,,,
,36,West Houston Assistance Ministries,,,+17139779942,Assistance services,"electric_bill, food_pantry, holiday_assistance, mortgage_assistance, rent_assistance, transportation",1,0,"5,009,302",Harris,,needhelppayingbills.com — Harris County assistance programs (AGGREGATOR),west-houston-assistance-ministries,,unknown,,,,,,,,,,,,voicemail,The person called is currently on another call. Advised to leave a voicemail,2026-09-02,Deej,,,
,37,Interfaith Caring Ministries,,,+12813323881,Assistance services,"electric_bill, food_pantry, rent_assistance",1,0,"5,009,302",Harris,,needhelppayingbills.com — Harris County assistance programs (AGGREGATOR),interfaith-caring-ministries,,,,,,,,,,,,,,,,,,,,
,38,Katy Christian Ministries,Katy,23232 Kingsland Blvd,+12813915261,Assistance services,"electric_bill, holiday_assistance, rent_assistance",1,0,"5,009,302",Harris,,needhelppayingbills.com — Harris County assistance programs (AGGREGATOR),katy-christian-ministries,,,,,,,,,,,,,,,,,,,,
,39,Cathedral Health and Outreach Ministries,Houston,1212 Prairie St,+17132209737,Assistance services,"dental, food_pantry, free_clinic, holiday_assistance, hot_meals, legal_aid, prescriptions",1,0,"5,009,302",Harris,,needhelppayingbills.com — Harris County assistance programs (AGGREGATOR),cathedral-health-and-outreach-ministries,,,,,,,,,,,,,,,,,,,,
,40,Tomball Emergency Assistance Ministries,Tomball,300 W Main St,+12813516700,Assistance services,"electric_bill, gas_bill, prescriptions, rent_assistance",1,0,"5,009,302",Harris,,needhelppayingbills.com — Harris County assistance programs (AGGREGATOR),tomball-emergency-assistance-ministries,,,,,,,,,,,,,,,,,,,,
,41,"AIDS Foundation Houston, Inc.",Houston,6260 Westpark Dr,+17136236796,Assistance services,"electric_bill, free_clinic, gas_vouchers, prescriptions, rent_assistance, transportation",1,0,"5,009,302",Harris,,needhelppayingbills.com — Harris County assistance programs (AGGREGATOR),aids-foundation-houston-inc,,,,,,,,,,,,,,,,,,,,
,42,Bering Omega Community Services,,,+17135296071,Assistance services,"free_clinic, prescriptions, rent_assistance, transportation",1,0,"5,009,302",Harris,,needhelppayingbills.com — Harris County assistance programs (AGGREGATOR),bering-omega-community-services,,,,,,,,,,,,,,,,,,,,
,43,Brentwood Community Foundation,Houston,13033 1/2 Landmark Street,+17138522551,Assistance services,"electric_bill, food_pantry, mortgage_assistance, rent_assistance",1,0,"5,009,302",Harris,,needhelppayingbills.com — Harris County assistance programs (AGGREGATOR),brentwood-community-foundation,,,,,,,,,,,,,,,,,,,,
,44,Houston Area Urban League,,,+17133938700,Assistance services,mortgage_assistance,1,0,"5,009,302",Harris,,needhelppayingbills.com — Harris County assistance programs (AGGREGATOR),houston-area-urban-league,,,,,,,,,,,,,,,,,,,,
,45,Harris County Community Services,Houston,9418 Jensen Dr,+17136967900,Assistance services,"burial_assistance, electric_bill, food_pantry, rent_assistance",1,0,"5,009,302",Harris,,needhelppayingbills.com — Harris County assistance programs (AGGREGATOR),harris-county-community-services,,,,,,,,,,,,,,,,,,,,
,46,Harris County Community Services — NW Satellite Office,Houston,15555 Kuykendahl,+17136967900,Assistance services,"electric_bill, legal_aid, rent_assistance",1,0,"5,009,302",Harris,,needhelppayingbills.com — Harris County assistance programs (AGGREGATOR),harris-county-community-services-nw-satellite-office,,,,,,,,,,,,,,,,,,,,
,47,Star of Hope,,,,Assistance services,rent_assistance,1,0,"5,009,302",Harris,,needhelppayingbills.com — Harris County assistance programs (AGGREGATOR),star-of-hope,,,,,,,,,,,,,,,,,,,,
,48,"Wesley Community Center, Inc.",Houston,1410 Lee St,+17132238131,Assistance services,"electric_bill, legal_aid, rent_assistance",1,0,"5,009,302",Harris,,needhelppayingbills.com — Harris County assistance programs (AGGREGATOR),wesley-community-center-inc,,unknown,,,,,,,,,,,,,This phone number is on the federal dnc list.,2026-09-02,Karlo,,,
,49,Collaborative for Children,,,+17136001100,Assistance services,childcare,1,0,"5,009,302",Harris,,needhelppayingbills.com — Harris County assistance programs (AGGREGATOR),collaborative-for-children,,,,,,,,,,,,,,,,,,,,
,50,Avance Inc.,,,+17138120033,Assistance services,childcare,1,0,"5,009,302",Harris,,needhelppayingbills.com — Harris County assistance programs (AGGREGATOR),avance-inc,,,,,,,,,,,,,,,,,,,,
,51,Harris County Department of Education,,,+17132733211,Assistance services,childcare,1,0,"5,009,302",Harris,,needhelppayingbills.com — Harris County assistance programs (AGGREGATOR),harris-county-department-of-education,,,,,,,,,,,,,,,,,,,,
,52,United Way of Greater Houston,,,+17136852300,Assistance services,"food_pantry, transportation",1,0,"5,009,302",Harris,,needhelppayingbills.com — Harris County assistance programs (AGGREGATOR),united-way-of-greater-houston,,unknown,,,,,,,,,,,,voicemail,"Tried calling and was referred to an operator, but the call was routed to voicemail twice, preventing further assistance.",2026-09-04,Karlo,,,
WEEK 1,53,"Community Services, Inc.",Corsicana,,+19038722401,"CEAP, WAP","electric_bill, gas_bill, home_repair, hvac_repair, reconnect_fee, utility_deposit, weatherization",10,154,"3,013,945",Anderson; Collin; Denton; Ellis; Henderson; Hunt; Kaufman; Navarro; Rockwall; Van Zandt,75002 75007 75009 75010 75011 75013 75022 75023 75024 75025 75026 75027 75028 75029 75032 75033 75034 75035 75036 75048 75056 75057 75065 75067 75068 75069 75070 75071 75072 75074 75075 75077 75078 75080 75082 75086 75087 75088 75089 75093 75094 75098 75102 75103 75105 75109 75110 75114 75117 75119 75124 75125 75126 75127 75135 75140 75142 75143 75144 75147 75148 75151 75152 75153 75154 75155 75156 75157 75158 75159 75160 75161 75163 75165 75166 75167 75168 75169 75173 75189 75252 75287 75370 75379 75401 75402 75403 75404 75407 75409 75422 75423 75424 75428 75442 75449 75452 75453 75454 75469 75474 75495 75496 75751 75752 75754 75756 75758 75763 75770 75778 75779 75790 75801 75802 75803 75832 75839 75844 75853 75859 75861 76041 76052 76064 76065 76078 76084 76177 76201 76202 76205 76206 76207 76208 76209 76210 76226 76227 76247 76249 76258 76259 76262 76266 76626 76639 76641 76648 76651 76670 76679 76681 76693,TDHCA Master List of Community Affairs Subrecipients,community-services-inc-ceap,,unknown,,,,,,,,,,,Jen,reached,They only provide employment and education support and do not offer hardship assistance.,2026-09-04,Karlo,,,
WEEK 1,54,Texoma Council of Governments,Sherman,,+19038932161,"CEAP, CSBG, WAP","electric_bill, food_pantry, gas_bill, home_repair, hvac_repair, reconnect_fee, rent_assistance, transportation, utility_deposit, weatherization",19,198,"2,952,503",Bowie; Camp; Cass; Collin; Cooke; Delta; Denton; Fannin; Franklin; Grayson; Hopkins; Hunt; Lamar; Marion; Morris; Rains; Red River; Rockwall; Titus,75002 75007 75009 75010 75011 75013 75020 75021 75022 75023 75024 75025 75026 75027 75028 75029 75032 75033 75034 75035 75036 75048 75056 75057 75058 75065 75067 75068 75069 75070 75071 75072 75074 75075 75076 75077 75078 75080 75082 75086 75087 75088 75089 75090 75091 75092 75093 75094 75098 75135 75160 75166 75169 75173 75189 75252 75287 75370 75379 75401 75402 75403 75404 75407 75409 75410 75411 75412 75414 75415 75416 75417 75418 75420 75421 75422 75423 75424 75426 75428 75431 75432 75433 75435 75436 75437 75438 75439 75440 75441 75442 75446 75447 75448 75449 75450 75451 75452 75453 75454 75455 75456 75457 75459 75460 75461 75462 75468 75469 75470 75471 75472 75473 75474 75476 75477 75478 75479 75480 75481 75482 75483 75486 75487 75488 75489 75490 75491 75492 75494 75495 75496 75497 75501 75503 75504 75505 75550 75551 75554 75555 75556 75558 75559 75560 75561 75562 75563 75564 75566 75567 75568 75569 75570 75571 75572 75574 75630 75638 75656 75657 75668 75683 75686 76052 76078 76177 76201 76202 76205 76206 76207 76208 76209 76210 76226 76227 76233 76238 76239 76240 76241 76245 76247 76249 76250 76252 76253 76258 76259 76262 76263 76264 76265 76266 76271 76272 76273,TDHCA Master List of Community Affairs Subrecipients,texoma-council-of-governments-ceap,,unknown,,,,,,,,,,,,refused,The number is for the City Government office and does not handle hardship assistance. It is intended for general city-related concerns and services.,2026-09-04,Karlo,,,
WEEK 1,55,Community Council of Greater Dallas,Dallas,,+12148715065,"CEAP, CSBG, WAP","electric_bill, food_pantry, gas_bill, home_repair, hvac_repair, reconnect_fee, rent_assistance, transportation, utility_deposit, weatherization",1,127,"2,823,843",Dallas,75001 75006 75007 75011 75014 75015 75016 75017 75019 75030 75038 75039 75040 75041 75042 75043 75044 75045 75046 75047 75048 75049 75050 75051 75052 75053 75054 75060 75061 75062 75063 75080 75081 75082 75083 75085 75088 75089 75104 75106 75115 75116 75123 75134 75137 75138 75141 75146 75149 75150 75154 75159 75172 75180 75181 75182 75185 75187 75201 75202 75203 75204 75205 75206 75207 75208 75209 75210 75211 75212 75214 75215 75216 75217 75218 75219 75220 75221 75222 75223 75224 75225 75226 75227 75228 75229 75230 75231 75232 75233 75234 75235 75236 75237 75238 75240 75241 75242 75243 75244 75246 75247 75248 75249 75250 75251 75253 75254 75313 75315 75336 75339 75342 75354 75355 75356 75357 75360 75367 75371 75372 75374 75376 75378 75380 75381 75382,TDHCA Master List of Community Affairs Subrecipients,community-council-of-greater-dallas-ceap,,seasonal_closed,,,,,,,,,,,,voicemail,"As per the automated recording, they are not currently accepting applications. I was instructed to leave my contact information via voicemail for further assistance.",2026-09-04,Karlo,,,
WEEK 1,56,Dallas County Department of Health and Human Services,Dallas,,+12148191848,"CEAP, CSBG, WAP","electric_bill, food_pantry, gas_bill, home_repair, hvac_repair, reconnect_fee, rent_assistance, transportation, utility_deposit, weatherization",1,127,"2,823,843",Dallas,75001 75006 75007 75011 75014 75015 75016 75017 75019 75030 75038 75039 75040 75041 75042 75043 75044 75045 75046 75047 75048 75049 75050 75051 75052 75053 75054 75060 75061 75062 75063 75080 75081 75082 75083 75085 75088 75089 75104 75106 75115 75116 75123 75134 75137 75138 75141 75146 75149 75150 75154 75159 75172 75180 75181 75182 75185 75187 75201 75202 75203 75204 75205 75206 75207 75208 75209 75210 75211 75212 75214 75215 75216 75217 75218 75219 75220 75221 75222 75223 75224 75225 75226 75227 75228 75229 75230 75231 75232 75233 75234 75235 75236 75237 75238 75240 75241 75242 75243 75244 75246 75247 75248 75249 75250 75251 75253 75254 75313 75315 75336 75339 75342 75354 75355 75356 75357 75360 75367 75371 75372 75374 75376 75378 75380 75381 75382,TDHCA Master List of Community Affairs Subrecipients,dallas-county-department-of-health-and-human-services-ceap,,accepting,,,,,appointment,,,"Required Document:

Dallas County Residence Card

Additional Requirements:

Specific requirements will be provided after the pre-screening appointment.",,,Jamie,reached,Offered an appointment for September 10 at 12:00 PM at the Metro Press Services Building.,2026-09-04,Karlo,,,
WEEK 1,57,Alamo Area Council of Governments,San Antonio,,+12103625200,"CEAP, CSBG, WAP","electric_bill, food_pantry, gas_bill, home_repair, hvac_repair, reconnect_fee, rent_assistance, transportation, utility_deposit, weatherization",12,169,"2,679,447",Atascosa; Bandera; Bexar; Comal; Frio; Gillespie; Guadalupe; Karnes; Kendall; Kerr; Medina; Wilson,78002 78003 78004 78005 78006 78008 78009 78010 78011 78012 78013 78015 78016 78017 78023 78024 78025 78026 78027 78028 78029 78039 78050 78052 78054 78055 78056 78057 78058 78059 78061 78062 78063 78064 78065 78066 78069 78070 78073 78074 78101 78108 78109 78111 78112 78113 78114 78115 78116 78117 78118 78119 78121 78123 78124 78130 78131 78132 78133 78140 78141 78147 78148 78150 78151 78152 78154 78155 78156 78160 78161 78163 78201 78202 78203 78204 78205 78206 78207 78208 78209 78210 78211 78212 78213 78214 78215 78216 78217 78218 78219 78220 78221 78222 78223 78224 78225 78226 78227 78228 78229 78230 78231 78232 78233 78234 78235 78236 78237 78238 78239 78240 78242 78244 78245 78246 78247 78248 78249 78250 78251 78252 78253 78254 78255 78256 78257 78258 78259 78260 78261 78263 78264 78265 78266 78268 78269 78270 78278 78279 78280 78283 78284 78288 78291 78292 78293 78294 78295 78296 78297 78298 78299 78618 78623 78624 78631 78638 78648 78655 78670 78671 78675 78850 78861 78883 78884 78885 78886,TDHCA Master List of Community Affairs Subrecipients,alamo-area-council-of-governments-ceap,,unknown,,,,,,,,,,,,voicemail,"None of the available menu options matched the assistance we are looking for. The options were focused on Assisted Home, Veteran Assistance, Special Needs for Adults, and Home for the Aged.",2026-09-04,Karlo,,,
,58,Greater East Texas Community Action Program (GETCAP),Nacogdoches,,+18006215746,"CEAP, CSBG, WAP","electric_bill, food_pantry, gas_bill, home_repair, hvac_repair, reconnect_fee, rent_assistance, transportation, utility_deposit, weatherization",30,254,"2,411,544",Anderson; Angelina; Chambers; Cherokee; Galveston; Gregg; Hardin; Harrison; Henderson; Houston; Jasper; Jefferson; Kaufman; Liberty; Nacogdoches; Newton; Orange; Panola; Polk; Rusk; Sabine; San Augustine; San Jacinto; Shelby; Smith; Trinity; Tyler; Upshur; Van Zandt; Wood,75103 75114 75117 75124 75126 75127 75140 75142 75143 75147 75148 75156 75157 75158 75159 75160 75161 75163 75169 75410 75431 75494 75497 75601 75602 75603 75604 75605 75606 75607 75608 75615 75631 75633 75639 75640 75642 75643 75644 75645 75647 75650 75651 75652 75654 75660 75661 75662 75663 75666 75667 75669 75670 75671 75672 75681 75683 75684 75686 75688 75691 75692 75693 75701 75702 75703 75704 75705 75706 75707 75708 75709 75710 75711 75712 75713 75750 75751 75752 75754 75755 75756 75757 75758 75759 75760 75762 75763 75764 75765 75766 75770 75771 75773 75778 75779 75783 75784 75785 75789 75790 75791 75792 75801 75802 75803 75832 75835 75839 75844 75845 75847 75851 75853 75856 75861 75862 75865 75901 75902 75903 75904 75915 75925 75926 75928 75929 75930 75931 75932 75933 75935 75936 75937 75938 75939 75941 75942 75943 75944 75946 75948 75949 75951 75954 75956 75959 75960 75961 75963 75964 75965 75966 75968 75969 75972 75973 75974 75975 75976 75977 75979 75980 77320 77327 77328 77331 77335 77351 77358 77359 77360 77364 77371 77372 77376 77378 77399 77510 77511 77514 77517 77518 77519 77523 77533 77535 77538 77539 77546 77549 77550 77551 77552 77553 77554 77560 77563 77564 77565 77568 77573 77574 77575 77580 77585 77590 77591 77592 77597 77611 77612 77613 77616 77617 77619 77622 77623 77624 77625 77627 77629 77630 77631 77632 77639 77640 77641 77642 77643 77650 77651 77655 77656 77657 77659 77660 77662 77663 77664 77665 77670 77701 77702 77703 77704 77705 77706 77707 77708 77713 77720 77725 77726,TDHCA Master List of Community Affairs Subrecipients,greater-east-texas-community-action-program-getcap-ceap,,unknown,,,,,,,,,,,,voicemail,Routed to Voice Mail After ringing. ,2026-09-04,Karlo,,,
WEEK 1,59,"Fort Worth, City of, Neighborhood Services Department",Fort Worth,,+18173925790,"CEAP, CSBG, WAP","electric_bill, food_pantry, gas_bill, home_repair, hvac_repair, reconnect_fee, rent_assistance, transportation, utility_deposit, weatherization",1,91,"2,373,979",Tarrant,75050 75051 75052 75053 75054 75261 76001 76002 76003 76004 76005 76006 76007 76008 76010 76011 76012 76013 76014 76015 76016 76017 76018 76020 76021 76022 76028 76034 76036 76039 76040 76051 76052 76053 76054 76060 76063 76071 76092 76094 76095 76096 76099 76101 76102 76103 76104 76105 76106 76107 76108 76109 76110 76111 76112 76113 76114 76115 76116 76117 76118 76119 76120 76121 76123 76124 76126 76127 76131 76132 76133 76134 76135 76136 76137 76140 76147 76148 76155 76161 76162 76163 76164 76177 76179 76180 76182 76185 76244 76248 76262,TDHCA Master List of Community Affairs Subrecipients,fort-worth-city-of-neighborhood-services-department-ceap,,unknown,,,,,,,,,,,,no_answer,Ringing only,2026-09-04,Karlo,,,
WEEK 1,60,Bexar County Department of Community Resources,San Antonio,,+12103353666,"CEAP, CSBG, WAP","electric_bill, food_pantry, gas_bill, home_repair, hvac_repair, reconnect_fee, rent_assistance, transportation, utility_deposit, weatherization",1,97,"2,107,424",Bexar,78002 78006 78015 78023 78039 78052 78054 78069 78073 78101 78109 78112 78148 78150 78152 78154 78201 78202 78203 78204 78205 78206 78207 78208 78209 78210 78211 78212 78213 78214 78215 78216 78217 78218 78219 78220 78221 78222 78223 78224 78225 78226 78227 78228 78229 78230 78231 78232 78233 78234 78235 78236 78237 78238 78239 78240 78242 78244 78245 78246 78247 78248 78249 78250 78251 78252 78253 78254 78255 78256 78257 78258 78259 78260 78261 78263 78264 78265 78266 78268 78269 78270 78278 78279 78280 78283 78284 78288 78291 78292 78293 78294 78295 78296 78297 78298 78299,TDHCA Master List of Community Affairs Subrecipients,bexar-county-department-of-community-resources-ceap,,seasonal_closed,,,,,appointment,,,"Required Documents:

Birth Certificate for everyone in the household
Driver’s License for everyone in the household
CPS Utility Bill
Proof of Income for the last 30 days for everyone in the household",if abpve the required income,,Alex,reached,"Application Process:

No appointments are available for the remainder of this week.
Requests can be submitted online 24/7, with online intake available on Wednesdays through ua.fair.org.
The call was ended when the agent requested the CPS account number to proceed.",2026-09-04,Karlo,,,
WEEK 1,61,"San Antonio, City of, Department of Human Services",San Antonio,,+12102078198,"CEAP, CSBG, WAP","electric_bill, food_pantry, gas_bill, home_repair, hvac_repair, reconnect_fee, rent_assistance, transportation, utility_deposit, weatherization",1,97,"2,107,424",Bexar,78002 78006 78015 78023 78039 78052 78054 78069 78073 78101 78109 78112 78148 78150 78152 78154 78201 78202 78203 78204 78205 78206 78207 78208 78209 78210 78211 78212 78213 78214 78215 78216 78217 78218 78219 78220 78221 78222 78223 78224 78225 78226 78227 78228 78229 78230 78231 78232 78233 78234 78235 78236 78237 78238 78239 78240 78242 78244 78245 78246 78247 78248 78249 78250 78251 78252 78253 78254 78255 78256 78257 78258 78259 78260 78261 78263 78264 78265 78266 78268 78269 78270 78278 78279 78280 78283 78284 78288 78291 78292 78293 78294 78295 78296 78297 78298 78299,TDHCA Master List of Community Affairs Subrecipients,san-antonio-city-of-department-of-human-services-ceap,,accepting,,,,,walk_in,8AM to 10AM CST,none,"Requirements:

Photo ID
Copy of a utility bill dated within the last 30 days
Proof of income",,,Daniela,reached,"Requirements:

Photo ID
Copy of a utility bill dated within the last 30 days
Proof of income

Walk-In Availability:

No daily cap for walk-in applicants
Walk-in hours: 8:00 AM–10:00 AM",2026-09-04,Karlo,,,
WEEK 1,62,Community Action Corporation of South Texas,Alice,,+13616640145,"CEAP, CSBG, WAP","electric_bill, food_pantry, gas_bill, home_repair, hvac_repair, reconnect_fee, rent_assistance, transportation, utility_deposit, weatherization",14,108,"1,859,565",Bee; Brooks; Cameron; Duval; Hidalgo; Jim Hogg; Jim Wells; Kenedy; Kleberg; San Patricio; Starr; Webb; Willacy; Zapata,78019 78040 78041 78042 78043 78044 78045 78046 78067 78076 78102 78104 78119 78125 78142 78146 78162 78332 78335 78336 78338 78341 78344 78349 78352 78353 78355 78357 78359 78360 78361 78362 78363 78368 78369 78370 78371 78372 78374 78375 78376 78379 78383 78384 78385 78387 78389 78390 78391 78501 78502 78503 78504 78505 78516 78520 78521 78522 78523 78526 78535 78536 78537 78538 78539 78540 78541 78542 78543 78545 78547 78548 78550 78551 78552 78553 78557 78559 78560 78561 78562 78563 78564 78566 78569 78570 78572 78573 78574 78575 78576 78577 78578 78579 78580 78582 78583 78584 78586 78588 78589 78591 78593 78595 78596 78597 78598 78599,TDHCA Master List of Community Affairs Subrecipients,community-action-corporation-of-south-texas-ceap,,waitlist,,,,,online,8AM - 5PM CST,,No documents are required at the time of registration.,,,Belinda,reached,"Applications are currently available through a waitlist only. The agent offered to send the registration link via SMS and requested a phone number to send the link. No documents are required during registration.

The agent also mentioned that there is currently a high number of applicants on the waitlist, and assistance will be provided only while funding remains available.",2026-09-04,Karlo,,,
WEEK 1,63,"Combined Community Action, Inc.",Giddings,,+19795402980,"CEAP, CSBG, WAP","electric_bill, food_pantry, gas_bill, home_repair, hvac_repair, reconnect_fee, rent_assistance, transportation, utility_deposit, weatherization",10,100,"1,670,147",Austin; Bastrop; Blanco; Caldwell; Colorado; Fayette; Fort Bend; Hays; Lee; Wharton,77053 77083 77406 77407 77412 77417 77418 77420 77423 77426 77430 77434 77435 77437 77441 77442 77444 77448 77450 77451 77453 77454 77455 77459 77461 77467 77469 77470 77471 77474 77475 77477 77478 77479 77481 77485 77487 77488 77489 77494 77496 77497 77498 77545 77583 77584 77853 78602 78606 78610 78612 78616 78617 78619 78620 78621 78632 78635 78636 78640 78644 78648 78650 78652 78655 78656 78659 78661 78662 78663 78666 78667 78676 78737 78931 78932 78933 78934 78935 78938 78940 78941 78942 78943 78944 78945 78946 78947 78948 78949 78950 78951 78952 78953 78954 78956 78957 78959 78962 78963,TDHCA Master List of Community Affairs Subrecipients,combined-community-action-inc-ceap,,unknown,,,,,,,,,,,,reached,Called regarding Utility Assistance and confirmed that the program serves residents of Wharton County.,2026-09-04,Karlo,,,
WEEK 1,64,City of Austin Health and Human Services Department,Austin,,+15129725000,"CEAP, CSBG, WAP","electric_bill, food_pantry, gas_bill, home_repair, hvac_repair, reconnect_fee, rent_assistance, transportation, utility_deposit, weatherization",1,74,"1,642,866",Travis,78610 78613 78615 78617 78620 78621 78641 78645 78652 78653 78660 78664 78669 78691 78701 78702 78703 78704 78705 78708 78709 78711 78714 78715 78716 78718 78719 78720 78721 78722 78723 78724 78725 78726 78727 78728 78729 78730 78731 78732 78733 78734 78735 78736 78737 78738 78739 78741 78742 78744 78745 78746 78747 78748 78749 78750 78751 78752 78753 78754 78755 78756 78757 78758 78759 78760 78761 78762 78763 78764 78765 78766 78767 78768,TDHCA Master List of Community Affairs Subrecipients,city-of-austin-health-and-human-services-department-ceap,,unknown,,,,,,,,,,,,reached,"Spoke with the agent, who transferred the call to Utility Assistance. The operator advised that they could not find an account associated with the phone number used for the call. The call was then disconnected before further assistance could be provided.",2026-09-04,Karlo,,,
WEEK 1,65,Travis County Health & Human Services/Veterans Services,Austin,,+15128547250,"CEAP, CSBG, WAP","electric_bill, food_pantry, gas_bill, home_repair, hvac_repair, reconnect_fee, rent_assistance, transportation, utility_deposit, weatherization",1,74,"1,642,866",Travis,78610 78613 78615 78617 78620 78621 78641 78645 78652 78653 78660 78664 78669 78691 78701 78702 78703 78704 78705 78708 78709 78711 78714 78715 78716 78718 78719 78720 78721 78722 78723 78724 78725 78726 78727 78728 78729 78730 78731 78732 78733 78734 78735 78736 78737 78738 78739 78741 78742 78744 78745 78746 78747 78748 78749 78750 78751 78752 78753 78754 78755 78756 78757 78758 78759 78760 78761 78762 78763 78764 78765 78766 78767 78768,TDHCA Master List of Community Affairs Subrecipients,travis-county-health-human-services-veterans-services-ceap,,unknown,,,,,,,,,,,,no_answer,The automated recording confirmed that they currently only accept applications for Home Repair Assistance. Utility or other forms of assistance are not currently being accepted.,2026-09-04,Karlo,,,
,66,"Hill Country Community Action Association, Inc.",San Saba,,+13253725167,"CEAP, CSBG, WAP","electric_bill, food_pantry, gas_bill, home_repair, hvac_repair, reconnect_fee, rent_assistance, transportation, utility_deposit, weatherization",13,110,"1,373,509",Bell; Burnet; Coryell; Erath; Hamilton; Lampasas; Llano; Mason; Milam; Mills; San Saba; Somervell; Williamson,76043 76070 76077 76401 76433 76436 76445 76446 76453 76457 76462 76463 76465 76501 76502 76503 76504 76511 76513 76518 76519 76520 76522 76525 76527 76528 76530 76531 76533 76534 76537 76538 76539 76540 76541 76542 76543 76544 76547 76548 76549 76550 76554 76556 76557 76559 76561 76565 76566 76567 76569 76571 76573 76574 76577 76578 76579 76649 76689 76690 76820 76824 76831 76832 76842 76844 76853 76856 76864 76869 76870 76871 76872 76877 76885 76890 77857 78605 78607 78608 78609 78611 78613 78615 78621 78626 78627 78628 78630 78633 78634 78639 78641 78642 78643 78646 78654 78657 78664 78665 78669 78672 78674 78680 78681 78683 78717 78728 78729 78750,TDHCA Master List of Community Affairs Subrecipients,hill-country-community-action-association-inc-ceap,,accepting,,,,,walk_in,,,"Requirements:

Birth Certificate
Valid ID and Social Security information for everyone in the household
Latest Utility Bill
Proof of Income","Disqualifier:

Household income exceeds the program's income limit",,Rebecca,reached,"Application Process:

Visit the Central Office in person to pick up the application form.",2026-09-04,Karlo,,,
,67,Brazos Valley Community Action Programs,Bryan,,+19795952800,"CEAP, CSBG, WAP","electric_bill, food_pantry, gas_bill, home_repair, hvac_repair, reconnect_fee, rent_assistance, transportation, utility_deposit, weatherization",12,91,"1,354,836",Brazos; Burleson; Chambers; Grimes; Leon; Liberty; Madison; Montgomery; Robertson; Walker; Waller; Washington,75831 75833 75846 75850 75852 75855 76629 76687 77301 77302 77303 77304 77305 77306 77316 77318 77320 77327 77328 77339 77340 77342 77353 77354 77355 77356 77357 77358 77362 77363 77365 77372 77378 77380 77381 77382 77384 77385 77386 77387 77393 77423 77426 77445 77446 77447 77484 77493 77514 77523 77533 77535 77538 77560 77564 77575 77580 77597 77665 77801 77802 77803 77805 77806 77807 77808 77830 77831 77833 77834 77835 77836 77837 77840 77841 77842 77845 77856 77859 77861 77864 77865 77868 77871 77872 77873 77879 77880 77881 78932 78946,TDHCA Master List of Community Affairs Subrecipients,brazos-valley-community-action-programs-ceap,,accepting,,,,,online,,,,,,Anna,reached,"The agent confirmed that they are currently accepting applications, but the entire application process must be completed online through capbv.org.",2026-09-04,Karlo,,,
,68,"Community Council of South Central Texas, Inc.",Seguin,,+18303034376,"CEAP, CSBG, WAP","electric_bill, food_pantry, gas_bill, home_repair, hvac_repair, reconnect_fee, rent_assistance, transportation, utility_deposit, weatherization",30,145,"1,022,973",Atascosa; Bandera; Brewster; Comal; Crane; Culberson; Dimmit; Edwards; Frio; Gillespie; Guadalupe; Hudspeth; Jeff Davis; Karnes; Kendall; Kerr; Kinney; La Salle; Live Oak; Maverick; McMullen; Medina; Pecos; Presidio; Real; Terrell; Uvalde; Val Verde; Wilson; Zavala,78001 78003 78004 78005 78006 78007 78008 78009 78010 78011 78012 78013 78014 78015 78016 78017 78019 78021 78022 78024 78025 78026 78027 78028 78029 78039 78050 78052 78055 78056 78057 78058 78059 78060 78061 78062 78063 78064 78065 78066 78069 78070 78071 78072 78073 78074 78075 78101 78108 78111 78113 78114 78115 78116 78117 78118 78119 78121 78123 78124 78130 78131 78132 78133 78140 78141 78147 78151 78154 78155 78156 78160 78161 78163 78253 78264 78266 78350 78368 78383 78618 78623 78624 78631 78638 78648 78655 78670 78671 78675 78801 78802 78827 78828 78829 78830 78832 78833 78834 78836 78837 78838 78839 78840 78841 78842 78850 78851 78852 78853 78860 78861 78870 78871 78872 78873 78877 78879 78880 78881 78883 78884 78885 78886 79730 79731 79734 79735 79740 79743 79744 79781 79830 79837 79839 79842 79843 79845 79846 79847 79848 79851 79852 79854 79855,TDHCA Master List of Community Affairs Subrecipients,community-council-of-south-central-texas-inc-ceap,,unknown,,,,,,,,,,,,voicemail,"The automated recording advised that Utility and Rental Assistance information is available through ccscity.org. The website provides details on program availability and other relevant assistance information, which applicants can review online.",2026-09-04,Karlo,,,
,69,Catholic Charities — Mamie George Community Center,Richmond,1111 Collins Road,+12812026200,Assistance services,rent_assistance,1,0,"958,434",Fort Bend,,Catholic Charities Archdiocese of Galveston-Houston — Locations,catholic-charities-mamie-george-community-center,,accepting,,,,,online,,,"The requirements were not disclosed, as the representative was also unsure of the specific requirements.",,,Yolanda,reached,"Applicants are advised to apply online for Utility and Housing Assistance through catholiccharities.org/housing. Once the application is submitted, a case manager will contact the member to gather additional information and discuss the next steps.

The specific requirements were not disclosed, as the representative was not familiar with the requirements.",2026-09-04,Karlo,,,
,70,Catholic Charities — San Jose Clinic Rosenberg,Rosenberg,1615 Avenue E,+17138746590,Assistance services,"free_clinic, prescriptions",1,0,"958,434",Fort Bend,,Catholic Charities Archdiocese of Galveston-Houston — Locations,catholic-charities-san-jose-clinic-rosenberg,,unknown,,,,,online,,,,,,Monica,wrong_number,"The number provided appears to be for therapy and counseling services, not Utility Assistance. For Utility and Housing Assistance, applicants are advised to apply online through catholiccharities.org/housing.",2026-09-04,Karlo,,,
,71,Economic Opportunities Advancement Corporation,Waco,,+12547530331,"CEAP, CSBG, WAP","electric_bill, food_pantry, gas_bill, home_repair, hvac_repair, reconnect_fee, rent_assistance, transportation, utility_deposit, weatherization",9,111,"945,408",Bosque; Ellis; Falls; Freestone; Hill; Johnson; Limestone; McLennan; Navarro,75102 75105 75109 75110 75119 75125 75144 75151 75152 75153 75154 75155 75165 75167 75168 75831 75838 75840 75846 75848 75855 75859 75860 76009 76028 76031 76033 76036 76041 76044 76050 76055 76058 76059 76061 76063 76064 76065 76084 76093 76097 76457 76524 76557 76570 76621 76622 76624 76626 76627 76628 76629 76630 76631 76632 76633 76634 76635 76636 76637 76638 76639 76640 76641 76642 76643 76645 76648 76649 76651 76652 76653 76655 76656 76657 76660 76661 76664 76665 76666 76667 76670 76671 76673 76676 76678 76679 76680 76681 76682 76685 76687 76689 76690 76691 76692 76693 76701 76702 76703 76704 76705 76706 76707 76708 76710 76711 76712 76714 76716 76798,TDHCA Master List of Community Affairs Subrecipients,economic-opportunities-advancement-corporation-ceap,,accepting,,,,,online,8AM - 5PM CST,,,,,Shiela's VM,voicemail,"The automated recording confirmed that they are currently accepting Utility Assistance applications. However, the call was routed to voicemail, prompting me to leave my name and phone number for further assistance.",2026-09-04,Karlo,,,
WEEK 1,72,Hidalgo County Community Services Agency,Edinburg,,+19563836240,"CEAP, CSBG, WAP","electric_bill, food_pantry, gas_bill, home_repair, hvac_repair, reconnect_fee, rent_assistance, transportation, utility_deposit, weatherization",1,28,"869,184",Hidalgo,78501 78502 78503 78504 78505 78516 78537 78538 78539 78540 78541 78542 78543 78557 78560 78562 78563 78570 78572 78573 78574 78576 78577 78579 78589 78595 78596 78599,TDHCA Master List of Community Affairs Subrecipients,hidalgo-county-community-services-agency-ceap,,accepting,,,,,walk_in,8AM - 5PM CST,"Allocation:

10-day disconnection notice: Every Friday
5-day disconnection notice: Monday through Thursday","Requirements:

Notice of Disconnection
Birth Certificate
Residence Card
Certificate of Citizenship
State ID for anyone in the household 18 years or older",,,Dante,reached,,2026-09-02,Karlo,,,
,73,Rolling Plains Management Corporation,Crowell,,+19406841571,"CEAP, CSBG, WAP","electric_bill, food_pantry, gas_bill, home_repair, hvac_repair, reconnect_fee, rent_assistance, transportation, utility_deposit, weatherization",28,149,"868,903",Archer; Baylor; Brown; Callahan; Clay; Comanche; Cottle; Eastland; Foard; Hardeman; Haskell; Hood; Jack; Jones; Kent; Knox; Montague; Palo Pinto; Parker; Shackelford; Stephens; Stonewall; Taylor; Throckmorton; Wichita; Wilbarger; Wise; Young,76008 76020 76023 76035 76048 76049 76066 76067 76071 76073 76078 76082 76085 76086 76087 76088 76098 76108 76225 76228 76230 76234 76239 76251 76255 76261 76265 76270 76301 76302 76305 76306 76307 76308 76309 76310 76311 76351 76354 76357 76360 76363 76364 76365 76366 76367 76370 76371 76372 76373 76374 76377 76379 76380 76384 76388 76389 76424 76426 76427 76429 76430 76431 76432 76433 76435 76436 76437 76442 76443 76444 76445 76446 76448 76449 76450 76453 76454 76455 76458 76459 76460 76462 76463 76464 76468 76470 76471 76472 76474 76475 76476 76481 76483 76484 76486 76487 76490 76491 76801 76802 76803 76804 76823 76827 76857 76890 79225 79227 79247 79248 79252 79501 79502 79503 79504 79505 79508 79510 79518 79519 79520 79521 79525 79528 79529 79530 79533 79536 79539 79540 79541 79544 79547 79548 79553 79560 79561 79562 79563 79566 79601 79602 79603 79604 79605 79606 79607 79608,TDHCA Master List of Community Affairs Subrecipients,rolling-plains-management-corporation-ceap,,accepting,,,,,phone,8 AM to 5 PM. ,,"Requirements:

Birth Certificate
Passport
Proof of Citizenship
Utility Bills from the last 3 months
Income Information",Eligibility depends on the evaluation of the submitted requirements.,,Maria,reached,Maria requested my name and phone number so that someone could call me back to complete the intake process. No intake was completed during the initial call.,2026-09-02,Karlo,,,
WEEK 1,74,"El Paso Community Action, Project BRAVO",El Paso,,+19155624100,"CEAP, CSBG, WAP","electric_bill, food_pantry, gas_bill, home_repair, hvac_repair, reconnect_fee, rent_assistance, transportation, utility_deposit, weatherization",1,56,"865,537",El Paso,79821 79835 79836 79838 79849 79853 79901 79902 79903 79904 79905 79906 79907 79908 79911 79912 79913 79914 79915 79916 79917 79922 79923 79924 79925 79926 79927 79928 79929 79930 79931 79932 79934 79935 79936 79937 79938 79940 79941 79942 79943 79944 79945 79946 79947 79948 79949 79950 79951 79952 79953 79954 79955 79995 79996 79997,TDHCA Master List of Community Affairs Subrecipients,el-paso-community-action-project-bravo-ceap,,seasonal_closed,,,,,,,,,,,,reached,The automated recording confirmed that applications are currently closed.,2026-09-02,Karlo,,,
,75,75,Georgetown,,+15127631400,"CEAP, CSBG, WAP","electric_bill, food_pantry, gas_bill, home_repair, hvac_repair, reconnect_fee, rent_assistance, transportation, utility_deposit, weatherization",2,37,"793,830",Burnet; Williamson,76511 76527 76530 76537 76550 76573 76574 76578 78605 78608 78611 78613 78615 78621 78626 78627 78628 78630 78633 78634 78639 78641 78642 78646 78654 78657 78664 78665 78669 78674 78680 78681 78683 78717 78728 78729 78750,TDHCA Master List of Community Affairs Subrecipients,williamson-burnet-county-opportunities-inc-ceap,,unknown,,,,,,,,,,,,reached,"The call was answered by an agent but subsequently routed to voicemail, preventing further assistance or information from being obtained.",2026-09-02,Karlo,,,
,76,76,Victoria,,+18006950314,"CEAP, CSBG, WAP","electric_bill, food_pantry, gas_bill, home_repair, hvac_repair, reconnect_fee, rent_assistance, transportation, utility_deposit, weatherization",15,111,"770,504",Aransas; Bee; Brazoria; Calhoun; DeWitt; Goliad; Gonzales; Jackson; Lavaca; Live Oak; Matagorda; McMullen; Refugio; Victoria; Wharton,77404 77414 77419 77420 77422 77428 77430 77434 77435 77437 77444 77448 77453 77454 77455 77457 77458 77465 77467 77468 77480 77482 77486 77488 77511 77512 77515 77516 77531 77534 77541 77542 77566 77577 77578 77581 77583 77584 77588 77901 77902 77903 77904 77905 77950 77951 77954 77957 77960 77961 77962 77963 77964 77967 77968 77969 77970 77971 77974 77975 77976 77977 77978 77979 77982 77983 77984 77986 77988 77990 77991 77994 77995 78007 78008 78022 78060 78071 78072 78075 78102 78104 78107 78119 78122 78125 78140 78141 78142 78146 78159 78162 78164 78336 78340 78350 78358 78368 78377 78381 78382 78383 78389 78391 78393 78614 78629 78632 78677 78956 78959,TDHCA Master List of Community Affairs Subrecipients,crossroads-community-action-ceap,,unknown,,,,,,,,,,,,voicemail,"As per the IVR, updates may take up to 4 weeks after the application is submitted. The call continued to ring with no answer, despite being placed within the stated service hours.",2026-09-02,Karlo,,,
,77,77,Conroe,304 Avenue E,(713) 752-0677,Assistance services,rent_assistance,1,0,"749,613",Montgomery,,The Salvation Army Houston Area Command — Community Centers,the-salvation-army-conroe-community-center,,accepting,,,There are funds for everyone in houston,,online,,0,"1. US Citizen
2. Eviction Notice
3. Proof of Citizenship
4. Banking Statements",If you dont have any of those documents,,Tanya,reached,Application is through online. SAHELP.org,2026-09-02,Karlo,The whoel of houston,,not_applicable
,78,Texas Neighborhood Services,Weatherford,,+18175985700,"CEAP, CSBG, WAP","electric_bill, food_pantry, gas_bill, home_repair, hvac_repair, reconnect_fee, rent_assistance, transportation, utility_deposit, weatherization",7,60,"734,252",Erath; Hood; Johnson; Palo Pinto; Parker; Somervell; Wise,76008 76009 76020 76023 76028 76031 76033 76035 76036 76043 76044 76048 76049 76050 76058 76059 76061 76063 76066 76067 76070 76071 76073 76077 76078 76082 76084 76085 76086 76087 76088 76093 76097 76098 76108 76225 76234 76270 76401 76426 76429 76431 76433 76445 76446 76449 76453 76457 76462 76463 76465 76472 76475 76476 76484 76486 76487 76490 76649 76690,TDHCA Master List of Community Affairs Subrecipients,texas-neighborhood-services-ceap,,waitlist,,,,,online,,,,,,Melinda,reached,"The program is currently closed, but customers can still apply for assistance through the website. Applications will be reviewed, and qualified applicants will be contacted regarding the next steps. Water and rental assistance are not covered under this program. ",2026-09-02,Karlo,,,
,79,"West Texas Opportunities, Inc.",Lamesa,,+18068728354,"CEAP, CSBG, WAP","electric_bill, food_pantry, gas_bill, home_repair, hvac_repair, reconnect_fee, rent_assistance, transportation, utility_deposit, weatherization",18,69,"510,349",Andrews; Borden; Dawson; Ector; Fisher; Gaines; Glasscock; Howard; Loving; Martin; Midland; Mitchell; Nolan; Reeves; Scurry; Upton; Ward; Winkler,79331 79342 79351 79359 79360 79377 79506 79511 79512 79517 79526 79527 79532 79534 79535 79537 79543 79545 79546 79549 79556 79560 79561 79565 79701 79702 79703 79704 79705 79706 79707 79708 79710 79712 79713 79714 79718 79719 79720 79733 79738 79739 79741 79742 79745 79748 79749 79752 79755 79756 79758 79759 79760 79761 79762 79763 79764 79765 79766 79768 79769 79770 79772 79777 79778 79782 79783 79785 79789,TDHCA Master List of Community Affairs Subrecipients,west-texas-opportunities-inc-ceap,,unknown,,,,,online,,,,,,,voicemail,"The operator answered briefly but routed the call to voicemail, preventing further assistance or confirmation from being provided.",,,,,
,80,Panhandle Community Services,Amarillo,,+18063722531,"CEAP, CSBG, WAP","electric_bill, food_pantry, gas_bill, home_repair, hvac_repair, reconnect_fee, rent_assistance, transportation, utility_deposit, weatherization",26,96,"439,754",Armstrong; Briscoe; Carson; Castro; Childress; Collingsworth; Dallam; Deaf Smith; Donley; Gray; Hall; Hansford; Hartley; Hemphill; Hutchinson; Lipscomb; Moore; Ochiltree; Oldham; Parmer; Potter; Randall; Roberts; Sherman; Swisher; Wheeler,73960 79001 79002 79003 79005 79007 79008 79009 79010 79011 79012 79013 79014 79015 79018 79019 79022 79024 79027 79029 79033 79034 79035 79036 79039 79040 79042 79043 79044 79045 79046 79051 79052 79056 79057 79058 79059 79061 79062 79063 79065 79066 79068 79070 79078 79079 79080 79081 79083 79084 79085 79086 79087 79088 79091 79092 79093 79094 79095 79096 79097 79098 79101 79102 79103 79104 79105 79106 79107 79108 79109 79110 79111 79114 79116 79117 79118 79119 79120 79121 79124 79159 79201 79226 79230 79237 79239 79240 79245 79251 79255 79257 79259 79261 79325 79347,TDHCA Master List of Community Affairs Subrecipients,panhandle-community-services-ceap,,waitlist,,,,,online,8AM - 5PM CST,,,,,,reached,For people with disability only. For utility assistance the application is done through Panhandlehelp.org After submission it will be reviewed for 30 days. That's the time the results will come through.,2026-09-02,Karlo,,,
,81,"South Plains Community Action Association, Inc.",Levelland,,+18068946104,"CEAP, CSBG, WAP","electric_bill, food_pantry, gas_bill, home_repair, hvac_repair, reconnect_fee, rent_assistance, transportation, utility_deposit, weatherization",15,80,"430,794",Bailey; Cochran; Crosby; Dickens; Floyd; Garza; Hale; Hockley; King; Lamb; Lubbock; Lynn; Motley; Terry; Yoakum,79031 79032 79041 79043 79064 79072 79073 79082 79220 79221 79229 79234 79235 79236 79241 79243 79244 79248 79250 79255 79256 79258 79311 79312 79313 79314 79316 79322 79323 79324 79326 79329 79330 79336 79339 79343 79344 79345 79346 79347 79350 79351 79353 79355 79356 79357 79358 79359 79363 79364 79366 79367 79370 79371 79372 79373 79376 79381 79382 79401 79403 79404 79407 79408 79409 79410 79411 79412 79413 79414 79415 79416 79423 79424 79452 79453 79464 79490 79493 79499,TDHCA Master List of Community Affairs Subrecipients,south-plains-community-action-association-inc-ceap,,unknown,,,,,,,,,,,,voicemail,"The operator answered the call and forwarded it to Utility Assistance. However, once forwarded, the call was routed to voicemail, prompting me to leave a recorded message.",2026-09-02,Karlo,,,
,82,Southeast Texas Regional Planning Commission,Beaumont,,+14098998444,CEAP,"electric_bill, gas_bill, reconnect_fee, utility_deposit",3,40,"408,189",Hardin; Jefferson; Orange,77376 77519 77564 77585 77611 77613 77619 77622 77625 77627 77629 77630 77631 77632 77639 77640 77641 77642 77643 77651 77655 77656 77657 77659 77662 77663 77665 77670 77701 77702 77703 77704 77705 77706 77707 77708 77713 77720 77725 77726,TDHCA Master List of Community Affairs Subrecipients,southeast-texas-regional-planning-commission-ceap,,unknown,,,,,,8AM - 4PM,,,,,,voicemail,Was routed to voicemail box,2026-09-02,Karlo,,,
,83,Catholic Charities — Beacon of Hope Center,Galveston,"4700 Broadway, Suite B-101",+14097622064,Assistance services,rent_assistance,1,0,"367,407",Galveston,,Catholic Charities Archdiocese of Galveston-Houston — Locations,catholic-charities-beacon-of-hope-center,,unknown,,,,,,8AM to 4PM (Branch Office),,,,,,reached,"Asked to leave a phone number, she will call us back",2026-09-02,Karlo,,,
,84,Galveston County Food Bank,Texas City,624 4th Avenue N.,,Assistance services,food_pantry,1,0,"367,407",Galveston,,Harris County Public Library — Food Banks and Food Assistance,galveston-county-food-bank,,,,,,,,,,,,,,,,,,,,
,85,Nueces County Community Action Agency,Corpus Christi,,+13618837201,"CEAP, CSBG, WAP","electric_bill, food_pantry, gas_bill, home_repair, hvac_repair, reconnect_fee, rent_assistance, transportation, utility_deposit, weatherization",1,36,"356,424",Nueces,78330 78339 78343 78351 78373 78380 78383 78401 78402 78403 78404 78405 78406 78407 78408 78409 78410 78411 78412 78413 78414 78415 78416 78417 78418 78419 78426 78427 78460 78463 78465 78466 78467 78468 78469 78480,TDHCA Master List of Community Affairs Subrecipients,nueces-county-community-action-agency-ceap,,unknown,,,,,online,,,,,,Naomi,refused,"
The agent was unable to provide details on how the process works and simply redirected all inquiries to the website, nccaatx.org, without providing further guidance or clarification.",2026-09-02,Karlo,,,
,86,"Tri-County Community Action, Inc.",Center,,+19365986315,"CEAP, CSBG, WAP","electric_bill, food_pantry, gas_bill, home_repair, hvac_repair, reconnect_fee, rent_assistance, transportation, utility_deposit, weatherization",9,55,"341,265",Harrison; Jasper; Newton; Panola; Sabine; San Augustine; Shelby; Tyler; Upshur,75601 75602 75605 75631 75633 75639 75640 75642 75643 75644 75645 75647 75650 75651 75661 75669 75670 75671 75672 75683 75686 75688 75691 75692 75755 75928 75929 75930 75931 75932 75933 75935 75936 75938 75942 75948 75951 75954 75956 75959 75966 75968 75972 75973 75974 75975 75977 75979 77612 77616 77624 77632 77660 77663 77664,TDHCA Master List of Community Affairs Subrecipients,tri-county-community-action-inc-ceap,,accepting,,,,,online,,,,,,Patricia,refused,"Patricia was not willing to provide any information and redirected all inquiries to tccainc.org. The website provides access to the application form and a complete list of requirements, so applicants can review the information and submit their application directly through the site.",,,,,
,87,"Community Services of Northeast Texas, Inc.",Linden,,+19037565596,"CEAP, CSBG, WAP","electric_bill, food_pantry, gas_bill, home_repair, hvac_repair, reconnect_fee, rent_assistance, transportation, utility_deposit, weatherization",12,75,"339,102",Bowie; Camp; Cass; Delta; Franklin; Hopkins; Lamar; Marion; Morris; Rains; Red River; Titus,75410 75411 75412 75415 75416 75417 75420 75421 75426 75431 75432 75433 75435 75436 75437 75440 75441 75446 75448 75450 75451 75453 75455 75456 75457 75460 75461 75462 75468 75469 75470 75471 75472 75473 75477 75478 75480 75481 75482 75483 75486 75487 75494 75497 75501 75503 75504 75505 75550 75551 75554 75555 75556 75558 75559 75560 75561 75562 75563 75564 75566 75567 75568 75569 75570 75571 75572 75574 75630 75638 75656 75657 75668 75683 75686,TDHCA Master List of Community Affairs Subrecipients,community-services-of-northeast-texas-inc-ceap,,unknown,,,,,,,,,,,,no_answer,Asked to record message. ,2026-09-03,Karlo,,,
,88,Community Action Inc. of Central Texas,San Marcos,,+15123921161,"CEAP, CSBG, WAP","electric_bill, food_pantry, gas_bill, home_repair, hvac_repair, reconnect_fee, rent_assistance, transportation, utility_deposit, weatherization",3,22,"326,428",Blanco; Caldwell; Hays,78606 78610 78616 78619 78620 78632 78635 78636 78640 78644 78648 78652 78655 78656 78661 78662 78663 78666 78667 78676 78737 78953,TDHCA Master List of Community Affairs Subrecipients,community-action-inc-of-central-texas-ceap,,unknown,,,,,,"8am to 12nn, 1PM to 5PM.",,,,,,voicemail,Asked to record message. ,2026-09-03,Karlo,,,
,89,Guadalupe Economic Services Corporation,Lubbock,,+18067444416,WAP,"home_repair, hvac_repair, weatherization",1,30,"309,904",Lubbock,79311 79329 79343 79350 79358 79363 79364 79366 79382 79401 79403 79404 79407 79408 79409 79410 79411 79412 79413 79414 79415 79416 79423 79424 79452 79453 79464 79490 79493 79499,TDHCA Master List of Community Affairs Subrecipients,guadalupe-economic-services-corporation-wap,,,,,,,,,,,,,,,,,,,,
,90,"Lubbock, City of, Community Development Department",Lubbock,,+18067752296,"CEAP, WAP","electric_bill, gas_bill, home_repair, hvac_repair, reconnect_fee, utility_deposit, weatherization",1,30,"309,904",Lubbock,79311 79329 79343 79350 79358 79363 79364 79366 79382 79401 79403 79404 79407 79408 79409 79410 79411 79412 79413 79414 79415 79416 79423 79424 79452 79453 79464 79490 79493 79499,TDHCA Master List of Community Affairs Subrecipients,lubbock-city-of-community-development-department-ceap,,accepting,,,,,phone,8AM - 5PM CST,,"1. Must have a Notice of Disconnection.
2. Someone in the household must be a senior citizen or a child under 5 years old.",If electricity is still active,,Karina,reached,"Advised to contact the following organizations for additional assistance:

Neighborhood House: 806-589-1907
Catholic Charities: 806-765-8475",2026-09-03,Karlo,,,
,91,Webb County Community Action Agency,Laredo,,+19565234222,"CEAP, CSBG, WAP","electric_bill, food_pantry, gas_bill, home_repair, hvac_repair, reconnect_fee, rent_assistance, transportation, utility_deposit, weatherization",1,11,"268,453",Webb,78019 78040 78041 78042 78043 78044 78045 78046 78344 78369 78371,TDHCA Master List of Community Affairs Subrecipients,webb-county-community-action-agency-ceap,,seasonal_closed,,,,2026-09-14,walk_in,8AM - 5PM CST,,"1. The checklist will be provided during the application intake process.

2. They prefer not to provide specific information, as requirements may vary depending on the applicant’s profile. ",,,Miss Rubio,reached,"Advised the customer to visit the office on September 14, when they reopen.",2026-09-03,Karlo,,,
,92,Concho Valley Community Action Agency,San Angelo,,+13256532411,"CEAP, CSBG, WAP","electric_bill, food_pantry, gas_bill, home_repair, hvac_repair, reconnect_fee, rent_assistance, transportation, utility_deposit, weatherization",14,61,"174,876",Coke; Coleman; Concho; Crockett; Irion; Kimble; McCulloch; Menard; Reagan; Runnels; Schleicher; Sterling; Sutton; Tom Green,76821 76825 76828 76834 76836 76837 76841 76845 76848 76849 76852 76854 76858 76859 76861 76862 76865 76866 76871 76872 76873 76874 76875 76878 76882 76883 76884 76886 76887 76888 76901 76902 76903 76904 76905 76906 76908 76909 76930 76932 76933 76934 76935 76936 76937 76939 76940 76941 76943 76945 76950 76951 76955 76957 76958 79506 79519 79538 79566 79567 79739,TDHCA Master List of Community Affairs Subrecipients,concho-valley-community-action-agency-ceap,,unknown,,,,,,,,,,,,gatekeeper,The call was answered by an AI agent designed to interact like a live representative. The system was able to respond to inquiries and handle the conversation similarly to a human agent.,2026-09-03,Karlo,,,
,93,Cornerstone Community Action Agency,Coleman,,+13256254167,"CEAP, CSBG, WAP","electric_bill, food_pantry, gas_bill, home_repair, hvac_repair, reconnect_fee, rent_assistance, transportation, utility_deposit, weatherization",7,51,"119,116",Brown; Callahan; Coleman; Comanche; Eastland; McCulloch; Runnels,76432 76435 76436 76437 76442 76443 76444 76445 76446 76448 76454 76455 76464 76468 76470 76471 76474 76801 76802 76803 76804 76821 76823 76825 76827 76828 76834 76836 76845 76852 76857 76858 76861 76865 76871 76872 76873 76875 76878 76882 76884 76887 76888 76890 76933 79504 79510 79519 79538 79566 79567,TDHCA Master List of Community Affairs Subrecipients,cornerstone-community-action-agency-ceap,,seasonal_closed,,,,2026-09-30,online,,,"At least one household member age 60 or older must be living in the home.

A child age 5 or younger must be living in the household.

A household member with a disability must be living in the home",,,Reiley,reached,"Spoke with Reiley, who confirmed that they are currently closed for intake. She mentioned that the program will likely reopen toward the end of this month, although no specific reopening date was provided. ",2026-09-03,Karlo,,,
,94,South Texas Development Council,Laredo,,+19567223995,"CEAP, WAP","electric_bill, gas_bill, home_repair, hvac_repair, reconnect_fee, utility_deposit, weatherization",3,13,"84,541",Jim Hogg; Starr; Zapata,78067 78076 78360 78361 78536 78545 78547 78548 78564 78582 78584 78588 78591,TDHCA Master List of Community Affairs Subrecipients,south-texas-development-council-ceap,,seasonal_closed,,,,,,,,,,,Leticia,reached,"Spoke with the operator, who confirmed that they are currently closed for new intakes. I was referred to 956-234-182 for Utility Assistance for further assistance.",2026-09-03,Karlo,,,
,95,Economic Action Committee of the Gulf Coast,Bay City,,+19792456901,"CEAP, WAP","electric_bill, gas_bill, home_repair, hvac_repair, reconnect_fee, utility_deposit, weatherization",2,19,"80,918",Matagorda; Wharton,77404 77414 77419 77420 77428 77434 77435 77437 77448 77453 77454 77455 77457 77458 77465 77467 77468 77482 77488,TDHCA Master List of Community Affairs Subrecipients,economic-action-committee-of-the-gulf-coast-ceap,,unknown,,,,,,,,,,,,voicemail,"High wait time, forwarded to VM - will attempt to call again",2026-09-03,Karlo,,,
,96,"Aspermont Small Business Development Center, Inc.",Aspermont,,+19409893538,"CEAP, CSBG, WAP","electric_bill, food_pantry, gas_bill, home_repair, hvac_repair, reconnect_fee, rent_assistance, transportation, utility_deposit, weatherization",6,28,"58,752",Haskell; Jones; Kent; Knox; Stonewall; Throckmorton,76363 76371 76372 76388 76483 76491 79227 79501 79502 79503 79505 79518 79520 79521 79525 79528 79529 79533 79536 79539 79540 79544 79547 79548 79553 79560 79561 79601,TDHCA Master List of Community Affairs Subrecipients,aspermont-small-business-development-center-inc-ceap,,accepting,,,,,,,,,,,Kelly,refused,"Kelly refused to give details without confirming phone number, mailing address, SSN etc..",2026-09-03,Karlo,,,
,97,Community Action Social Services & Education,Eagle Pass,,+18307737274,"CEAP, WAP","electric_bill, gas_bill, home_repair, hvac_repair, reconnect_fee, utility_deposit, weatherization",1,4,"57,885",Maverick,78852 78853 78860 78877,TDHCA Master List of Community Affairs Subrecipients,community-action-social-services-education-ceap,,funds_exhausted,,,,Agent can't determine for now,phone,9AM - 5PM CST,,"New Funding year, documents/requirements are changing, refuse to give details",,,Karina,reached,"Funds exhausted. Entering a new funding year, advised to call again from time to time to check. ",2026-09-03,Karlo,,,
,98,Kleberg County Human Services,Kingsville,,+13615958572,"CEAP, WAP","electric_bill, gas_bill, home_repair, hvac_repair, reconnect_fee, utility_deposit, weatherization",2,4,"31,324",Kenedy; Kleberg,78338 78363 78379 78385,TDHCA Master List of Community Affairs Subrecipients,kleberg-county-human-services-ceap,,accepting,,,,,walk_in,9AM - 5PM CST,None,Requirements list will be given after scheduled appointment,The agent can't determine this. The case manager will make that decision on-site.,,Joseph,reached,"
Land mark: 1109 East Santa Hitrudes St, Kingsville. El Dorado restaurant ",2026-09-03,Karlo,,,
,99,Pecos County Community Action Agency,Fort Stockton,,+14323367526,"CEAP, WAP","electric_bill, gas_bill, home_repair, hvac_repair, reconnect_fee, utility_deposit, weatherization",3,9,"20,241",Crane; Pecos; Terrell,78851 79730 79731 79735 79740 79743 79744 79781 79848,TDHCA Master List of Community Affairs Subrecipients,pecos-county-community-action-agency-ceap,,accepting,,,,,walk_in,9AM - 5PM CST,None,"Passport, If no Passport, Birth Certificate, License, and Social.",No disqualification,,Patricia,reached,"Pick up the application
100 South Jackson",2026-09-03,Karlo,,,
,100,Alachua County Emergency Financial Assistance Program (EFAP) - Housing/Rent,Gainesville,"218 SE 24th St, Gainesville, FL 32641",352-264-6750,Assistance Program,rent_assistance,,,,Alachua County,"32601, 32603, 32605, 32606, 32607, 32608, 32609, 32610, 32611, 32615, 32618, 32622, 32631, 32640, 32641, 32643, 32653, 32666, 32667, 32669, 3269",,,,,,,,,,,,,,,,,,,,,,
,101,Alachua County Emergency Financial Assistance Program (EFAP) - Utility,Gainesville,"218 SE 24th St, Gainesville, FL 32641",352-264-6750,Assistance Program,"electric_bill, gas_bill",,,,Alachua County,,,,,,,,,,,,,,,,,,,,,,,
,102,Local Food Assistance Resource Network,Varies by provider,Varies by participating provider,N/A,Assistance Program,food_pantry,,,,Alachua County,"32601, 32603, 32605, 32606, 32607, 32608, 32609, 32610, 32611, 32615, 32618, 32622, 32631, 32640, 32641, 32643, 32653, 32666, 32667, 32669, 32694.",,,,,,,,,,,,,,,,,,,,,,
,103,Northeast Florida Community Action Agency — Emergency Assistance / Housing Services,Baker County,Confirm current Baker County intake location,904-259-4481,Assistance Program,rent_assistance,,,,Baker County,"32040, 32063, 32087, 32003, 32030, 32043, 32065, 32068, 32073, 32079, 32656, 32009, 32034, 32043, 32065, 32201–32277, 32290, 32011, 32034, 32041, 32046, 32097, 32177, 32178, 32189, 32193, 32195, 32033, 32080, 32081, 32082, 32084, 32085, 32086, 32092, 32095, 32259",,,,,,,,,,,,,,,,,,,,,,
,104,LIHEAP — Northeast Florida Community Action Agency,Baker County,Confirm current Baker County intake location,904-259-4481,Assistance Program,"electric_bill, gas_bill",,,,Baker County,"32040, 32063, 32087, 32003, 32030, 32043, 32065, 32068, 32073, 32079, 32201–32277, 32110, 32135–32137, 32164, 32174, 32176, 32011, 32034, 32041, 32046, 32097, 32177, 32178, 32189, 32193, 32195, 32033, 32080–32086, 32092, 32095",,,,,,,,,,,,,,,,,,,,,,
,105,Baker County Food Assistance / Local Pantry Referral,Varies by provider,Varies by provider,N/A,Assistance Program,food_pantry,,,,Baker County,"32040,32043, 32063, 32087",,,,,,,,,,,,,,,,,,,,,,
,106,Bay County Housing / Emergency Assistance Services,Panama City,"840 W 11th St, Panama City, FL 32401",850-248-8140,Assistance Program,rent_assistance,,,,Bay County,"32401, 32403, 32404, 32405, 32407, 32408, 32409, 32413, 32437, 32438, 32444, 32456, 32466",,,,,,,,,,,,,,,,,,,,,,
,107,LIHEAP — Bay County Council on Aging,Panama City,"1116 Frankford Ave, Panama City, FL 32401",850-769-3468,Assistance Program,"electric_bill, gas_bill",,,,Bay County,,,,,,,,,,,,,,,,,,,,,,,
,108,Bay County Food Pantries and School Lunch Sites,Panama City,"840 W 11th St, Panama City, FL 32401",850-248-8140,Assistance Program,food_pantry,,,,Bay County,,,,,,,,,,,,,,,,,,,,,,,
,109,Suwannee River Economic Council — Emergency/Housing Assistance,Bradford County,Confirm current Bradford County intake location,904-964-6696,Assistance Program,rent_assistance,,,,Bradford County,,,,,,,,,,,,,,,,,,,,,,,
,110,LIHEAP — Suwannee River Economic Council,Bradford County,Confirm current Bradford County intake location,904-964-6696,Assistance Program,"electric_bill, gas_bill",,,,Bradford County,,,,,,,,,,,,,,,,,,,,,,,
,111,Bradford County Food Assistance / Local Pantry Referral,Varies by provider,Varies by provider,N/A,Assistance Program,food_pantry,,,,Bradford County,,,,,,,,,,,,,,,,,,,,,,,
,112,Community Action Agency — Rent Payment Assistance,Cocoa,"Dr. Joe Lee Smith Community Center, 415 Stone St, Cocoa, FL 32922",321-633-1951,Assistance Program,rent_assistance,,,,Brevard County,,,,,,,,,,,,,,,,,,,,,,,
,113,Low Income Home Energy Assistance Program (LIHEAP) — Community Action Agency,Cocoa,"Dr. Joe Lee Smith Community Center, 415 Stone St, Cocoa, FL 32922",321-633-1951,Assistance Program,"electric_bill, gas_bill",,,,Brevard County,,,,,,,,,,,,,,,,,,,,,,,
,114,Brevard County Food/Nutrition Assistance Referral,Varies by provider,Varies by provider,N/A,Assistance Program,food_pantry,,,,Brevard County,,,,,,,,,,,,,,,,,,,,,,,
,115,Broward County Family Success Centers — Emergency Rent/Mortgage/Utility Assistance,Fort Lauderdale,"115 S Andrews Ave, Fort Lauderdale, FL 33301",954-357-5025,Assistance Program,"electric_bill, mortgage_assistance, rent_assistance",,,,Broward County,,,,,,,,,,,,,,,,,,,,,,,
,116,Low Income Home Energy Assistance Program (LIHEAP) — Broward County Community Action Agency,Fort Lauderdale,"900 NW 31st Ave., Fort Lauderdale, FL 33311",954-357-5025,Assistance Program,"electric_bill, gas_bill",,,,Broward County,,,,,,,,,,,,,,,,,,,,,,,
,117,"Healthy Mothers, Healthy Babies — Emergency Basic Needs Assistance",Verify current location,Verify intake location when applying,N/A,Assistance Program,food_pantry,,,,Broward County,,,,,,,,,,,,,,,,,,,,,,,
,118,Local Housing/Rent Assistance Referral — Calhoun County,Verify current location,Confirm current local intake location,850-674-5067,Assistance Program,rent_assistance,,,,Calhoun County,,,,,,,,,,,,,,,,,,,,,,,
,119,LIHEAP — Capital Area Community Action Agency,Calhoun County,Confirm Calhoun County intake location,850-674-5067,Assistance Program,"electric_bill, gas_bill",,,,Calhoun County,,,,,,,,,,,,,,,,,,,,,,,
,120,WIC — Florida Department of Health in Calhoun County,Blountstown,"19611 SR 20 W, Blountstown, FL 32424",800-342-3556,Assistance Program,food_pantry,,,,Calhoun County,,,,,,,,,,,,,,,,,,,,,,,
,121,"Charlotte County Human Services — Rent, Mortgage & Utility Assistance",Port Charlotte,"21500 Gibralter Dr, Unit 1, Port Charlotte, FL 33952",941-833-6500,Assistance Program,"electric_bill, mortgage_assistance, rent_assistance",,,,Charlotte County,,,,,,,,,,,,,,,,,,,,,,,
,122,LIHEAP — Charlotte County Human Services,Port Charlotte,"21500 Gibralter Dr, Unit 1, Port Charlotte, FL 33952",941-833-6500,Assistance Program,"electric_bill, gas_bill",,,,Charlotte County,,,,,,,,,,,,,,,,,,,,,,,
,123,Charlotte County Family Services Center — Food Pantry and Nutrition Program Referral,Port Charlotte,"18500 Murdock Circle, Port Charlotte, FL 33948",941-833-6500,Assistance Program,food_pantry,,,,Charlotte County,,,,,,,,,,,,,,,,,,,,,,,
,124,Citrus County Community Resource Assistance — Housing/Rental Referral,Verify current location,Confirm current intake location,352-527-7520,Assistance Program,rent_assistance,,,,Citrus County,,,,,,,,,,,,,,,,,,,,,,,
,125,LIHEAP — Citrus County,Verify current location,Confirm current LIHEAP intake location,352-527-7520,Assistance Program,"electric_bill, gas_bill",,,,Citrus County,,,,,,,,,,,,,,,,,,,,,,,
,126,Farm Share — Emergency Food Assistance Referral,Homestead,"14125 SW 320th St, Homestead, FL 33033",305-246-3276,Assistance Program,food_pantry,,,,Citrus County,,,,,,,,,,,,,,,,,,,,,,,
,127,Impact Clay / Clay County Community Resource Guide — Rental and Homelessness Assistance,Green Cove Springs,"P.O. Box 1366, Green Cove Springs, FL 32043",904-269-6300,Assistance Program,"eviction_prevention, rent_assistance",,,,Clay County,,,,,,,,,,,,,,,,,,,,,,,
,128,LIHEAP — Northeast Florida Community Action Agency,Clay County,Confirm current Clay County intake location,904-362-8052,Assistance Program,"electric_bill, gas_bill",,,,Clay County,,,,,,,,,,,,,,,,,,,,,,,
,129,Impact Clay / Clay County Community Resource Guide — Food Assistance,Green Cove Springs,"P.O. Box 1366, Green Cove Springs, FL 32043",904-269-6300,Assistance Program,food_pantry,,,,Clay County,,,,,,,,,,,,,,,,,,,,,,,
,130,Collier County Community & Human Services — Social Services,Naples,"3339 Tamiami Trail E, Naples, FL 34112",239-252-2273,Assistance Program,rent_assistance,,,,Collier County,,,,,,,,,,,,,,,,,,,,,,,
,131,"LIHEAP — Agricultural and Labor Program, Inc. (ALPI)",Immokalee/Collier County,Immokalee/Collier County service location — confirm before visit,239-657-7272,Assistance Program,"electric_bill, gas_bill",,,,Collier County,,,,,,,,,,,,,,,,,,,,,,,
,132,Harry Chapin Food Bank — Collier County Center / Partner Pantry Network,Naples,"3940 Prospect Ave #101, Naples, FL 34104",239-334-7007,Assistance Program,food_pantry,,,,Collier County,,,,,,,,,,,,,,,,,,,,,,,
,133,Columbia County SHIP / Local Housing Assistance Program,Lake City,"135 NE Hernando Ave, Suite 203, Lake City, FL 32055",386-758-1005,Assistance Program,rent_assistance,,,,Columbia County,,,,,,,,,,,,,,,,,,,,,,,
,134,"LIHEAP — Suwannee River Economic Council, Inc.",Lake City,"303 NW Quinten St, Lake City, FL 32055-2104",386-752-8726,Assistance Program,"electric_bill, gas_bill",,,,Columbia County,,,,,,,,,,,,,,,,,,,,,,,
,135,Christian Service Center of Columbia County — Food Pantry,Lake City,"421 NW Washington St, Lake City, FL 32055",386-755-1770,Assistance Program,food_pantry,,,,Columbia County,,,,,,,,,,,,,,,,,,,,,,,
,136,DeSoto County Social Services — Housing Assistance / SHIP,Arcadia,"201 E Oak St, Suite 202, Arcadia, FL 34266",863-993-4858,Assistance Program,rent_assistance,,,,DeSoto County,,,,,,,,,,,,,,,,,,,,,,,
,137,LIHEAP — DeSoto County Social Services,Arcadia,"201 E Oak St, Suite 202, Arcadia, FL 34266",863-993-4858,Assistance Program,"electric_bill, gas_bill",,,,DeSoto County,,,,,,,,,,,,,,,,,,,,,,,
,138,Catholic Charities — Food Distribution,Arcadia,"1330 E Oak St, Arcadia, FL 34266",863-494-1068,Assistance Program,food_pantry,,,,DeSoto County,,,,,,,,,,,,,,,,,,,,,,,
,139,Suwannee River Economic Council — SHIP Housing Assistance,Cross City,"314 NE 255th St, Cross City, FL 32628",352-498-5018,Assistance Program,rent_assistance,,,,Dixie County,,,,,,,,,,,,,,,,,,,,,,,
,140,"LIHEAP — Suwannee River Economic Council, Inc.",Cross City,"314 NE 255th St, Cross City, FL 32628",352-498-5018,Assistance Program,"electric_bill, gas_bill",,,,Dixie County,,,,,,,,,,,,,,,,,,,,,,,
,141,Florida Department of Health in Dixie County — WIC,Cross City,"149 NE 241st St, Cross City, FL 32628",800-342-3556,Assistance Program,food_pantry,,,,Dixie County,,,,,,,,,,,,,,,,,,,,,,,
,142,Jacksonville Emergency Assistance Program — Rent/Mortgage Assistance,Jacksonville,"1809 Art Museum Dr, Suite 100, Jacksonville, FL 32207",904-255-2469,Assistance Program,"mortgage_assistance, rent_assistance",,,,Duval County,,,,,,,,,,,,,,,,,,,,,,,
,143,LIHEAP — Northeast Florida Community Action Agency,Jacksonville,"2055 Reyko Rd, St. Johns Building, Suite 200, Jacksonville, FL 32207",904-362-8052,Assistance Program,"electric_bill, gas_bill",,,,Duval County,,,,,,,,,,,,,,,,,,,,,,,
,144,Florida Department of Health in Duval County — WIC,Jacksonville,"3225 University Blvd S, Jacksonville, FL 32216 (one WIC site)",904-253-1500 option 1,Assistance Program,food_pantry,,,,Duval County,,,,,,,,,,,,,,,,,,,,,,,
,145,Escambia County SHIP / Housing Assistance,Escambia County,Escambia County Housing Finance Authority — verify current intake location,850-458-0466,Assistance Program,rent_assistance,,,,Escambia County,,,,,,,,,,,,,,,,,,,,,,,
,146,"LIHEAP — Community Action Program Committee, Inc. (CAPC)",Pensacola,"1380 N. Palafox St, Pensacola, FL 32501 (verify before visit)",844-356-8139,Assistance Program,"electric_bill, gas_bill",,,,Escambia County,,,,,,,,,,,,,,,,,,,,,,,
,147,Florida Department of Health in Escambia County — WIC,Pensacola,"1295 W. Fairfield Dr, Pensacola, FL 32501",850-595-6670,Assistance Program,food_pantry,,,,Escambia County,,,,,,,,,,,,,,,,,,,,,,,
,148,Flagler County Human Services — Emergency Assistance,Bunnell,"2199 Commerce Pkwy, Bunnell, FL 32110",386-313-4000,Assistance Program,rent_assistance,,,,Flagler County,,,,,,,,,,,,,,,,,,,,,,,
,149,Northeast Florida Community Action Agency (NFCAA) — LIHEAP,Bunnell,"703 E Moody Blvd, Suite 4, Bunnell, FL 32110",904-362-8052,Assistance Program,"electric_bill, gas_bill",,,,Flagler County,,,,,,,,,,,,,,,,,,,,,,,
,150,Grace Community Food Pantry,Palm Coast,"245 Education Way, Palm Coast, FL 32164",N/A,Assistance Program,food_pantry,,,,Flagler County,,,,,,,,,,,,,,,,,,,,,,,
,151,Franklin County SHIP — Housing Assistance,Eastpoint,"248 US Hwy 98, Eastpoint, FL 32328",850-653-5851,Assistance Program,rent_assistance,,,,Franklin County,,,,,,,,,,,,,,,,,,,,,,,
,152,Capital Area Community Action Agency — LIHEAP,Franklin County,Verify current Franklin County intake site,850-670-2073,Assistance Program,"electric_bill, gas_bill",,,,Franklin County,,,,,,,,,,,,,,,,,,,,,,,
,153,Franklin County Food Pantry — Franklin's Promise Coalition,Apalachicola,"192 14th St, Apalachicola, FL 32320",850-653-3930,Assistance Program,food_pantry,,,,Franklin County,,,,,,,,,,,,,,,,,,,,,,,
,154,Gadsden County SHIP / Community Development Housing Assistance,Community Development,Verify current Community Development intake location,850-875-8659,Assistance Program,rent_assistance,,,,Gadsden County,,,,,,,,,,,,,,,,,,,,,,,
,155,Capital Area Community Action Agency — LIHEAP,Gadsden County,Verify current Gadsden County intake site,850-222-2043,Assistance Program,"electric_bill, gas_bill",,,,Gadsden County,,,,,,,,,,,,,,,,,,,,,,,
,156,Florida Department of Health in Gadsden County — WIC,Quincy,"278 Lasalle Leffall Dr, Quincy, FL 32351",850-875-7200 ext. 2,Assistance Program,food_pantry,,,,Gadsden County,,,,,,,,,,,,,,,,,,,,,,,
,157,Suwannee River Economic Council — Housing/SHIP Assistance,Gilchrist County,Verify current Gilchrist County Client Service Center,352-463-3170,Assistance Program,rent_assistance,,,,Gilchrist County,,,,,,,,,,,,,,,,,,,,,,,
,158,"Suwannee River Economic Council, Inc. — LIHEAP",Gilchrist County,Verify current Gilchrist County intake location,386-362-4115,Assistance Program,"electric_bill, gas_bill",,,,Gilchrist County,,,,,,,,,,,,,,,,,,,,,,,
,159,"Food Pantry of Gilchrist County, Inc.",Trenton,"112 NE 1st Ave, Trenton, FL 32693",352-463-2710,Assistance Program,food_pantry,,,,Gilchrist County,,,,,,,,,,,,,,,,,,,,,,,
,160,Glades County Social Services / Emergency Rental Assistance,Glades County,Glades County Social Services — confirm current intake address,863-956-0411,Assistance Program,rent_assistance,,,,Glades County,,,,,,,,,,,,,,,,,,,,,,,
,161,"LIHEAP — Agricultural & Labor Program, Inc. (ALPI)",Lake Alfred,"300 Lynchburg Rd, Lake Alfred, FL 33850 (agency office; verify local intake)",863-983-2774,Assistance Program,"electric_bill, gas_bill",,,,Glades County,,,,,,,,,,,,,,,,,,,,,,,
,162,Harry Chapin Food Bank / Local Partner Pantry Network,Fort Myers,"3760 Fowler St, Fort Myers, FL 33901 (food-bank office; local distributions vary)",239-334-7007,Assistance Program,food_pantry,,,,Glades County,,,,,,,,,,,,,,,,,,,,,,,
,163,Gulf County SHIP / Affordable Housing Assistance,Gulf County,Gulf County SHIP — verify current office address before visit,850-312-3932,Assistance Program,rent_assistance,,,,Gulf County,,,,,,,,,,,,,,,,,,,,,,,
,164,LIHEAP — Capital Area Community Action Agency,Port St. Joe/Wewahitchka,Port St. Joe/Wewahitchka service areas — verify current intake location,850-759-0856,Assistance Program,"electric_bill, gas_bill",,,,Gulf County,,,,,,,,,,,,,,,,,,,,,,,
,165,Florida Department of Health — WIC,Port St. Joe,"2475 Garrison Ave, Port St. Joe, FL 32456",850-872-4666,Assistance Program,food_pantry,,,,Gulf County,,,,,,,,,,,,,,,,,,,,,,,
,166,Hamilton County SHIP,Jasper,"1153 US Hwy 41 NW, Suite 2, Jasper, FL 32052",386-792-0507,Assistance Program,rent_assistance,,,,Hamilton County,,,,,,,,,,,,,,,,,,,,,,,
,167,"LIHEAP — Suwannee River Economic Council, Inc.",Hamilton County,Verify Hamilton County local intake location,386-792-1136,Assistance Program,"electric_bill, gas_bill",,,,Hamilton County,,,,,,,,,,,,,,,,,,,,,,,
,168,Hamilton County Community Resources & Second Harvest of the Big Bend,Jasper,"1153 US Hwy 41 NW, Jasper, FL 32052",386-792-6647,Assistance Program,food_pantry,,,,Hamilton County,,,,,,,,,,,,,,,,,,,,,,,
,169,Hardee Help Center — Emergency Assistance,Wauchula,"1330 US Hwy 17 South, Wauchula, FL 33873",863-773-0034,Assistance Program,rent_assistance,,,,Hardee County,,,,,,,,,,,,,,,,,,,,,,,
,170,LIHEAP — Step Up Suncoast,Hardee County,Verify current Hardee County intake location,941-827-0188,Assistance Program,"electric_bill, gas_bill",,,,Hardee County,,,,,,,,,,,,,,,,,,,,,,,
,171,Hardee Help Center — Crisis Food Assistance,Wauchula,"1330 US Hwy 17 South, Wauchula, FL 33873",863-773-0034,Assistance Program,food_pantry,,,,Hardee County,,,,,,,,,,,,,,,,,,,,,,,
,172,Hendry County SHIP / Housing Assistance,Hendry County,Hendry County SHIP — verify current intake location,863-675-5297,Assistance Program,rent_assistance,,,,Hendry County,,,,,,,,,,,,,,,,,,,,,,,
,173,"LIHEAP — Agricultural & Labor Program, Inc. (ALPI)",LaBelle / Lake Alfred,"165 Lee St, LaBelle, FL 33935 I Main office: 300 Lynchburg Rd., Lake Alfred, FL 33850",863-675-0114,Assistance Program,"electric_bill, gas_bill",,,,Hendry County,,,,,,,,,,,,,,,,,,,,,,,
,174,Harry Chapin Food Bank / Local Partner Pantries,Fort Myers,"3760 Fowler St, Fort Myers, FL 33901 (food-bank office; local distributions vary)",239-334-7007,Assistance Program,food_pantry,,,,Hendry County,,,,,,,,,,,,,,,,,,,,,,,
,175,Hernando County Housing & Supportive Services — SHIP / Temporary Rental Assistance,Brooksville,"621 W. Jefferson St, Brooksville, FL 34601",352-540-4338,Assistance Program,rent_assistance,,,,Hernando County,,,,,,,,,,,,,,,,,,,,,,,
,176,LIHEAP — You Thrive Florida,Hernando County,Verify current Hernando County LIHEAP intake site,352-796-1425,Assistance Program,"electric_bill, gas_bill",,,,Hernando County,,,,,,,,,,,,,,,,,,,,,,,
,177,People Helping People in Hernando County — Food Pantry,Spring Hill,"1396 Kass Cir, Spring Hill, FL 34606",352-686-4466,Assistance Program,food_pantry,,,,Hernando County,,,,,,,,,,,,,,,,,,,,,,,
,178,Highlands County Housing / SHIP,Sebring,"618 S. Commerce Ave, Sebring, FL 33870",863-402-6648,Assistance Program,rent_assistance,,,,Highlands County,,,,,,,,,,,,,,,,,,,,,,,
,179,"LIHEAP — Agricultural and Labor Program, Inc. (ALPI)",Avon Park,"1306 S. Tulane Ave, Avon Park, FL 33825 (verify current client-intake site)",863-657-2076,Assistance Program,"electric_bill, gas_bill",,,,Highlands County,,,,,,,,,,,,,,,,,,,,,,,
,180,Heartland Food Bank / Local Partner Pantry Network,Sebring,"P.O. Box 249, Sebring, FL 33871",863-385-7885,Assistance Program,food_pantry,,,,Highlands County,,,,,,,,,,,,,,,,,,,,,,,
,181,Hillsborough County Affordable Housing Services / Housing Assistance,Tampa,"601 E. Kennedy Blvd, 24th Floor, Tampa, FL 33602",813-612-5397,Assistance Program,rent_assistance,,,,Hillsborough County,,,,,,,,,,,,,,,,,,,,,,,
,182,LIHEAP — Hillsborough Health and Social Services,Tampa,"Lee Davis Community Resource Center, 3402 N. 22nd St, Tampa, FL 33605",813-272-5220,Assistance Program,"electric_bill, gas_bill",,,,Hillsborough County,,,,,,,,,,,,,,,,,,,,,,,
,183,Feeding Tampa Bay — Food Assistance Network,Tampa,"3624 Causeway Blvd, Tampa, FL 33619",813-254-1190,Assistance Program,food_pantry,,,,Hillsborough County,,,,,,,,,,,,,,,,,,,,,,,
,184,West Florida Regional Planning Council — Housing Rehabilitation / Housing Assistance,Holmes County,Verify Holmes County intake location,850-595-8910,Assistance Program,rent_assistance,,,,Holmes County,,,,,,,,,,,,,,,,,,,,,,,
,185,"LIHEAP — Tri-County Community Council, Inc.",Bonifay,Verify current Bonifay intake location,850-547-4921,Assistance Program,"electric_bill, gas_bill",,,,Holmes County,,,,,,,,,,,,,,,,,,,,,,,
,186,Bonifay First United Methodist Church — Food Pantry,Bonifay,"202 N Oklahoma St, Bonifay, FL 32425",850-547-3785,Assistance Program,food_pantry,,,,Holmes County,,,,,,,,,,,,,,,,,,,,,,,
,187,Economic Opportunities Council of Indian River County — Emergency Assistance,Vero Beach,"2455 St. Lucie Ave, Vero Beach, FL 32960",772-562-4177,Assistance Program,rent_assistance,,,,Indian River County,,,,,,,,,,,,,,,,,,,,,,,
,188,LIHEAP — Economic Opportunities Council of Indian River County,Vero Beach,"2455 St. Lucie Ave, Vero Beach, FL 32960",772-562-4177,Assistance Program,"electric_bill, gas_bill",,,,Indian River County,,,,,,,,,,,,,,,,,,,,,,,
,189,Economic Opportunities Council of Indian River County — Emergency Food Assistance,Vero Beach,"2455 St. Lucie Ave, Vero Beach, FL 32960",772-562-4177,Assistance Program,food_pantry,,,,Indian River County,,,,,,,,,,,,,,,,,,,,,,,
,190,Jackson County Housing Assistance Office — SHIP,Marianna,"4979 Healthy Way, Suite B, Marianna, FL 32446",850-482-9083,Assistance Program,rent_assistance,,,,Jackson County,,,,,,,,,,,,,,,,,,,,,,,
,191,LIHEAP — Jackson County Senior Citizens Organization,Graceville,"5400 Cliff St, Graceville, FL 32440",850-263-4650,Assistance Program,"electric_bill, gas_bill",,,,Jackson County,,,,,,,,,,,,,,,,,,,,,,,
,192,Second Harvest of the Big Bend — TEFAP / Local Food Pantry Network,Tallahassee,"4446 Entrepot Blvd, Tallahassee, FL 32310",850-562-3033,Assistance Program,food_pantry,,,,Jackson County,,,,,,,,,,,,,,,,,,,,,,,
,193,Capital Area Community Action Agency — Emergency Services / Rent Assistance,Jefferson County,Verify current Jefferson County intake location,850-997-2702,Assistance Program,rent_assistance,,,,Jefferson County,,,,,,,,,,,,,,,,,,,,,,,
,194,Capital Area Community Action Agency — LIHEAP,Jefferson County,Verify current Jefferson County intake location,850-997-2702,Assistance Program,"electric_bill, gas_bill",,,,Jefferson County,,,,,,,,,,,,,,,,,,,,,,,
,195,Capital Area Community Action Agency — Food Pantry / Mobile Rural Food Pantry,Jefferson County,Verify current Jefferson County food-distribution site,850-997-2702,Assistance Program,food_pantry,,,,Jefferson County,,,,,,,,,,,,,,,,,,,,,,,
,196,Suwannee River Economic Council — SHIP Housing Assistance,Lafayette County,Lafayette County Client/Senior Service Center — verify street address before visit,386-294-2202,Assistance Program,rent_assistance,,,,Lafayette County,,,,,,,,,,,,,,,,,,,,,,,
,197,Suwannee River Economic Council — LIHEAP / Share the Light,Lafayette County,Lafayette County Client / Senior Service Center — verify street address,386-294-2202,Assistance Program,"electric_bill, gas_bill",,,,Lafayette County,,,,,,,,,,,,,,,,,,,,,,,
,198,Florida Department of Health in Lafayette County — WIC,Mayo,"140 SW Virginia Circle, Mayo, FL 32066",800-342-3556,Assistance Program,food_pantry,,,,Lafayette County,,,,,,,,,,,,,,,,,,,,,,,
,199,Lake County SHIP Rental Assistance,Tavares,"2008 Classique Ln, Tavares, FL 32778",352-742-6540,Assistance Program,rent_assistance,,,,Lake County,,,,,,,,,,,,,,,,,,,,,,,
,200,Lake Community Action Agency — LIHEAP,Lake County,Verify current Lake County intake address,352-602-4150,Assistance Program,"electric_bill, gas_bill",,,,Lake County,,,,,,,,,,,,,,,,,,,,,,,
,201,Second Harvest Food Bank of Central Florida — TEFAP / Food Pantry Network,Orlando,"411 Mercy Dr, Orlando, FL 32808",407-295-1066,Assistance Program,food_pantry,,,,Lake County,,,,,,,,,,,,,,,,,,,,,,,
,202,Lee County Human & Veteran Services — Rent/Mortgage & Water Financial Assistance,Fort Myers,"2440 Thompson St, Fort Myers, FL 33901",239-533-7900,Assistance Program,"mortgage_assistance, rent_assistance, water_bill",,,,Lee County,,,,,,,,,,,,,,,,,,,,,,,
,203,Lee County Human & Veteran Services — LIHEAP Crisis Assistance,Fort Myers,"2440 Thompson St, Fort Myers, FL 33901",239-533-7900,Assistance Program,"electric_bill, gas_bill",,,,Lee County,,,,,,,,,,,,,,,,,,,,,,,
,204,Harry Chapin Food Bank of Southwest Florida — TEFAP / Local Partner Pantries,Fort Myers,"3760 Fowler St, Fort Myers, FL 33901",239-334-7007,Assistance Program,food_pantry,,,,Lee County,,,,,,,,,,,,,,,,,,,,,,,
,205,Marion County Community Services — Rental / Rapid Rehousing Assistance,Ocala,"2631 SE 3rd St, Ocala, FL 34471",352-671-8770,Assistance Program,"eviction_prevention, rent_assistance",,,,Marion County,,,,,,,,,,,,,,,,,,,,,,,
,206,Leon County SHIP Housing Rental Assistance,Tallahassee,"615 E. Paul Russell Rd, Tallahassee, FL 32301",850-606-1900,Assistance Program,rent_assistance,,,,Leon County,,,,,,,,,,,,,,,,,,,,,,,
,207,Capital Area Community Action Agency — LIHEAP,Tallahassee,"309 Office Plaza Dr, Tallahassee, FL 32301",850-222-2043,Assistance Program,"electric_bill, gas_bill",,,,Leon County,,,,,,,,,,,,,,,,,,,,,,,
,208,Second Harvest of the Big Bend — Food Pantry Network,Tallahassee,"4446 Entrepot Blvd, Tallahassee, FL 32310",850-562-3033,Assistance Program,food_pantry,,,,Leon County,,,,,,,,,,,,,,,,,,,,,,,
,209,Levy County SHIP Housing Assistance,Bronson,"310 School St, Suite 112, Bronson, FL 32621",352-486-5218,Assistance Program,rent_assistance,,,,Levy County,,,,,,,,,,,,,,,,,,,,,,,
,210,Central Florida Community Action Agency — LIHEAP,Chiefland,"215 SW 5th St, Chiefland, FL 32626",352-493-1734,Assistance Program,"electric_bill, gas_bill",,,,Levy County,,,,,,,,,,,,,,,,,,,,,,,
,211,Liberty County Grants / Housing Assistance,Bristol,"10818 NW SR 20, Bristol, FL 32321 (verify before visit)",850-643-2692,Assistance Program,rent_assistance,,,,Liberty County,,,,,,,,,,,,,,,,,,,,,,,
,212,Capital Area Community Action Agency — LIHEAP,Blountstown,"20859 Central Ave E, Blountstown, FL 32424 (regional office; verify intake)",850-674-5067,Assistance Program,"electric_bill, gas_bill",,,,Liberty County,,,,,,,,,,,,,,,,,,,,,,,
,213,Innovative Charities — Liberty County Food Pantry,Bristol,"12390 NW Central Ave, Bristol, FL 32321",850-547-3786,Assistance Program,food_pantry,,,,Liberty County,,,,,,,,,,,,,,,,,,,,,,,
,214,Suwannee River Economic Council — Housing/SHIP Assistance,Madison,"705 E. Base St, Madison, FL 32340",386-364-5799,Assistance Program,rent_assistance,,,,Madison County,,,,,,,,,,,,,,,,,,,,,,,
,215,Suwannee River Economic Council — LIHEAP,Madison,"705 E. Base St, Madison, FL 32340",386-362-4115,Assistance Program,"electric_bill, gas_bill",,,,Madison County,,,,,,,,,,,,,,,,,,,,,,,
,216,Turning Points — HOME TBRA / Rental Assistance,Bradenton,"701 17th Ave W, Bradenton, FL 34205",941-747-1509,Assistance Program,rent_assistance,,,,Manatee County,,,,,,,,,,,,,,,,,,,,,,,
,217,Step Up Suncoast — LIHEAP / Season of Sharing,Sarasota,"6428 Parkland Dr, Sarasota, FL 34243",941-827-0188,Assistance Program,"electric_bill, gas_bill",,,,Manatee County,,,,,,,,,,,,,,,,,,,,,,,
,218,Central Florida Community Action Agency — LIHEAP,Marion County,Verify current Marion County intake location,352-732-3008,Assistance Program,"electric_bill, gas_bill",,,,Marion County,,,,,,,,,,,,,,,,,,,,,,,
,219,Interfaith Emergency Services — Emergency Food Pantry,Ocala,"435 NW 2nd St, Ocala, FL 34475",352-629-8868,Assistance Program,food_pantry,,,,Marion County,,,,,,,,,,,,,,,,,,,,,,,
,220,Martin County Human Services — Emergency Financial Assistance / Rental Assistance,Stuart,"435 SE Flagler Ave, Stuart, FL 34994",772-288-5785,Assistance Program,rent_assistance,,,,Martin County,,,,,,,,,,,,,,,,,,,,,,,
,221,Martin County — Care to Share / Lend a Hand,Stuart,"435 SE Flagler Ave, Stuart, FL 34994",772-288-5785,Assistance Program,electric_bill,,,,Martin County,,,,,,,,,,,,,,,,,,,,,,,
,222,St. Joseph's Catholic Church / Martin County Food Assistance Network,Stuart,"1200 SE 10th St, Stuart, FL 34996",772-287-2727,Assistance Program,food_pantry,,,,Martin County,,,,,,,,,,,,,,,,,,,,,,,
,223,Miami-Dade County Community Action & Human Services — Rental / Eviction Assistance,Miami,"Stephen P. Clark Center, 111 NW 1st St, Miami, FL 33128",305-375-CARE (2273),Assistance Program,"eviction_prevention, rent_assistance",,,,Miami-Dade County,,,,,,,,,,,,,,,,,,,,,,,
,224,Miami-Dade County Community Action Agency — LIHEAP / Care to Share,Miami,"Stephen P. Clark Center, 111 NW 1st St, Miami, FL 33128",786-469-4640,Assistance Program,"electric_bill, gas_bill",,,,Miami-Dade County,,,,,,,,,,,,,,,,,,,,,,,
,225,Monroe County Community Support Services — Rental Assistance,Key West,"1100 Simonton St, Suite 1-190, Key West, FL 33040",305-292-4408,Assistance Program,rent_assistance,,,,Monroe County,,,,,,,,,,,,,,,,,,,,,,,
,226,Monroe County Community Support Services — LIHEAP,Key West,"1100 Simonton St, Suite 1-190, Key West, FL 33040",305-292-4408,Assistance Program,"electric_bill, gas_bill",,,,Monroe County,,,,,,,,,,,,,,,,,,,,,,,
,227,Monroe County Community Support Services — Food Assistance / Local Nutrition Referrals,Key West,"1100 Simonton St, Suite 1-190, Key West, FL 33040",305-292-4408,Assistance Program,food_pantry,,,,Monroe County,,,,,,,,,,,,,,,,,,,,,,,
,228,Salvation Army Hope House — Emergency Rent / Rapid Re-Housing Assistance,Fernandina Beach,"410 S 9th St, Fernandina Beach, FL 32034",904-321-0435,Assistance Program,rent_assistance,,,,Nassau County,,,,,,,,,,,,,,,,,,,,,,,
,229,Northeast Florida Community Action Agency — LIHEAP,Fernandina Beach,"1303 Jasmine St, Suite 100, Fernandina Beach, FL 32034",904-261-0801,Assistance Program,"electric_bill, gas_bill",,,,Nassau County,,,,,,,,,,,,,,,,,,,,,,,
,230,Nassau County Food Pantry Network / Feeding Northeast Florida Partners,Varies by pantry,Varies by pantry,904-261-0801,Assistance Program,food_pantry,,,,Nassau County,,,,,,,,,,,,,,,,,,,,,,,
,231,Tri-County Community Council — Emergency Assistance / Community Services,Crestview / Fort Walton Beach,"290 Martin Luther Ave, Crestview, FL 32536 / 111 Racetrack Rd NW, Fort Walton Beach, FL 32547",850-306-1134,Assistance Program,food_pantry,,,,Okaloosa County,,,,,,,,,,,,,,,,,,,,,,,
,232,LIHEAP — Tri-County Community Council,Crestview / Fort Walton Beach,"290 Martin Luther Ave, Crestview, FL 32536 / 111 Racetrack Rd NW, Fort Walton Beach, FL 32547",850-306-1134,Assistance Program,"electric_bill, gas_bill",,,,Okaloosa County,,,,,,,,,,,,,,,,,,,,,,,
,233,Tri-County Community Council — Food Pantry,Crestview / Fort Walton Beach,"290 Martin Luther Ave, Crestview, FL 32536 / 111 Racetrack Rd NW, Fort Walton Beach, FL 32547",850-306-1134,Assistance Program,food_pantry,,,,Okaloosa County,,,,,,,,,,,,,,,,,,,,,,,
,234,Okeechobee County / Salvation Army Emergency Assistance,Okeechobee,"205 NE 2nd St, Okeechobee, FL 34972 (verify before visit)",863-763-6020,Assistance Program,rent_assistance,,,,Okeechobee County,,,,,,,,,,,,,,,,,,,,,,,
,235,LIHEAP — Economic Opportunities Council of Indian River County,Okeechobee,"1798 NW 9th Ave, Okeechobee, FL 34972",863-357-2240,Assistance Program,"electric_bill, gas_bill",,,,Okeechobee County,,,,,,,,,,,,,,,,,,,,,,,
,236,Big Lake Mission Outreach — Food Assistance,Okeechobee,"901 NW 7th Ave, Okeechobee, FL 34972 (verify)",863-763-4654,Assistance Program,food_pantry,,,,Okeechobee County,,,,,,,,,,,,,,,,,,,,,,,
,237,Orange County Crisis Assistance Program (CAP),Orlando,"2100 E. Michigan St, Orlando, FL 32806",407-836-6500,Assistance Program,rent_assistance,,,,Orange County,,,,,,,,,,,,,,,,,,,,,,,
,238,Orange County Community Action — LIHEAP,Orlando,"2100 E. Michigan St, Orlando, FL 32806",407-836-7429,Assistance Program,"electric_bill, gas_bill",,,,Orange County,,,,,,,,,,,,,,,,,,,,,,,
,239,Orange County Citizens Commission for Children / Community Food Resources,Orlando,"2101 E. Michigan St, Orlando, FL 32806",407-836-6500,Assistance Program,food_pantry,,,,Orange County,,,,,,,,,,,,,,,,,,,,,,,
,240,Osceola County Housing & Community Services — Homeless Services Program,Kissimmee,"1392 E. Vine St, Kissimmee, FL 34744 (verify intake location)",407-742-8400,Assistance Program,"eviction_prevention, rent_assistance",,,,Osceola County,,,,,,,,,,,,,,,,,,,,,,,
,241,Osceola County Council on Aging — LIHEAP / Emergency Energy Assistance,Kissimmee,"700 Generation Point, Kissimmee, FL 34744",407-846-8532,Assistance Program,"electric_bill, gas_bill",,,,Osceola County,,,,,,,,,,,,,,,,,,,,,,,
,242,Osceola Council on Aging — Food Pantry,Kissimmee,"704 Generation Point, Kissimmee, FL 34744",407-846-8532,Assistance Program,food_pantry,,,,Osceola County,,,,,,,,,,,,,,,,,,,,,,,
,243,Palm Beach County Community Services — Emergency Rental Assistance / ERA,West Palm Beach,"810 Datura St, West Palm Beach, FL 33401",833-273-9455,Assistance Program,rent_assistance,,,,Palm Beach County,,,,,,,,,,,,,,,,,,,,,,,
,244,Palm Beach County Community Action — LIHEAP,West Palm Beach,"810 Datura St, West Palm Beach, FL 33401",561-355-4792,Assistance Program,"electric_bill, gas_bill",,,,Palm Beach County,,,,,,,,,,,,,,,,,,,,,,,
,245,Palm Beach County Community Action — Food & Nutrition,West Palm Beach,"810 Datura St, West Palm Beach, FL 33401",833-273-9455,Assistance Program,food_pantry,,,,Palm Beach County,,,,,,,,,,,,,,,,,,,,,,,
,246,"Catholic Charities, Diocese of St. Petersburg — Financial Assistance",New Port Richey,"5609 US Hwy 19, Suite I, New Port Richey, FL 34652",813-631-4370,Assistance Program,rent_assistance,,,,Pasco County,,,,,,,,,,,,,,,,,,,,,,,
,247,You Thrive Florida — LIHEAP,Pasco County,Verify current Pasco intake location before visit,352-796-1425,Assistance Program,"electric_bill, gas_bill",,,,Pasco County,,,,,,,,,,,,,,,,,,,,,,,
,248,Feeding You With Love Food Pantry — East Pasco Meals on Wheels,Zephyrhills,"38112 15th Ave, Zephyrhills, FL 33542",656-232-9355,Assistance Program,"food_pantry, hot_meals",,,,Pasco County,,,,,,,,,,,,,,,,,,,,,,,
,249,Pinellas County Adult Emergency Financial Assistance Program / Catholic Charities,St. Petersburg,"647 1st Ave N, St. Petersburg, FL 33701",727-464-4200,Assistance Program,rent_assistance,,,,Pinellas County,,,,,,,,,,,,,,,,,,,,,,,
,250,Pinellas County Urban League — LIHEAP,St. Petersburg,"333 31st St N, St. Petersburg, FL 33713",727-327-0977,Assistance Program,"electric_bill, gas_bill",,,,Pinellas County,,,,,,,,,,,,,,,,,,,,,,,
,251,Polk County Housing & Neighborhood Development — Tenant-Based Rental Assistance (TBRA),Bartow,"1290 Golfview Ave, Suite 167, Bartow, FL 33830",863-534-5240,Assistance Program,rent_assistance,,,,Polk County,,,,,,,,,,,,,,,,,,,,,,,
,252,"Agricultural and Labor Program, Inc. (ALPI) — LIHEAP",Lake Alfred,"300 Lynchburg Rd, Lake Alfred, FL 33850",863-247-3001,Assistance Program,"electric_bill, gas_bill",,,,Polk County,,,,,,,,,,,,,,,,,,,,,,,
,253,United Way of Central Florida — George W. Jenkins End Hunger Initiative,Polk County,Multiple Polk County distribution sites,863-648-1500,Assistance Program,food_pantry,,,,Polk County,,,,,,,,,,,,,,,,,,,,,,,
,254,Catholic Charities St. Augustine — Emergency Financial Assistance,Palatka,"1000 Husson Ave, Palatka, FL 32177",386-328-2333,Assistance Program,rent_assistance,,,,Putnam County,,,,,,,,,,,,,,,,,,,,,,,
,255,Northeast Florida Community Action Agency — LIHEAP,Palatka,"302 Reid St, Palatka, FL 32177",386-385-3954,Assistance Program,"electric_bill, gas_bill",,,,Putnam County,,,,,,,,,,,,,,,,,,,,,,,
,256,Catholic Charities St. Augustine — Rural Outreach / Food Assistance,Palatka,"1000 Husson Ave, Palatka, FL 32177",386-328-2333,Assistance Program,food_pantry,,,,Putnam County,,,,,,,,,,,,,,,,,,,,,,,
,257,St. Johns County Social Services — Emergency Assistance,St. Augustine,"200 San Sebastian View, Suite 2300, St. Augustine, FL 32084",904-209-6140,Assistance Program,rent_assistance,,,,St. Johns County,,,,,,,,,,,,,,,,,,,,,,,
,258,Northeast Florida Community Action Agency — LIHEAP,St. Augustine,"1300 Duval St, St. Augustine, FL 32084",904-824-0978,Assistance Program,"electric_bill, gas_bill",,,,St. Johns County,,,,,,,,,,,,,,,,,,,,,,,
,259,Catholic Charities St. Augustine — Emergency/Rural Food Assistance,St. Augustine,"525 SR 16, Unit 111-112, St. Augustine, FL 32084",904-829-6300,Assistance Program,food_pantry,,,,St. Johns County,,,,,,,,,,,,,,,,,,,,,,,
,260,St. Lucie County Rental Assistance Program,Fort Pierce,"714 Avenue C, 2nd Floor, Fort Pierce, FL 34950",772-462-1777,Assistance Program,rent_assistance,,,,Saint Lucie County,,,,,,,,,,,,,,,,,,,,,,,
,261,In the Image of Christ — Utility Assistance,Fort Pierce,"707 N 7th St, Fort Pierce, FL 34950",772-461-7788,Assistance Program,"electric_bill, gas_bill",,,,Saint Lucie County,,,,,,,,,,,,,,,,,,,,,,,
,262,St. Lucie County Food Assistance Sites / Local Pantry Network,Fort Pierce,"714 Avenue C, Fort Pierce, FL 34950",772-462-1777,Assistance Program,food_pantry,,,,Saint Lucie County,,,,,,,,,,,,,,,,,,,,,,,
,263,Emergency Rental Assistance — Catholic Charities / Interfaith Ministries / Opening Doors,Varies by provider,Varies by provider,850-436-6425 opt. 1,Assistance Program,rent_assistance,,,,Santa Rosa County,,,,,,,,,,,,,,,,,,,,,,,
,264,Tri-County Community Council — LIHEAP,Santa Rosa County,Verify current Santa Rosa intake office,850-981-0036,Assistance Program,"electric_bill, gas_bill",,,,Santa Rosa County,,,,,,,,,,,,,,,,,,,,,,,
,265,Santa Rosa County Feeding Programs / Feeding the Gulf Coast Network,Varies by pantry/site,Varies by pantry/site,850-432-1475,Assistance Program,food_pantry,,,,Santa Rosa County,,,,,,,,,,,,,,,,,,,,,,,
,266,Sarasota County Human Services / Community Housing & Homeless Resources,Sarasota,"1 Apex Rd, Sarasota, FL 34240",941-861-5000,Assistance Program,"eviction_prevention, rent_assistance",,,,Sarasota County,,,,,,,,,,,,,,,,,,,,,,,
,267,The Salvation Army — LIHEAP,Sarasota,Verify current Sarasota intake location,941-954-4673,Assistance Program,"electric_bill, gas_bill",,,,Sarasota County,,,,,,,,,,,,,,,,,,,,,,,
,268,All Faiths Food Bank — Food Assistance Network,Sarasota,"8171 Blaikie Ct, Sarasota, FL 34240",941-379-6333,Assistance Program,food_pantry,,,,Sarasota County,,,,,,,,,,,,,,,,,,,,,,,
,269,Seminole County Community Assistance — Prevention Assistance,Sanford,"520 W Lake Mary Blvd, Suite 100, Sanford, FL 32773",407-665-2300,Assistance Program,"eviction_prevention, rent_assistance",,,,Seminole County,,,,,,,,,,,,,,,,,,,,,,,
,270,Seminole County Community Assistance — Prevention Assistance / Good Neighbor Utility Fund,Sanford,"1101 E First St, Sanford, FL 32771",407-665-2300,Assistance Program,"electric_bill, eviction_prevention, gas_bill",,,,Seminole County,,,,,,,,,,,,,,,,,,,,,,,
,271,Harvest Time International / Seminole County Food Pantry Network,Sanford,"225 Harvest Time Dr, Sanford, FL 32771",407-328-9900,Assistance Program,food_pantry,,,,Seminole County,,,,,,,,,,,,,,,,,,,,,,,
,272,One-Time Rental Assistance — Salvation Army / United Way of Lake & Sumter,Varies by provider,Varies by provider,352-568-2284,Assistance Program,food_pantry,,,,Sumter County,,,,,,,,,,,,,,,,,,,,,,,
,273,You Thrive Florida — LIHEAP,Sumter County,Verify current Sumter intake location,352-769-1425,Assistance Program,"electric_bill, gas_bill",,,,Sumter County,,,,,,,,,,,,,,,,,,,,,,,
,274,United Way of Lake & Sumter / Local Food Pantry Network,Varies by pantry/site,Varies by pantry/site,352-787-7530,Assistance Program,food_pantry,,,,Sumter County,,,,,,,,,,,,,,,,,,,,,,,
,275,St. Lucie County Rental Assistance Program,Fort Pierce,"714 Avenue C, 2nd Floor, Fort Pierce, FL 34950",772-462-1777,Assistance Program,rent_assistance,,,,Saint Lucie County,,,,,,,,,,,,,,,,,,,,,,,
,276,In the Image of Christ — Utility Assistance,Fort Pierce,"707 N 7th St, Fort Pierce, FL 34950",772-461-7788,Assistance Program,"electric_bill, gas_bill",,,,Saint Lucie County,,,,,,,,,,,,,,,,,,,,,,,
,277,St. Lucie County Food Assistance Sites / Local Pantry Network,Fort Pierce,"714 Avenue C, Fort Pierce, FL 34950",772-462-1777,Assistance Program,food_pantry,,,,Saint Lucie County,,,,,,,,,,,,,,,,,,,,,,,
,278,Emergency Rental Assistance — Catholic Charities / Interfaith Ministries / Opening Doors,Varies by provider,Varies by provider,850-436-6425 opt. 1,Assistance Program,rent_assistance,,,,Santa Rosa County,,,,,,,,,,,,,,,,,,,,,,,
,279,Tri-County Community Council — LIHEAP,Santa Rosa County,Verify current Santa Rosa intake office,850-981-0036,Assistance Program,"electric_bill, gas_bill",,,,Santa Rosa County,,,,,,,,,,,,,,,,,,,,,,,
,280,The Salvation Army — LIHEAP,Sarasota,Verify current Sarasota intake location,941-954-4673,Assistance Program,"electric_bill, gas_bill",,,,Sarasota County,,,,,,,,,,,,,,,,,,,,,,,
,281,Seminole County Community Assistance — Prevention Assistance,Sanford,"520 W Lake Mary Blvd, Suite 100, Sanford, FL 32773",407-665-2300,Assistance Program,"eviction_prevention, rent_assistance",,,,Seminole County,,,,,,,,,,,,,,,,,,,,,,,
,282,Seminole County Community Assistance — Prevention Assistance / Good Neighbor Utility Fund,Sanford,"1101 E First St, Sanford, FL 32771",407-665-2300,Assistance Program,"electric_bill, eviction_prevention, gas_bill",,,,Seminole County,,,,,,,,,,,,,,,,,,,,,,,
,283,Harvest Time International / Seminole County Food Pantry Network,Sanford,"225 Harvest Time Dr, Sanford, FL 32771",407-328-9900,Assistance Program,food_pantry,,,,Seminole County,,,,,,,,,,,,,,,,,,,,,,,
,284,One-Time Rental Assistance — Salvation Army / United Way of Lake & Sumter,Varies by provider,Varies by provider,352-568-2284,Assistance Program,rent_assistance,,,,Sumter County,,,,,,,,,,,,,,,,,,,,,,,
,285,You Thrive Florida — LIHEAP,Sumter County,Verify current Sumter intake location,352-769-1425,Assistance Program,"electric_bill, gas_bill",,,,Sumter County,,,,,,,,,,,,,,,,,,,,,,,
,286,Suwannee River Economic Council — Emergency Assistance / Housing Referral,Live Oak,"1171 Nobles Ferry Rd NW, Building #1, Live Oak, FL 32064",386-362-6079,Assistance Program,rent_assistance,,,,Suwannee County,,,,,,,,,,,,,,,,,,,,,,,
,287,Suwannee River Economic Council — LIHEAP / Care to Share / Share the Light,Live Oak,"1171 Nobles Ferry Rd NW, Building #1, Live Oak, FL 32064",386-362-6079,Assistance Program,"electric_bill, gas_bill",,,,Suwannee County,,,,,,,,,,,,,,,,,,,,,,,
,288,Local Food Pantry Network / Second Harvest & Partner Agencies,Varies by distribution site,Varies by distribution site,386-362-8860,Assistance Program,food_pantry,,,,Suwannee County,,,,,,,,,,,,,,,,,,,,,,,
,289,Suwannee River Economic Council — Emergency Assistance,Perry,"800 W Ash St, Perry, FL 32347",850-584-8858,Assistance Program,rent_assistance,,,,Taylor County,,,,,,,,,,,,,,,,,,,,,,,
,290,Suwannee River Economic Council — LIHEAP / Share the Light,Perry,"800 W Ash St, Perry, FL 32347",850-584-8858,Assistance Program,"electric_bill, gas_bill",,,,Taylor County,,,,,,,,,,,,,,,,,,,,,,,
,291,Second Harvest / Local Food Pantry Network,Varies by distribution site,Varies by distribution site,850-584-7349,Assistance Program,food_pantry,,,,Taylor County,,,,,,,,,,,,,,,,,,,,,,,
,292,Union County / SREC Housing Assistance — SHIP,Lake Butler,"665 SE 4th St, Lake Butler, FL 32054",386-496-2342,Assistance Program,rent_assistance,,,,Union County,,,,,,,,,,,,,,,,,,,,,,,
,293,SREC — LIHEAP / Care to Share / Share the Light / Project Share,Lake Butler,"665 SE 4th St, Lake Butler, FL 32054",386-496-2342,Assistance Program,"electric_bill, gas_bill",,,,Union County,,,,,,,,,,,,,,,,,,,,,,,
,294,The Children's Table / Christ Central / Farm Share Food Distributions,Lake Butler,"375 SE 7th Ave, Lake Butler, FL 32054 (The Children's Table site)",386-496-1916,Assistance Program,food_pantry,,,,Union County,,,,,,,,,,,,,,,,,,,,,,,
,295,One Voice for Volusia & Catholic Charities — Emergency Rental/Mortgage Assistance,DeLand,"110 W Rich Ave, DeLand, FL 32720",386-736-5955,Assistance Program,"mortgage_assistance, rent_assistance",,,,Volusia County,,,,,,,,,,,,,,,,,,,,,,,
,296,Volusia County Human Services — LIHEAP / EHEAP,DeLand,"110 W Rich Ave, DeLand, FL 32720",386-736-5956,Assistance Program,"electric_bill, gas_bill",,,,Volusia County,,,,,,,,,,,,,,,,,,,,,,,
,297,Capital Area Community Action Agency — Emergency Assistance / Housing Referral,Crawfordville,"Dubreja Plaza, 2889 Crawfordville Hwy, Suite A, Crawfordville, FL 32327",850-926-3122,Assistance Program,rent_assistance,,,,Wakulla County,,,,,,,,,,,,,,,,,,,,,,,
,298,Capital Area Community Action Agency — LIHEAP,Crawfordville,"Dubreja Plaza, 2889 Crawfordville Hwy, Suite A, Crawfordville, FL 32327",850-926-3122,Assistance Program,"electric_bill, gas_bill",,,,Wakulla County,,,,,,,,,,,,,,,,,,,,,,,
,299,Crawfordville United Methodist Church — Food Pantry / Second Harvest Partner,Crawfordville,"176 Ochlockonee St, Crawfordville, FL 32327",850-508-9097,Assistance Program,food_pantry,,,,Wakulla County,,,,,,,,,,,,,,,,,,,,,,,
,300,Caring & Sharing of South Walton — Rent Assistance,Santa Rosa Beach,"112 Lynn Dr, Santa Rosa Beach, FL 32459",850-267-2866,Assistance Program,rent_assistance,,,,Walton County,,,,,,,,,,,,,,,,,,,,,,,
,301,Tri-County Community Council / Caring & Sharing — Utility Assistance,Varies by provider,Varies by provider,850-892-3615,Assistance Program,"electric_bill, gas_bill",,,,Walton County,,,,,,,,,,,,,,,,,,,,,,,
,302,Caring & Sharing of South Walton — Emergency Food Pantry,Santa Rosa Beach,"112 Lynn Dr, Santa Rosa Beach, FL 32459",850-267-2866,Assistance Program,food_pantry,,,,Walton County,,,,,,,,,,,,,,,,,,,,,,,
,303,Washington County Community Action Council — Community Schools Rental Assistance Program (CSRAP) / ENOUGH,Washington County,Verify current Washington County CAC intake location,850-638-4520 ext. 3 or 4,Assistance Program,rent_assistance,,,,Washington County,,,,,,,,,,,,,,,,,,,,,,,
,304,Washington County Community Action Council — Energy Assistance,Washington County,Verify current Washington County CAC intake location,850-638-4520,Assistance Program,"electric_bill, gas_bill",,,,Washington County,,,,,,,,,,,,,,,,,,,,,,,
,305,Washington County Community Action Council — Food Pantry,Washington County,Verify current Washington County CAC intake location,850-638-4520,Assistance Program,food_pantry,,,,Washington County,,,,,,,,,,,,,,,,,,,,,,,
,306,Alamance County DSS — Work First Emergency Assistance / Crisis Assistance,Burlington,"319 N. Graham-Hopedale Rd, Burlington, NC 27217",336-570-6532,Assistance Program,rent_assistance,,,,Alamance,,,,,,,,,,,,,,,,,,,,,,,
,307,Alamance County DSS — CIP/LIEAP Energy Assistance,Burlington,"319 N. Graham-Hopedale Rd, Burlington, NC 27217",336-229-2974,Assistance Program,"electric_bill, gas_bill",,,,Alamance,,,,,,,,,,,,,,,,,,,,,,,
,308,Alamance County DSS — Food & Nutrition Services,Burlington,"319 N. Graham-Hopedale Rd, Burlington, NC 27217",336-570-6532,Assistance Program,food_pantry,,,,Alamance,,,,,,,,,,,,,,,,,,,,,,,
,309,Alexander County DSS — Emergency Assistance / Housing Crisis Support,Taylorsville,"604 7th St SW, Taylorsville, NC 28681",828-632-1080,Assistance Program,rent_assistance,,,,Alexander,,,,,,,,,,,,,,,,,,,,,,,
,310,Alexander County DSS — CIP/LIEAP,Taylorsville,"604 7th St SW, Taylorsville, NC 28681",828-632-1080,Assistance Program,electric_bill,,,,Alexander,,,,,,,,,,,,,,,,,,,,,,,
,311,Alexander County DSS — Food & Nutrition Services,Taylorsville,"604 7th St SW, Taylorsville, NC 28681",828-632-1080,Assistance Program,food_pantry,,,,Alexander,,,,,,,,,,,,,,,,,,,,,,,
,312,Alleghany County DSS — Emergency Assistance / Housing Crisis Support,Sparta,"Doctor St., Sparta, NC 28675",336-372-2411,Assistance Program,rent_assistance,,,,Alleghany,,,,,,,,,,,,,,,,,,,,,,,
,313,Alleghany County DSS — CIP/LIEAP,Sparta,"Doctor St., Sparta, NC 28675",336-372-2411,Assistance Program,electric_bill,,,,Alleghany,,,,,,,,,,,,,,,,,,,,,,,
,314,Alleghany County DSS — Food & Nutrition Services,Sparta,"Doctor St., Sparta, NC 28675",336-372-2411,Assistance Program,food_pantry,,,,Alleghany,,,,,,,,,,,,,,,,,,,,,,,
,315,Anson County DSS — Emergency Assistance / Housing Crisis Support,Wadesboro,"118 N. Washington St., Wadesboro, NC 28170",704-694-9351,Assistance Program,rent_assistance,,,,Anson,,,,,,,,,,,,,,,,,,,,,,,
,316,Anson County DSS — CIP/LIEAP,Wadesboro,"118 N. Washington St., Wadesboro, NC 28170",704-694-9351,Assistance Program,electric_bill,,,,Anson,,,,,,,,,,,,,,,,,,,,,,,
,317,Anson County DSS — Food & Nutrition Services,Wadesboro,"118 N. Washington St., Wadesboro, NC 28170",704-694-9351,Assistance Program,food_pantry,,,,Anson,,,,,,,,,,,,,,,,,,,,,,,
,318,Ashe County DSS — Emergency Assistance / Housing Crisis Support,Jefferson,"150 Government Circle, Suite 1400, Jefferson, NC 28640",336-846-5719,Assistance Program,rent_assistance,,,,Ashe,,,,,,,,,,,,,,,,,,,,,,,
,319,Ashe County DSS — CIP/LIEAP,Jefferson,"150 Government Circle, Suite 1400, Jefferson, NC 28640",336-846-5719,Assistance Program,electric_bill,,,,Ashe,,,,,,,,,,,,,,,,,,,,,,,
,320,Ashe County DSS — Food & Nutrition Services,Jefferson,"150 Government Circle, Suite 1400, Jefferson, NC 28640",336-846-5719,Assistance Program,food_pantry,,,,Ashe,,,,,,,,,,,,,,,,,,,,,,,
,321,Avery County DSS — Emergency Assistance / Housing Crisis Support,Newland,"358 Beech St., Newland, NC 28657",828-733-8230,Assistance Program,rent_assistance,,,,Avery,,,,,,,,,,,,,,,,,,,,,,,
,322,Avery County DSS — CIP/LIEAP,Newland,"358 Beech St., Newland, NC 28657",828-733-8230,Assistance Program,electric_bill,,,,Avery,,,,,,,,,,,,,,,,,,,,,,,
,323,Avery County DSS — Food & Nutrition Services,Newland,"358 Beech St., Newland, NC 28657",828-733-8230,Assistance Program,food_pantry,,,,Avery,,,,,,,,,,,,,,,,,,,,,,,
,324,Beaufort County DSS — Emergency Assistance / Housing Crisis Support,Washington,"632 W. Fifth St., Washington, NC 27889",252-975-5500,Assistance Program,rent_assistance,,,,Beaufort,,,,,,,,,,,,,,,,,,,,,,,
,325,Beaufort County DSS — CIP/LIEAP,Washington,"632 W. Fifth St., Washington, NC 27889",252-975-5500,Assistance Program,electric_bill,,,,Beaufort,,,,,,,,,,,,,,,,,,,,,,,
,326,Beaufort County DSS — Food & Nutrition Services,Washington,"632 W. Fifth St., Washington, NC 27889",252-975-5500,Assistance Program,food_pantry,,,,Beaufort,,,,,,,,,,,,,,,,,,,,,,,
,327,Bertie County DSS — Emergency Assistance / Housing Crisis Support,Windsor,"110 Jasper Bazemore Ave., Windsor, NC 27983",252-794-5320,Assistance Program,rent_assistance,,,,Bertie,,,,,,,,,,,,,,,,,,,,,,,
,328,Bertie County DSS — CIP/LIEAP,Windsor,"110 Jasper Bazemore Ave., Windsor, NC 27983",252-794-5320,Assistance Program,electric_bill,,,,Bertie,,,,,,,,,,,,,,,,,,,,,,,
,329,Bertie County DSS — Food & Nutrition Services,Windsor,"110 Jasper Bazemore Ave., Windsor, NC 27983",252-794-5320,Assistance Program,food_pantry,,,,Bertie,,,,,,,,,,,,,,,,,,,,,,,
,330,Bladen County DSS — Emergency Assistance / Housing Crisis Support,Elizabethtown,"208 McKay St., Elizabethtown, NC 28337",910-862-6800,Assistance Program,rent_assistance,,,,Bladen,,,,,,,,,,,,,,,,,,,,,,,
,331,Bladen County DSS — CIP/LIEAP,Elizabethtown,"208 McKay St., Elizabethtown, NC 28337",910-862-6800,Assistance Program,electric_bill,,,,Bladen,,,,,,,,,,,,,,,,,,,,,,,
,332,Bladen County DSS — Food & Nutrition Services,Elizabethtown,"208 McKay St., Elizabethtown, NC 28337",910-862-6800,Assistance Program,food_pantry,,,,Bladen,,,,,,,,,,,,,,,,,,,,,,,
,333,Brunswick County DSS — Emergency Assistance / Housing Crisis Support,Bolivia,"60 Government Dr. NE, Bolivia, NC 28422",910-253-2077,Assistance Program,rent_assistance,,,,Brunswick,,,,,,,,,,,,,,,,,,,,,,,
,334,Brunswick County DSS — CIP/LIEAP,Bolivia,"60 Government Dr. NE, Bolivia, NC 28422",910-253-2077,Assistance Program,electric_bill,,,,Brunswick,,,,,,,,,,,,,,,,,,,,,,,
,335,Brunswick County DSS — Food & Nutrition Services,Bolivia,"60 Government Dr. NE, Bolivia, NC 28422",910-253-2077,Assistance Program,food_pantry,,,,Brunswick,,,,,,,,,,,,,,,,,,,,,,,
,336,Buncombe County Tenant-Based Rental Assistance,Asheville,"46 Valley St, Asheville, NC 28801",828-250-4834,Assistance Program,rent_assistance,,,,Buncombe,,,,,,,,,,,,,,,,,,,,,,,
,337,Asheville Buncombe Community Christian Ministry (ABCCM) Crisis Assistance,Asheville,"24 Cumberland Ave, Asheville, NC 28801",828-259-5300,Assistance Program,rent_assistance,,,,Buncombe,,,,,,,,,,,,,,,,,,,,,,,
,338,Buncombe County DHHS / Community Energy Assistance,Asheville,"40 Coxe Ave, Asheville, NC 28801",828-250-5500,Assistance Program,"electric_bill, gas_bill",,,,Buncombe,,,,,,,,,,,,,,,,,,,,,,,
,339,Buncombe County Food Assistance / FNS,Asheville,"40 Coxe Ave, Asheville, NC 28801",828-250-5500,Assistance Program,food_pantry,,,,Buncombe,,,,,,,,,,,,,,,,,,,,,,,
,340,Burke United Christian Ministries,Morganton,"305-B W Union St, Morganton, NC 28655",828-433-8075,Assistance Program,rent_assistance,,,,Burke,,,,,,,,,,,,,,,,,,,,,,,
,341,Burke County DSS — Crisis Intervention Program (CIP),Morganton,"700 E Parker Rd, Morganton, NC 28680",828-764-9600,Assistance Program,electric_bill,,,,Burke,,,,,,,,,,,,,,,,,,,,,,,
,342,Burke County DSS — Food & Nutrition Services,Morganton,"700 E Parker Rd, Morganton, NC 28680",828-764-9600,Assistance Program,food_pantry,,,,Burke,,,,,,,,,,,,,,,,,,,,,,,
,343,Cooperative Christian Ministry — Crisis Assistance,Concord,"246 Country Club Dr NE, Concord, NC 28025",704-786-4709,Assistance Program,rent_assistance,,,,Cabarrus,,,,,,,,,,,,,,,,,,,,,,,
,344,City of Concord Housing Department,Concord,"35 Cabarrus Ave W, Concord, NC 28025",704-920-6100,Assistance Program,rent_assistance,,,,Cabarrus,,,,,,,,,,,,,,,,,,,,,,,
,345,Cooperative Christian Ministry — Crisis Assistance,Concord,"246 Country Club Dr NE, Concord, NC 28025",704-786-4709,Assistance Program,electric_bill,,,,Cabarrus,,,,,,,,,,,,,,,,,,,,,,,
,346,Cabarrus County CHSA — Food & Nutrition Services,Kannapolis,"1303 S Cannon Blvd, Kannapolis, NC 28083",704-920-1400,Assistance Program,food_pantry,,,,Cabarrus,,,,,,,,,,,,,,,,,,,,,,,
,347,Caldwell County DSS — Emergency Assistance / Housing Support,Lenoir,"2345 Morganton Blvd SW, Suite A, Lenoir, NC 28645",828-426-8200,Assistance Program,rent_assistance,,,,Caldwell,,,,,,,,,,,,,,,,,,,,,,,
,348,Caldwell County DSS — CIP/LIEAP,Lenoir,"2345 Morganton Blvd SW, Suite A, Lenoir, NC 28645",828-426-8200,Assistance Program,electric_bill,,,,Caldwell,,,,,,,,,,,,,,,,,,,,,,,
,349,Caldwell County Food & Nutrition Services,Lenoir,"2345 Morganton Blvd SW, Suite A, Lenoir, NC 28645",828-426-8296,Assistance Program,food_pantry,,,,Caldwell,,,,,,,,,,,,,,,,,,,,,,,
,350,Camden County DSS — Emergency Assistance/Housing Referral,Camden,"117 NC Hwy 343 N, Camden, NC 27921",252-331-4787,Assistance Program,rent_assistance,,,,Camden,,,,,,,,,,,,,,,,,,,,,,,
,351,Camden County DSS — CIP/LIEAP,Camden,"117 NC Hwy 343 N, Camden, NC 27921",252-331-4787,Assistance Program,electric_bill,,,,Camden,,,,,,,,,,,,,,,,,,,,,,,
,352,Camden County DSS — Food & Nutrition Services,Camden,"117 NC Hwy 343 N, Camden, NC 27921",252-331-4787,Assistance Program,food_pantry,,,,Camden,,,,,,,,,,,,,,,,,,,,,,,
,353,Carteret County Work First Emergency Assistance,Beaufort,"210 Craven St, Beaufort, NC 28516",252-728-3181,Assistance Program,rent_assistance,,,,Carteret,,,,,,,,,,,,,,,,,,,,,,,
,354,Carteret County Work First Emergency Assistance / CIP,Beaufort,"210 Craven St, Beaufort, NC 28516",252-728-3181,Assistance Program,electric_bill,,,,Carteret,,,,,,,,,,,,,,,,,,,,,,,
,355,Carteret County DSS — Food & Nutrition Services,Beaufort,"210 Craven St, Beaufort, NC 28516",252-728-3181,Assistance Program,food_pantry,,,,Carteret,,,,,,,,,,,,,,,,,,,,,,,
,356,Caswell County DSS — Emergency Assistance/Housing Support,Yanceyville,"175 County Park Rd, Yanceyville, NC 27379",336-694-4141,Assistance Program,rent_assistance,,,,Caswell,,,,,,,,,,,,,,,,,,,,,,,
,357,Caswell County DSS — CIP/LIEAP,Yanceyville,"175 County Park Rd, Yanceyville, NC 27379",336-694-4141,Assistance Program,electric_bill,,,,Caswell,,,,,,,,,,,,,,,,,,,,,,,
,358,Caswell County DSS — Food & Nutrition Services,Yanceyville,"175 County Park Rd, Yanceyville, NC 27379",336-694-4141,Assistance Program,food_pantry,,,,Caswell,,,,,,,,,,,,,,,,,,,,,,,
,359,Eastern Catawba Cooperative Christian Ministry,Newton,"245 E N St, Newton, NC 28658",828-327-0979,Assistance Program,rent_assistance,,,,Catawba,,,,,,,,,,,,,,,,,,,,,,,
,360,Catawba County DSS — CIP/LIEAP,Hickory,"3030 11th Ave Dr SE, Hickory, NC 28602",828-695-5600,Assistance Program,electric_bill,,,,Catawba,,,,,,,,,,,,,,,,,,,,,,,
,361,Catawba County Food & Nutrition Services,Hickory,"3030 11th Ave Dr SE, Hickory, NC 28602",828-695-5600,Assistance Program,food_pantry,,,,Catawba,,,,,,,,,,,,,,,,,,,,,,,
,362,Chatham County Work First Emergency Assistance,Pittsboro,"12 East St, Pittsboro, NC 27312",919-542-2759,Assistance Program,rent_assistance,,,,Chatham,,,,,,,,,,,,,,,,,,,,,,,
,363,Chatham County Work First Emergency Assistance / CIP,Pittsboro,"12 East St, Pittsboro, NC 27312",919-542-2759,Assistance Program,electric_bill,,,,Chatham,,,,,,,,,,,,,,,,,,,,,,,
,364,Chatham County DSS — Food & Nutrition Services,Pittsboro,"12 East St, Pittsboro, NC 27312",919-542-2759,Assistance Program,food_pantry,,,,Chatham,,,,,,,,,,,,,,,,,,,,,,,
,365,HERE in Jackson County — Housing Stabilization Services,Verify current location,Provider location to be confirmed during intake,Verify with provider,Assistance Program,"eviction_prevention, rent_assistance",,,,Cherokee,,,,,,,,,,,,,,,,,,,,,,,
,366,Cherokee County DSS — CIP/LIEAP,Murphy,"4800 W US Hwy 64, Murphy, NC 28906",828-837-7455,Assistance Program,electric_bill,,,,Cherokee,,,,,,,,,,,,,,,,,,,,,,,
,367,Cherokee County DSS — Food & Nutrition Services,Murphy,"4800 W US Hwy 64, Murphy, NC 28906",828-837-7455,Assistance Program,food_pantry,,,,Cherokee,,,,,,,,,,,,,,,,,,,,,,,
,368,Chowan County DSS — Emergency Assistance/Housing Support,Edenton,"100 W Freemason St, Edenton, NC 27932",252-482-7441,Assistance Program,rent_assistance,,,,Chowan,,,,,,,,,,,,,,,,,,,,,,,
,369,Chowan County DSS — CIP/LIEAP,Edenton,"100 W Freemason St, Edenton, NC 27932",252-482-7441,Assistance Program,electric_bill,,,,Chowan,,,,,,,,,,,,,,,,,,,,,,,
,370,Chowan County DSS — Food & Nutrition Services,Edenton,"100 W Freemason St, Edenton, NC 27932",252-482-7441,Assistance Program,food_pantry,,,,Chowan,,,,,,,,,,,,,,,,,,,,,,,
,371,Clay County DSS — Emergency Assistance/Housing Support,Hayesville,"345 Courthouse Dr, Hayesville, NC 28904",828-389-6301,Assistance Program,rent_assistance,,,,Clay,,,,,,,,,,,,,,,,,,,,,,,
,372,Clay County DSS — CIP/LIEAP,Hayesville,"345 Courthouse Dr, Hayesville, NC 28904",828-389-6301,Assistance Program,electric_bill,,,,Clay,,,,,,,,,,,,,,,,,,,,,,,
,373,Clay County DSS — Food & Nutrition Services,Hayesville,"345 Courthouse Dr, Hayesville, NC 28904",828-389-6301,Assistance Program,food_pantry,,,,Clay,,,,,,,,,,,,,,,,,,,,,,,
,374,Cleveland County DSS — Emergency Assistance,Shelby,"130 S Post Rd, Shelby, NC 28152",704-487-0661,Assistance Program,rent_assistance,,,,Cleveland,,,,,,,,,,,,,,,,,,,,,,,
,375,Cleveland County DSS — CIP/LIEAP,Shelby,"130 S Post Rd, Shelby, NC 28152",704-487-0661,Assistance Program,electric_bill,,,,Cleveland,,,,,,,,,,,,,,,,,,,,,,,
,376,Cleveland County DSS — Food & Nutrition Services,Shelby,"130 S Post Rd, Shelby, NC 28152",704-487-0661,Assistance Program,food_pantry,,,,Cleveland,,,,,,,,,,,,,,,,,,,,,,,
,377,Columbus County DSS — Emergency Assistance/Housing Support,Whiteville,"40 Government Complex Rd, Whiteville, NC 28472",910-641-3000,Assistance Program,rent_assistance,,,,Columbus,,,,,,,,,,,,,,,,,,,,,,,
,378,Columbus County DSS — CIP/LIEAP,Whiteville,"40 Government Complex Rd, Whiteville, NC 28472",910-641-3000,Assistance Program,electric_bill,,,,Columbus,,,,,,,,,,,,,,,,,,,,,,,
,379,Columbus County DSS — Food & Nutrition Services,Whiteville,"40 Government Complex Rd, Whiteville, NC 28472",910-641-3000,Assistance Program,food_pantry,,,,Columbus,,,,,,,,,,,,,,,,,,,,,,,
,380,Craven County DSS — Emergency Assistance,New Bern,"2818 Neuse Blvd, New Bern, NC 28562",252-636-4900,Assistance Program,rent_assistance,,,,Craven,,,,,,,,,,,,,,,,,,,,,,,
,381,Craven County DSS — CIP/LIEAP,New Bern,"2818 Neuse Blvd, New Bern, NC 28562",252-636-4900,Assistance Program,electric_bill,,,,Craven,,,,,,,,,,,,,,,,,,,,,,,
,382,Craven County DSS — Food & Nutrition Services,New Bern,"2818 Neuse Blvd, New Bern, NC 28562",252-636-4900,Assistance Program,food_pantry,,,,Craven,,,,,,,,,,,,,,,,,,,,,,,
,383,Cumberland County Coordinated Entry / Homeless Services,Verify current location,Intake location determined through program,910-483-5944,Assistance Program,"eviction_prevention, rent_assistance",,,,Cumberland,,,,,,,,,,,,,,,,,,,,,,,
,384,Cumberland County DSS — CIP/LIEAP,Fayetteville,"1225 Ramsey St, Fayetteville, NC 28301",910-323-1540,Assistance Program,electric_bill,,,,Cumberland,,,,,,,,,,,,,,,,,,,,,,,
,385,Cumberland County DSS — Food & Nutrition Services,Fayetteville,"1225 Ramsey St, Fayetteville, NC 28301",910-323-1540,Assistance Program,food_pantry,,,,Cumberland,,,,,,,,,,,,,,,,,,,,,,,
,386,Currituck County DSS — Emergency Assistance/Housing Support,Currituck,"153 Courthouse Rd, Suite 107, Currituck, NC 27929",252-232-3083,Assistance Program,rent_assistance,,,,Currituck,,,,,,,,,,,,,,,,,,,,,,,
,387,Currituck County DSS — CIP/LIEAP,Currituck,"153 Courthouse Rd, Suite 107, Currituck, NC 27929",252-232-3083,Assistance Program,electric_bill,,,,Currituck,,,,,,,,,,,,,,,,,,,,,,,
,388,Currituck County DSS — Food & Nutrition Services,Currituck,"153 Courthouse Rd, Suite 107, Currituck, NC 27929",252-232-3083,Assistance Program,food_pantry,,,,Currituck,,,,,,,,,,,,,,,,,,,,,,,
,389,Dare County DSS — Housing/Homelessness Assistance,Manteo,"954 Marshall C Collins Dr, Manteo, NC 27954",252-475-5800,Assistance Program,"eviction_prevention, rent_assistance",,,,Dare,,,,,,,,,,,,,,,,,,,,,,,
,390,Dare County DSS — CIP/LIEAP,Manteo,"954 Marshall C Collins Dr, Manteo, NC 27954",252-475-5800,Assistance Program,electric_bill,,,,Dare,,,,,,,,,,,,,,,,,,,,,,,
,391,Dare County DSS — Food & Nutrition Services,Manteo,"954 Marshall C Collins Dr, Manteo, NC 27954",252-475-5800,Assistance Program,food_pantry,,,,Dare,,,,,,,,,,,,,,,,,,,,,,,
,392,Davidson County DSS — Emergency Assistance/Housing Support,Lexington,"913 Greensboro St, Lexington, NC 27292",336-242-2000,Assistance Program,rent_assistance,,,,Davidson,,,,,,,,,,,,,,,,,,,,,,,
,393,Davidson County DSS — CIP/LIEAP,Lexington,"913 Greensboro St, Lexington, NC 27292",336-242-2000,Assistance Program,electric_bill,,,,Davidson,,,,,,,,,,,,,,,,,,,,,,,
,394,Davidson County DSS — Food & Nutrition Services,Lexington,"913 Greensboro St, Lexington, NC 27292",336-242-2000,Assistance Program,food_pantry,,,,Davidson,,,,,,,,,,,,,,,,,,,,,,,
,395,Davie County DSS — Emergency Assistance/Housing Support,Mocksville,"154 Government Center Dr, Mocksville, NC 27028",336-753-6250,Assistance Program,rent_assistance,,,,Davie,,,,,,,,,,,,,,,,,,,,,,,
,396,Davie County DSS — CIP/LIEAP,Mocksville,"154 Government Center Dr, Mocksville, NC 27028",336-753-6250,Assistance Program,electric_bill,,,,Davie,,,,,,,,,,,,,,,,,,,,,,,
,397,Davie County DSS — Food & Nutrition Services,Mocksville,"154 Government Center Dr, Mocksville, NC 27028",336-753-6250,Assistance Program,food_pantry,,,,Davie,,,,,,,,,,,,,,,,,,,,,,,
,398,Duplin County DSS — Work First Emergency Assistance,Kenansville,"423 N Main St, Kenansville, NC 28349",910-296-2200,Assistance Program,rent_assistance,,,,Duplin,,,,,,,,,,,,,,,,,,,,,,,
,399,Duplin County DSS — CIP/LIEAP,Kenansville,"423 N Main St, Kenansville, NC 28349",910-296-2200,Assistance Program,electric_bill,,,,Duplin,,,,,,,,,,,,,,,,,,,,,,,
,400,Duplin County DSS — Food & Nutrition Services,Kenansville,"423 N Main St, Kenansville, NC 28349",910-296-2200,Assistance Program,food_pantry,,,,Duplin,,,,,,,,,,,,,,,,,,,,,,,
,401,Durham County DSS — Emergency Assistance / Housing Support,Durham,"414 E Main St, Durham, NC 27701",919-560-8000,Assistance Program,rent_assistance,,,,Durham,,,,,,,,,,,,,,,,,,,,,,,
,402,Durham County DSS — Crisis Intervention Program / Energy Assistance,Durham,"414 E Main St, Durham, NC 27701",919-560-8000,Assistance Program,"electric_bill, gas_bill",,,,Durham,,,,,,,,,,,,,,,,,,,,,,,
,403,Durham County DSS — Food & Nutrition Services,Durham,"414 E Main St, Durham, NC 27701",919-560-8000,Assistance Program,food_pantry,,,,Durham,,,,,,,,,,,,,,,,,,,,,,,
,404,Edgecombe County DSS — Emergency Assistance / Housing Crisis Support,Tarboro,"122 E St James St, Tarboro, NC 27886",252-641-7611,Assistance Program,rent_assistance,,,,Edgecombe,,,,,,,,,,,,,,,,,,,,,,,
,405,Edgecombe County DSS — CIP/LIEAP,Tarboro,"122 E St James St, Tarboro, NC 27886",252-641-7611,Assistance Program,electric_bill,,,,Edgecombe,,,,,,,,,,,,,,,,,,,,,,,
,406,Edgecombe County DSS — Food & Nutrition Services,Tarboro,"122 E St James St, Tarboro, NC 27886",252-641-7611,Assistance Program,food_pantry,,,,Edgecombe,,,,,,,,,,,,,,,,,,,,,,,
,407,Forsyth County DSS — Emergency Assistance / Housing Support,Winston-Salem,"741 N Highland Ave, Winston-Salem, NC 27101",336-703-3800,Assistance Program,rent_assistance,,,,Forsyth,,,,,,,,,,,,,,,,,,,,,,,
,408,Forsyth County DSS — CIP/LIEAP,Winston-Salem,"741 N Highland Ave, Winston-Salem, NC 27101",336-703-3800,Assistance Program,electric_bill,,,,Forsyth,,,,,,,,,,,,,,,,,,,,,,,
,409,Forsyth County DSS — Food & Nutrition Services,Winston-Salem,"741 N Highland Ave, Winston-Salem, NC 27101",336-703-3800,Assistance Program,food_pantry,,,,Forsyth,,,,,,,,,,,,,,,,,,,,,,,
,410,Franklin County DSS — Emergency Assistance / Housing Crisis Support,Louisburg,"107-A Industrial Dr, Louisburg, NC 27549",919-496-5721,Assistance Program,rent_assistance,,,,Franklin,,,,,,,,,,,,,,,,,,,,,,,
,411,Franklin County DSS — CIP/LIEAP,Louisburg,"107-A Industrial Dr, Louisburg, NC 27549",919-496-5721,Assistance Program,electric_bill,,,,Franklin,,,,,,,,,,,,,,,,,,,,,,,
,412,Franklin County DSS — Food & Nutrition Services,Louisburg,"107-A Industrial Dr, Louisburg, NC 27549",919-496-5721,Assistance Program,food_pantry,,,,Franklin,,,,,,,,,,,,,,,,,,,,,,,
,413,Gaston County DSS — Emergency Assistance / Housing Support,Gastonia,"330 Dr Martin Luther King Jr Way, Gastonia, NC 28052",704-862-7500,Assistance Program,"gas_bill, rent_assistance",,,,Gaston,,,,,,,,,,,,,,,,,,,,,,,
,414,Gaston County DSS — CIP/LIEAP,Gastonia,"330 Dr Martin Luther King Jr Way, Gastonia, NC 28052",704-862-7500,Assistance Program,electric_bill,,,,Gaston,,,,,,,,,,,,,,,,,,,,,,,
,415,Gaston County DSS — Food & Nutrition Services,Gastonia,"330 Dr Martin Luther King Jr Way, Gastonia, NC 28052",704-862-7500,Assistance Program,food_pantry,,,,Gaston,,,,,,,,,,,,,,,,,,,,,,,
,416,Gates County DSS — Emergency Assistance / Housing Crisis Support,Gatesville,"122 Main St, Gatesville, NC 27938",252-357-0075,Assistance Program,rent_assistance,,,,Gates,,,,,,,,,,,,,,,,,,,,,,,
,417,Gates County DSS — CIP/LIEAP,Gatesville,"122 Main St, Gatesville, NC 27938",252-357-0075,Assistance Program,electric_bill,,,,Gates,,,,,,,,,,,,,,,,,,,,,,,
,418,Gates County DSS — Food & Nutrition Services,Gatesville,"122 Main St, Gatesville, NC 27938",252-357-0075,Assistance Program,food_pantry,,,,Gates,,,,,,,,,,,,,,,,,,,,,,,
,419,Graham County DSS — Emergency Assistance / Housing Crisis Support,Robbinsville,"191 P & J Rd, Robbinsville, NC 28771",828-479-7911,Assistance Program,rent_assistance,,,,Graham,,,,,,,,,,,,,,,,,,,,,,,
,420,Graham County DSS — CIP/LIEAP,Robbinsville,"191 P & J Rd, Robbinsville, NC 28771",828-479-7911,Assistance Program,electric_bill,,,,Graham,,,,,,,,,,,,,,,,,,,,,,,
,421,Graham County DSS — Food & Nutrition Services,Robbinsville,"191 P & J Rd, Robbinsville, NC 28771",828-479-7911,Assistance Program,food_pantry,,,,Graham,,,,,,,,,,,,,,,,,,,,,,,
,422,Granville County DSS — Emergency Assistance / Housing Crisis Support,Oxford,"410 W Spring St, Oxford, NC 27565",919-693-1511,Assistance Program,rent_assistance,,,,Granville,,,,,,,,,,,,,,,,,,,,,,,
,423,Granville County DSS — CIP/LIEAP,Oxford,"410 W Spring St, Oxford, NC 27565",919-693-1511,Assistance Program,electric_bill,,,,Granville,,,,,,,,,,,,,,,,,,,,,,,
,424,Granville County DSS — Food & Nutrition Services,Oxford,"410 W Spring St, Oxford, NC 27565",919-693-1511,Assistance Program,food_pantry,,,,Granville,,,,,,,,,,,,,,,,,,,,,,,
,425,Greene County DSS — Emergency Assistance / Housing Crisis Support,Snow Hill,"227 Kingold Blvd, Suite A, Snow Hill, NC 28580",252-747-5932,Assistance Program,rent_assistance,,,,Greene,,,,,,,,,,,,,,,,,,,,,,,
,426,Greene County DSS — CIP/LIEAP,Snow Hill,"227 Kingold Blvd, Suite A, Snow Hill, NC 28580",252-747-5932,Assistance Program,electric_bill,,,,Greene,,,,,,,,,,,,,,,,,,,,,,,
,427,Greene County DSS — Food & Nutrition Services,Snow Hill,"227 Kingold Blvd, Suite A, Snow Hill, NC 28580",252-747-5932,Assistance Program,food_pantry,,,,Greene,,,,,,,,,,,,,,,,,,,,,,,
,428,Greensboro Housing Authority — HOME-ARP Tenant-Based Rental Assistance,Greensboro,"450 N Church St, Greensboro, NC 27401",336-275-8501,Assistance Program,rent_assistance,,,,Guilford,,,,,,,,,,,,,,,,,,,,,,,
,429,Guilford County DSS — Energy Assistance/CIP,Greensboro / High Point,"1203 Maple St, Greensboro, NC 27405 / 325 E Russell Ave, High Point, NC 27260",336-641-3000,Assistance Program,"electric_bill, gas_bill",,,,Guilford,,,,,,,,,,,,,,,,,,,,,,,
,430,Guilford County DSS — Food & Nutrition Services,Greensboro / High Point,"1203 Maple St, Greensboro, NC 27405 / 325 E Russell Ave, High Point, NC 27260",336-641-3000,Assistance Program,food_pantry,,,,Guilford,,,,,,,,,,,,,,,,,,,,,,,
,431,Roanoke-Chowan Regional Housing Authority — Housing Choice Voucher/Public Housing,Gaston,"205 Tinsley Way, Gaston, NC 27832",252-537-1051,Assistance Program,rent_assistance,,,,Halifax,,,,,,,,,,,,,,,,,,,,,,,
,432,Halifax County DSS — Energy and Water Assistance/CIP,Halifax,"4421 US 301, Halifax, NC 27839",252-536-2511,Assistance Program,"electric_bill, gas_bill, water_bill",,,,Halifax,,,,,,,,,,,,,,,,,,,,,,,
,433,Halifax County DSS — Food & Nutrition Services,Halifax,"4421 US 301, Halifax, NC 27839",252-536-2511,Assistance Program,food_pantry,,,,Halifax,,,,,,,,,,,,,,,,,,,,,,,
,434,Harnett County HUD Office — Housing Choice Voucher/Rental Subsidy,Sanford,"1000 Carthage St, Sanford, NC 27330",919-776-7655,Assistance Program,rent_assistance,,,,Harnett,,,,,,,,,,,,,,,,,,,,,,,
,435,Harnett County DSS — Crisis Intervention Program,Lillington,"311 W Cornelius Harnett Blvd, Lillington, NC 27546",910-814-6823,Assistance Program,electric_bill,,,,Harnett,,,,,,,,,,,,,,,,,,,,,,,
,436,Harnett County DSS — Food & Nutrition Services,Lillington,"311 W Cornelius Harnett Blvd, Lillington, NC 27546",910-814-6611,Assistance Program,food_pantry,,,,Harnett,,,,,,,,,,,,,,,,,,,,,,,
,437,Mountain Projects — Section 8 Housing Choice Voucher,Waynesville,"2177 Asheville Rd, Waynesville, NC 28786",828-452-1447,Assistance Program,rent_assistance,,,,Haywood,,,,,,,,,,,,,,,,,,,,,,,
,438,Haywood County DSS — CIP/LIEAP,Clyde,"157 Paragon Parkway, Suite 300, Clyde, NC 28721",828-452-6620 option 3,Assistance Program,electric_bill,,,,Haywood,,,,,,,,,,,,,,,,,,,,,,,
,439,Haywood County DSS — Food & Nutrition Services,Clyde,"157 Paragon Parkway, Suite 300, Clyde, NC 28721",828-452-6620,Assistance Program,food_pantry,,,,Haywood,,,,,,,,,,,,,,,,,,,,,,,
,440,Henderson County DSS — Emergency Assistance,Hendersonville,"1200 Spartanburg Hwy, Suite 300, Hendersonville, NC 28792",828-697-5500,Assistance Program,rent_assistance,,,,Henderson,,,,,,,,,,,,,,,,,,,,,,,
,441,Henderson County DSS — CIP/LIEAP,Hendersonville,"1200 Spartanburg Hwy, Suite 300, Hendersonville, NC 28792",828-697-5500,Assistance Program,electric_bill,,,,Henderson,,,,,,,,,,,,,,,,,,,,,,,
,442,Henderson County DSS — Food & Nutrition Services,Hendersonville,"1200 Spartanburg Hwy, Suite 300, Hendersonville, NC 28792",828-697-5500,Assistance Program,food_pantry,,,,Henderson,,,,,,,,,,,,,,,,,,,,,,,
,443,Roanoke-Chowan Regional Housing Authority — HCV/Public Housing,Gaston / Hertford,"RCRHA: 205 Tinsley Way, Gaston, NC 27832; Hertford Housing Authority: 104 White St, Hertford, NC 27944",252-537-1051,Assistance Program,rent_assistance,,,,Hertford,,,,,,,,,,,,,,,,,,,,,,,
,444,Hertford County DSS — Energy Assistance/CIP,Winton,"704 N King St, Winton, NC 27986",252-358-7830,Assistance Program,"electric_bill, gas_bill",,,,Hertford,,,,,,,,,,,,,,,,,,,,,,,
,445,Hertford County DSS — Food & Nutrition Services,Winton,"704 N King St, Winton, NC 27986",252-358-7830,Assistance Program,food_pantry,,,,Hertford,,,,,,,,,,,,,,,,,,,,,,,
,446,Hoke County Housing Authority,Raeford,"Hoke County Housing Authority; county administrative contact: 227 N Main St, Raeford, NC 28376",910-875-8751,Assistance Program,rent_assistance,,,,Hoke,,,,,,,,,,,,,,,,,,,,,,,
,447,Hoke County EFSP Utility Assistance,Raeford,"314 S Magnolia St, Raeford, NC 28376",910-875-8725,Assistance Program,"electric_bill, gas_bill",,,,Hoke,,,,,,,,,,,,,,,,,,,,,,,
,448,Hoke County DSS — Food & Nutrition Services,Raeford,"314 S Magnolia St, Raeford, NC 28376",910-875-8725,Assistance Program,food_pantry,,,,Hoke,,,,,,,,,,,,,,,,,,,,,,,
,449,Hyde County DSS — Housing/Emergency Assistance Referral,Engelhard,"35015 US Hwy 264, Engelhard, NC 27824",252-926-4199,Assistance Program,rent_assistance,,,,Hyde,,,,,,,,,,,,,,,,,,,,,,,
,450,Hyde County DSS — Energy Assistance/CIP/LIEAP,Engelhard,"35015 US Hwy 264, Engelhard, NC 27824",252-926-4199,Assistance Program,"electric_bill, gas_bill",,,,Hyde,,,,,,,,,,,,,,,,,,,,,,,
,451,Hyde County DSS — Food & Nutrition Services,Engelhard,"35015 US Hwy 264, Engelhard, NC 27824",252-926-4199,Assistance Program,food_pantry,,,,Hyde,,,,,,,,,,,,,,,,,,,,,,,
,452,Iredell County DSS / Local Housing Assistance Providers,Statesville / Mooresville,"549 Eastside Dr, Statesville, NC 28625; 610 E Center Ave, Mooresville, NC 28115",704-873-5631,Assistance Program,rent_assistance,,,,Iredell,,,,,,,,,,,,,,,,,,,,,,,
,453,Iredell County DSS — Energy Programs,Statesville / Mooresville,"549 Eastside Dr, Statesville, NC 28625; 610 E Center Ave, Mooresville, NC 28115",704-873-5631,Assistance Program,"electric_bill, gas_bill",,,,Iredell,,,,,,,,,,,,,,,,,,,,,,,
,454,Iredell County DSS — Food & Nutrition Services,Statesville / Mooresville,"549 Eastside Dr, Statesville, NC 28625; 610 E Center Ave, Mooresville, NC 28115",704-873-5631,Assistance Program,food_pantry,,,,Iredell,,,,,,,,,,,,,,,,,,,,,,,
,455,Mountain Projects — Section 8 Housing Choice Voucher,Sylva / Waynesville,"154 Medical Park Loop, Sylva, NC 28779 / 2177 Asheville Rd, Waynesville, NC 28786",828-586-2345,Assistance Program,rent_assistance,,,,Jackson,,,,,,,,,,,,,,,,,,,,,,,
,456,Jackson County DSS — CIP/LIEAP / Energy Assistance,Sylva,"15 Griffin St, Sylva, NC 28779",828-586-5546,Assistance Program,"electric_bill, gas_bill",,,,Jackson,,,,,,,,,,,,,,,,,,,,,,,
,457,Jackson County DSS — Food & Nutrition Services,Sylva,"15 Griffin St, Sylva, NC 28779",828-586-5546,Assistance Program,food_pantry,,,,Jackson,,,,,,,,,,,,,,,,,,,,,,,
,458,Global Empowerment Mission — Helene Rental Assistance,Mitchell County,Mitchell County service area; confirm intake location,—,Assistance Program,rent_assistance,,,,Mitchell,,,,,,,,,,,,,,,,,,,,,,,
,459,Mitchell County DSS — Energy Assistance / CIP,Bakersville,"347 Long View Dr, Bakersville, NC 28705",828-688-2175,Assistance Program,"electric_bill, gas_bill",,,,Mitchell,,,,,,,,,,,,,,,,,,,,,,,
,460,Mitchell County DSS — Food & Nutrition Services,Bakersville,"347 Long View Dr, Bakersville, NC 28705",828-688-2175,Assistance Program,food_pantry,,,,Mitchell,,,,,,,,,,,,,,,,,,,,,,,
,461,Troy/Montgomery Senior Center — Housing Assistance / Referral,Troy,"228 N Main St, Troy, NC 27371",910-572-4464,Assistance Program,rent_assistance,,,,Montgomery,,,,,,,,,,,,,,,,,,,,,,,
,462,Montgomery County DSS — Crisis Programs / Energy Assistance,Troy,"102 E Spring St, Troy, NC 27371",910-576-6531,Assistance Program,"electric_bill, gas_bill",,,,Montgomery,,,,,,,,,,,,,,,,,,,,,,,
,463,Montgomery County DSS — Food & Nutrition Services,Troy,"102 E Spring St, Troy, NC 27371",910-576-6531,Assistance Program,food_pantry,,,,Montgomery,,,,,,,,,,,,,,,,,,,,,,,
,464,Moore County DSS — Emergency Assistance / Housing Support,Carthage,"1036 Carriage Oaks Dr, Carthage, NC 28327",910-947-2436,Assistance Program,rent_assistance,,,,Moore,,,,,,,,,,,,,,,,,,,,,,,
,465,Moore County DSS — Energy Assistance,Carthage,"1036 Carriage Oaks Dr, Carthage, NC 28327",910-947-2436,Assistance Program,"electric_bill, gas_bill",,,,Moore,,,,,,,,,,,,,,,,,,,,,,,
,466,Moore County DSS — Food & Nutrition Services,Carthage,"1036 Carriage Oaks Dr, Carthage, NC 28327",910-947-2436,Assistance Program,food_pantry,,,,Moore,,,,,,,,,,,,,,,,,,,,,,,
,467,Nash County DSS — Family Support / Emergency Assistance Referral,Nashville,"120 W Washington St, Suite 3072, Nashville, NC 27856",252-459-9818,Assistance Program,rent_assistance,,,,Nash,,,,,,,,,,,,,,,,,,,,,,,
,468,Nash County DSS — Energy Programs,Nashville,"120 W Washington St, Suite 3072, Nashville, NC 27856",252-459-9818,Assistance Program,"electric_bill, gas_bill",,,,Nash,,,,,,,,,,,,,,,,,,,,,,,
,469,Nash County DSS — Food & Nutrition Services,Nashville,"120 W Washington St, Suite 3072, Nashville, NC 27856",252-459-9822,Assistance Program,food_pantry,,,,Nash,,,,,,,,,,,,,,,,,,,,,,,
,470,New Hanover County HHS — Crisis Intervention / Housing Assistance,Wilmington,"1650 Greenfield St, Wilmington, NC 28401",910-798-3500,Assistance Program,rent_assistance,,,,New Hanover,,,,,,,,,,,,,,,,,,,,,,,
,471,New Hanover County HHS — Crisis Intervention / Energy Assistance,Wilmington,"1650 Greenfield St, Wilmington, NC 28401",910-798-3500,Assistance Program,"electric_bill, gas_bill",,,,New Hanover,,,,,,,,,,,,,,,,,,,,,,,
,472,New Hanover County HHS — Food & Nutrition Services,Wilmington,"1650 Greenfield St, Wilmington, NC 28401",910-798-3500,Assistance Program,food_pantry,,,,New Hanover,,,,,,,,,,,,,,,,,,,,,,,
,473,Northampton County DSS — Emergency Assistance / Housing Referral,Jackson,"9536 NC Hwy 305, Jackson, NC 27845",252-534-5811,Assistance Program,rent_assistance,,,,Northampton,,,,,,,,,,,,,,,,,,,,,,,
,474,Northampton County DSS — Energy Assistance / CIP,Jackson,"9536 NC Hwy 305, Jackson, NC 27845",252-534-5811,Assistance Program,"electric_bill, gas_bill",,,,Northampton,,,,,,,,,,,,,,,,,,,,,,,
,475,Northampton County DSS — Food & Nutrition Services,Jackson,"9536 NC Hwy 305, Jackson, NC 27845",252-534-5811,Assistance Program,food_pantry,,,,Northampton,,,,,,,,,,,,,,,,,,,,,,,
,476,Onslow County DSS — Crisis Intervention / Housing Payment Assistance,Jacksonville,"612 College St, Jacksonville, NC 28540",910-455-4145,Assistance Program,rent_assistance,,,,Onslow,,,,,,,,,,,,,,,,,,,,,,,
,477,Onslow County DSS — Energy Programs / CIP-LIEAP,Jacksonville,"612 College St, Jacksonville, NC 28540",910-455-4145,Assistance Program,"electric_bill, gas_bill",,,,Onslow,,,,,,,,,,,,,,,,,,,,,,,
,478,Onslow County DSS — Food & Nutrition Services,Jacksonville,"612 College St, Jacksonville, NC 28540",910-455-4145,Assistance Program,food_pantry,,,,Onslow,,,,,,,,,,,,,,,,,,,,,,,
,479,Orange County Emergency Housing Assistance (EHA),Chapel Hill / Hillsborough,"Southern Human Services Center: 2501 Homestead Rd, Chapel Hill, NC 27516; Hillsborough Commons: 113 Mayo St, Hillsborough, NC 27278",919-245-2655,Assistance Program,rent_assistance,,,,Orange,,,,,,,,,,,,,,,,,,,,,,,
,480,Orange County DSS — Emergency Assistance,Hillsborough,"300 W Tryon St, Hillsborough, NC 27278",919-732-8181,Assistance Program,electric_bill,,,,Orange,,,,,,,,,,,,,,,,,,,,,,,
,481,Orange County DSS — Food & Nutrition Services,Hillsborough,"300 W Tryon St, Hillsborough, NC 27278",919-245-2900,Assistance Program,food_pantry,,,,Orange,,,,,,,,,,,,,,,,,,,,,,,
,482,Pamlico County Human Services Center / DSS — Housing Crisis Referral,Bayboro,"828 Alliance Main St, Bayboro, NC 28515",252-745-4086,Assistance Program,rent_assistance,,,,Pamlico,,,,,,,,,,,,,,,,,,,,,,,
,483,Pamlico County Human Services Center — Energy Assistance,Bayboro,"828 Alliance Main St, Bayboro, NC 28515",252-745-4086,Assistance Program,"electric_bill, gas_bill",,,,Pamlico,,,,,,,,,,,,,,,,,,,,,,,
,484,Pamlico County Human Services Center — Food & Nutrition Services,Bayboro,"828 Alliance Main St, Bayboro, NC 28515",252-745-4086,Assistance Program,food_pantry,,,,Pamlico,,,,,,,,,,,,,,,,,,,,,,,
,485,Pasquotank County DSS — Emergency Assistance / Housing Referral,Elizabeth City,"709 Roanoke Ave, Elizabeth City, NC 27909",252-338-2126,Assistance Program,rent_assistance,,,,Pasquotank,,,,,,,,,,,,,,,,,,,,,,,
,486,Pasquotank County DSS — Energy Assistance / CIP-LIEAP,Elizabeth City,"709 Roanoke Ave, Elizabeth City, NC 27909",252-338-2126,Assistance Program,"electric_bill, gas_bill",,,,Pasquotank,,,,,,,,,,,,,,,,,,,,,,,
,487,Pasquotank County DSS — Food & Nutrition Services,Elizabeth City,"709 Roanoke Ave, Elizabeth City, NC 27909",252-338-2126,Assistance Program,food_pantry,,,,Pasquotank,,,,,,,,,,,,,,,,,,,,,,,
,488,Pender County DSS — Emergency Assistance,Burgaw,"298-B Progress Dr, Burgaw, NC 28425",910-259-1240,Assistance Program,rent_assistance,,,,Pender,,,,,,,,,,,,,,,,,,,,,,,
,489,Pender County DSS — CIP/LIEAP Energy Assistance,Burgaw,"298-B Progress Dr, Burgaw, NC 28425",910-259-1240,Assistance Program,"electric_bill, gas_bill",,,,Pender,,,,,,,,,,,,,,,,,,,,,,,
,490,Pender County DSS — Food & Nutrition Services,Burgaw,"298-B Progress Dr, Burgaw, NC 28425",910-259-1240,Assistance Program,food_pantry,,,,Pender,,,,,,,,,,,,,,,,,,,,,,,
,491,Albemarle Commission — Community Housing / Housing Repair Resources,Hertford,"512 S Church St, Hertford, NC 27944",252-426-5753,Assistance Program,rent_assistance,,,,Perquimans,,,,,,,,,,,,,,,,,,,,,,,
,492,Perquimans County DSS — Energy Assistance / CIP-LIEAP,Hertford,"103 Charles St, Hertford, NC 27944",252-426-7373,Assistance Program,"electric_bill, gas_bill",,,,Perquimans,,,,,,,,,,,,,,,,,,,,,,,
,493,Perquimans County DSS — Food & Nutrition Services,Hertford,"103 Charles St, Hertford, NC 27944",252-426-7373,Assistance Program,food_pantry,,,,Perquimans,,,,,,,,,,,,,,,,,,,,,,,
,494,Person County Habitat for Humanity / Housing Assistance,Person County,Person County service area; confirm current office location,336-597-2206,Assistance Program,rent_assistance,,,,Person,,,,,,,,,,,,,,,,,,,,,,,
,495,Person County DSS — Energy Assistance / CIP-LIEAP,Roxboro,"355-B S Madison Blvd, Roxboro, NC 27573",336-599-8361,Assistance Program,"electric_bill, gas_bill",,,,Person,,,,,,,,,,,,,,,,,,,,,,,
,496,Person County DSS — Food & Nutrition Services,Roxboro,"355-B S Madison Blvd, Roxboro, NC 27573",336-599-8361,Assistance Program,food_pantry,,,,Person,,,,,,,,,,,,,,,,,,,,,,,
,497,Pitt County DSS — Emergency Eviction Prevention Assistance,Greenville,"1717 W 5th St, Greenville, NC 27834",252-751-9900,Assistance Program,"eviction_prevention, rent_assistance",,,,Pitt,,,,,,,,,,,,,,,,,,,,,,,
,498,Pitt County DSS — Low Income Energy Assistance,Greenville,"1717 W 5th St, Greenville, NC 27834",252-902-1000,Assistance Program,"electric_bill, gas_bill",,,,Pitt,,,,,,,,,,,,,,,,,,,,,,,
,499,Pitt County DSS — Food & Nutrition Services,Greenville,"1717 W 5th St, Greenville, NC 27834",252-902-1000,Assistance Program,food_pantry,,,,Pitt,,,,,,,,,,,,,,,,,,,,,,,
,500,Polk County DSS — Emergency Assistance / Housing Referral,Mill Spring,"231 Wolverine Trail, Mill Spring, NC 28756",828-894-2100,Assistance Program,rent_assistance,,,,Polk,,,,,,,,,,,,,,,,,,,,,,,
,501,Polk County DSS — Energy Assistance / CIP-LIEAP,Mill Spring,"231 Wolverine Trail, Mill Spring, NC 28756",828-894-2100,Assistance Program,"electric_bill, gas_bill",,,,Polk,,,,,,,,,,,,,,,,,,,,,,,
,502,Polk County DSS — Food & Nutrition Services,Mill Spring,"231 Wolverine Trail, Mill Spring, NC 28756",828-894-2100,Assistance Program,food_pantry,,,,Polk,,,,,,,,,,,,,,,,,,,,,,,
,503,Randolph County DSS — Emergency Assistance,Asheboro,"725 McDowell Rd, Asheboro, NC 27205",336-683-8000,Assistance Program,rent_assistance,,,,Randolph,,,,,,,,,,,,,,,,,,,,,,,
,504,Randolph County DSS — Crisis Intervention Program,Asheboro,"725 McDowell Rd, Asheboro, NC 27205",336-683-8059,Assistance Program,electric_bill,,,,Randolph,,,,,,,,,,,,,,,,,,,,,,,
,505,Randolph County DSS — Food & Nutrition Services,Asheboro,"725 McDowell Rd, Asheboro, NC 27205",336-683-8000,Assistance Program,food_pantry,,,,Randolph,,,,,,,,,,,,,,,,,,,,,,,
,506,Richmond County DSS — Work First/Emergency Assistance,Rockingham,"125 Caroline St, Rockingham, NC 28379",910-997-8480,Assistance Program,rent_assistance,,,,Richmond,,,,,,,,,,,,,,,,,,,,,,,
,507,Richmond County DSS — Energy Assistance / CIP-LIEAP,Rockingham,"125 Caroline St, Rockingham, NC 28379",910-997-8480,Assistance Program,"electric_bill, gas_bill",,,,Richmond,,,,,,,,,,,,,,,,,,,,,,,
,508,Richmond County DSS — Food & Nutrition Services,Rockingham,"125 Caroline St, Rockingham, NC 28379",910-997-8484,Assistance Program,food_pantry,,,,Richmond,,,,,,,,,,,,,,,,,,,,,,,
,509,Robeson County DSS — Emergency/Community Housing Referral,Lumberton,"120 Glen Cowan Rd, Lumberton, NC 28360",910-671-3500,Assistance Program,rent_assistance,,,,Robeson,,,,,,,,,,,,,,,,,,,,,,,
,510,Robeson County DSS — Energy Assistance / CIP-LIEAP,Lumberton,"120 Glen Cowan Rd, Lumberton, NC 28360",910-671-6201,Assistance Program,"electric_bill, gas_bill",,,,Robeson,,,,,,,,,,,,,,,,,,,,,,,
,511,Robeson County DSS — Food & Nutrition Services,Lumberton,"120 Glen Cowan Rd, Lumberton, NC 28360",910-671-6201,Assistance Program,food_pantry,,,,Robeson,,,,,,,,,,,,,,,,,,,,,,,
,512,Rockingham County DSS — Emergency Assistance,Reidsville,"411 NC Hwy 65, Reidsville, NC 27320",336-342-1394,Assistance Program,rent_assistance,,,,Rockingham,,,,,,,,,,,,,,,,,,,,,,,
,513,Rockingham County DSS — CIP/LIEAP,Wentworth/Reidsville,"411 NC Hwy 65, Wentworth/Reidsville service area",336-342-1394,Assistance Program,electric_bill,,,,Rockingham,,,,,,,,,,,,,,,,,,,,,,,
,514,Rockingham County DSS — Food & Nutrition Services,Wentworth,"411 NC Hwy 65, Wentworth, NC 27375",336-342-1394,Assistance Program,food_pantry,,,,Rockingham,,,,,,,,,,,,,,,,,,,,,,,
,515,Rowan County DSS — Housing/Emergency Assistance,Salisbury,"1813 E Innes St, Salisbury, NC 28146",704-216-8330,Assistance Program,rent_assistance,,,,Rowan,,,,,,,,,,,,,,,,,,,,,,,
,516,Rowan County DSS — Crisis Intervention Program / LIEAP,Salisbury,"1813 E Innes St, Salisbury, NC 28146",704-216-8330,Assistance Program,electric_bill,,,,Rowan,,,,,,,,,,,,,,,,,,,,,,,
,517,Rowan County DSS — Food & Nutrition Services,Salisbury,"1813 E Innes St, Salisbury, NC 28146",704-216-8330,Assistance Program,food_pantry,,,,Rowan,,,,,,,,,,,,,,,,,,,,,,,
,518,Rutherford County DSS — Emergency Assistance / Housing Crisis,Spindale,"389 Fairground Rd, Spindale, NC 28160",828-287-6165,Assistance Program,rent_assistance,,,,Rutherford,,,,,,,,,,,,,,,,,,,,,,,
,519,Rutherford County DSS — Energy Programs / CIP-LIEAP,Spindale,"389 Fairground Rd, Spindale, NC 28160",828-287-6165,Assistance Program,"electric_bill, gas_bill",,,,Rutherford,,,,,,,,,,,,,,,,,,,,,,,
,520,Rutherford County DSS — Food & Nutrition Services,Spindale,"389 Fairground Rd, Spindale, NC 28160",828-287-6165,Assistance Program,food_pantry,,,,Rutherford,,,,,,,,,,,,,,,,,,,,,,,
,521,Sampson County DSS — Work First / Emergency Assistance Referral,Clinton,"360 County Complex Rd, Suite 100, Clinton, NC 28328",910-592-7131,Assistance Program,rent_assistance,,,,Sampson,,,,,,,,,,,,,,,,,,,,,,,
,522,Sampson County DSS — LIEAP/CIP Energy Assistance,Clinton,"360 County Complex Rd, Suite 100, Clinton, NC 28328",910-592-7131,Assistance Program,"electric_bill, gas_bill",,,,Sampson,,,,,,,,,,,,,,,,,,,,,,,
,523,Sampson County DSS — Food & Nutrition Services,Clinton,"360 County Complex Rd, Suite 100, Clinton, NC 28328",910-592-7131,Assistance Program,food_pantry,,,,Sampson,,,,,,,,,,,,,,,,,,,,,,,
,524,Church & Community Services of Scotland County,Laurinburg,"108 Gil St, Laurinburg, NC 28352; service location also listed at 205-B Lauchwood Dr",910-276-8330,Assistance Program,rent_assistance,,,,Scotland,,,,,,,,,,,,,,,,,,,,,,,
,525,Church & Community Services of Scotland County,Laurinburg,"108 Gil St, Laurinburg, NC 28352",910-276-8330,Assistance Program,electric_bill,,,,Scotland,,,,,,,,,,,,,,,,,,,,,,,
,526,Church & Community Services Food Pantry / Scotland County FNS,Laurinburg,"108 Gil St, Laurinburg, NC 28352",910-276-8330,Assistance Program,food_pantry,,,,Scotland,,,,,,,,,,,,,,,,,,,,,,,
,527,Stanly Community Christian Ministry — Financial Assistance,Albemarle,"506 S 1st St, Albemarle, NC 28001",704-982-7915 ext. 104,Assistance Program,rent_assistance,,,,Stanly,,,,,,,,,,,,,,,,,,,,,,,
,528,Stanly Community Christian Ministry — Financial Assistance,Albemarle,"506 S 1st St, Albemarle, NC 28001",704-982-7915 ext. 104,Assistance Program,electric_bill,,,,Stanly,,,,,,,,,,,,,,,,,,,,,,,
,529,Stanly County DSS — Food & Nutrition Services,Albemarle,"1000 N 1st St, Suite 2, Albemarle, NC 28001",704-982-6100,Assistance Program,food_pantry,,,,Stanly,,,,,,,,,,,,,,,,,,,,,,,
,530,Crisis Control Ministry — Stokes County Emergency Assistance,Winston-Salem,Winston-Salem office; confirm current Stokes intake location,336-724-7453,Assistance Program,rent_assistance,,,,Stokes,,,,,,,,,,,,,,,,,,,,,,,
,531,Crisis Control Ministry — Stokes County Utility Assistance,Winston-Salem,Winston-Salem office; confirm intake location,336-724-7453,Assistance Program,"electric_bill, gas_bill",,,,Stokes,,,,,,,,,,,,,,,,,,,,,,,
,532,Crisis Control Ministry — Food Assistance,Winston-Salem,Winston-Salem office; confirm current food-pantry access,336-724-7453,Assistance Program,food_pantry,,,,Stokes,,,,,,,,,,,,,,,,,,,,,,,
,533,Surry County DSS — Emergency Assistance / Housing Referral,Dobson,"118 Hamby Rd, Dobson, NC 27017",336-401-8700,Assistance Program,rent_assistance,,,,Surry,,,,,,,,,,,,,,,,,,,,,,,
,534,Surry County DSS — Energy Assistance / CIP-LIEAP,Dobson,"118 Hamby Rd, Dobson, NC 27017",336-401-8700,Assistance Program,"electric_bill, gas_bill",,,,Surry,,,,,,,,,,,,,,,,,,,,,,,
,535,Surry County DSS — Food & Nutrition Services,Dobson,"118 Hamby Rd, Dobson, NC 27017",336-401-8700,Assistance Program,food_pantry,,,,Surry,,,,,,,,,,,,,,,,,,,,,,,
,536,Swain County DSS — Emergency Assistance / Domestic Violence Housing Support,Bryson City,"80 Academy St, Bryson City, NC 28713",828-488-6921,Assistance Program,rent_assistance,,,,Swain,,,,,,,,,,,,,,,,,,,,,,,
,537,Swain County DSS — Emergency Assistance / Energy Assistance,Bryson City,"80 Academy St, Bryson City, NC 28713",828-488-6921,Assistance Program,"electric_bill, gas_bill",,,,Swain,,,,,,,,,,,,,,,,,,,,,,,
,538,Swain County DSS — Food Assistance / Local Food Resources,Bryson City,"80 Academy St, Bryson City, NC 28713",828-488-6921,Assistance Program,food_pantry,,,,Swain,,,,,,,,,,,,,,,,,,,,,,,
,539,Sharing House — Crisis Assistance,Brevard,"892 Asheville Hwy, Brevard, NC 28712",828-884-2866,Assistance Program,rent_assistance,,,,Transylvania,,,,,,,,,,,,,,,,,,,,,,,
,540,Sharing House — Crisis Assistance,Brevard,"892 Asheville Hwy, Brevard, NC 28712",828-884-2866,Assistance Program,electric_bill,,,,Transylvania,,,,,,,,,,,,,,,,,,,,,,,
,541,Sharing House — Food & Fresh Produce,Brevard,"892 Asheville Hwy, Brevard, NC 28712",828-884-2866,Assistance Program,food_pantry,,,,Transylvania,,,,,,,,,,,,,,,,,,,,,,,
,542,Tyrrell County DSS — Emergency/Housing Assistance Referral,Columbia,"102 N Road St, Columbia, NC 27925",252-796-3421,Assistance Program,rent_assistance,,,,Tyrrell,,,,,,,,,,,,,,,,,,,,,,,
,543,Tyrrell County DSS — Energy Assistance / CIP-LIEAP,Columbia,"102 N Road St, Columbia, NC 27925",252-796-3421,Assistance Program,"electric_bill, gas_bill",,,,Tyrrell,,,,,,,,,,,,,,,,,,,,,,,
,544,Tyrrell County DSS — Food & Nutrition Services,Columbia,"102 N Road St, Columbia, NC 27925",252-796-3421,Assistance Program,food_pantry,,,,Tyrrell,,,,,,,,,,,,,,,,,,,,,,,
,545,Union County Crisis Assessment / Emergency Assistance,Monroe,"2330 Concord Ave, Monroe, NC 28110",704-296-4300,Assistance Program,rent_assistance,,,,Union,,,,,,,,,,,,,,,,,,,,,,,
,546,Union County Crisis Intervention Program (CIP),Monroe,"2330 Concord Ave, Monroe, NC 28110",704-296-4300,Assistance Program,electric_bill,,,,Union,,,,,,,,,,,,,,,,,,,,,,,
,547,Union County DSS — Food & Nutrition Services,Monroe,"2330 Concord Ave, Monroe, NC 28110",704-296-4300,Assistance Program,food_pantry,,,,Union,,,,,,,,,,,,,,,,,,,,,,,
,548,Franklin-Vance-Warren Opportunity — Housing Choice Voucher / Section 8,Henderson,"180 S Beckford Dr, Henderson, NC 27536",252-492-0161,Assistance Program,rent_assistance,,,,Vance,,,,,,,,,,,,,,,,,,,,,,,
,549,Franklin-Vance-Warren Opportunity — Weatherization / Energy Assistance,Henderson,"180 S Beckford Dr, Henderson, NC 27536",252-492-0161,Assistance Program,"electric_bill, gas_bill",,,,Vance,,,,,,,,,,,,,,,,,,,,,,,
,550,Vance County DSS — Food & Nutrition Services,Henderson,"500 N Beckford Dr, Suite C, Henderson, NC 27536",252-492-5001,Assistance Program,food_pantry,,,,Vance,,,,,,,,,,,,,,,,,,,,,,,
,551,House Wake! / Wake County Housing Assistance,Wake County,Wake County service area; verify current intake location,919-856-5689,Assistance Program,rent_assistance,,,,Wake,,,,,,,,,,,,,,,,,,,,,,,
,552,Wake County Human Services — Energy Assistance/CIP-LIEAP,Raleigh,"220 Swinburne St, Raleigh, NC 27620",919-212-7000,Assistance Program,"electric_bill, gas_bill",,,,Wake,,,,,,,,,,,,,,,,,,,,,,,
,553,Wake County Human Services — Food & Nutrition Services,Raleigh,"220 Swinburne St, Raleigh, NC 27620",919-212-7000,Assistance Program,food_pantry,,,,Wake,,,,,,,,,,,,,,,,,,,,,,,
,554,Warren County DSS — Emergency Assistance / Housing Crisis Support,Warrenton,"307 N Main St, Warrenton, NC 27589",252-257-5000,Assistance Program,rent_assistance,,,,Warren,,,,,,,,,,,,,,,,,,,,,,,
,555,Warren County DSS — Energy Assistance / CIP-LIEAP,Warrenton,"307 N Main St, Warrenton, NC 27589",252-257-5000,Assistance Program,"electric_bill, gas_bill",,,,Warren,,,,,,,,,,,,,,,,,,,,,,,
,556,Warren County DSS — Food & Nutrition Services,Warrenton,"307 N Main St, Warrenton, NC 27589",252-257-5000,Assistance Program,food_pantry,,,,Warren,,,,,,,,,,,,,,,,,,,,,,,
,557,Economic Improvement Council — Housing Choice Voucher / Housing Programs,Edenton,"712 Virginia Rd, Edenton, NC 27932",252-482-4458,Assistance Program,rent_assistance,,,,Washington,,,,,,,,,,,,,,,,,,,,,,,
,558,Washington County DSS — Work First/Energy Assistance,Plymouth,"209 E Main St, Plymouth, NC 27962",252-793-4041,Assistance Program,"electric_bill, gas_bill",,,,Washington,,,,,,,,,,,,,,,,,,,,,,,
,559,Washington County DSS — Food & Nutrition Services,Plymouth,"209 E Main St, Plymouth, NC 27962",252-793-4041,Assistance Program,food_pantry,,,,Washington,,,,,,,,,,,,,,,,,,,,,,,
,560,WAMY Community Action — Housing Program / Urgent Repair / Home Rehabilitation,Boone,"225 Birch St, Suite 2, Boone, NC 28607",828-264-2421,Assistance Program,rent_assistance,,,,Watauga,,,,,,,,,,,,,,,,,,,,,,,
,561,Watauga County DSS — Energy Assistance / LIEAP-CIP,Boone,"132 Poplar Grove Connector, Suite C, Boone, NC 28607",828-265-8100,Assistance Program,"electric_bill, gas_bill",,,,Watauga,,,,,,,,,,,,,,,,,,,,,,,
,562,Watauga County DSS — Food & Nutrition Services,Boone,"132 Poplar Grove Connector, Suite C, Boone, NC 28607",828-265-8100,Assistance Program,food_pantry,,,,Watauga,,,,,,,,,,,,,,,,,,,,,,,
,563,United Way of Wayne County — U-CAN,Goldsboro,"309 N William St, Goldsboro, NC 27530",919-735-3591,Assistance Program,rent_assistance,,,,Wayne,,,,,,,,,,,,,,,,,,,,,,,
,564,United Way of Wayne County — U-CAN Utility Assistance,Goldsboro,"309 N William St, Goldsboro, NC 27530",919-735-3591,Assistance Program,"electric_bill, gas_bill",,,,Wayne,,,,,,,,,,,,,,,,,,,,,,,
,565,Wayne County DSS — Food & Nutrition Services,Goldsboro,"1560 Clingman St, Goldsboro, NC 27534",919-580-4034,Assistance Program,food_pantry,,,,Wayne,,,,,,,,,,,,,,,,,,,,,,,
,566,Blue Ridge Opportunity Commission — Housing / Community Action Services,North Wilkesboro,"710 Veterans Dr, North Wilkesboro, NC 28659",336-667-7174,Assistance Program,rent_assistance,,,,Wilkes,,,,,,,,,,,,,,,,,,,,,,,
,567,Wilkes County DSS — Energy Assistance,Wilkesboro,"304 College St, Wilkesboro, NC 28697",336-651-7400,Assistance Program,"electric_bill, gas_bill",,,,Wilkes,,,,,,,,,,,,,,,,,,,,,,,
,568,Wilkes County DSS — Food Assistance/FNS,Wilkesboro,"304 College St, Wilkesboro, NC 28697",336-651-7400,Assistance Program,food_pantry,,,,Wilkes,,,,,,,,,,,,,,,,,,,,,,,
,569,Wilson County DSS — Emergency Assistance / Housing Referral,Wilson,"100 NE Gold St, Wilson, NC 27894",252-206-4000,Assistance Program,rent_assistance,,,,Wilson,,,,,,,,,,,,,,,,,,,,,,,
,570,Wilson County DSS — Energy Assistance / CIP,Wilson,"100 NE Gold St, Wilson, NC 27894",252-206-4100,Assistance Program,"electric_bill, gas_bill",,,,Wilson,,,,,,,,,,,,,,,,,,,,,,,
,571,Wilson County DSS — Food & Nutrition Services,Wilson,"100 NE Gold St, Wilson, NC 27894",252-206-4000,Assistance Program,food_pantry,,,,Wilson,,,,,,,,,,,,,,,,,,,,,,,
,572,Yadkin County DSS — Emergency Assistance / Partner Referral,Yadkinville,"217 E Willow St, Yadkinville, NC 27055",336-849-7910,Assistance Program,rent_assistance,,,,Yadkin,,,,,,,,,,,,,,,,,,,,,,,
,573,Yadkin County DSS — Crisis Intervention Program / Energy Programs,Yadkinville,"217 E Willow St, Yadkinville, NC 27055",336-849-7910,Assistance Program,"electric_bill, gas_bill",,,,Yadkin,,,,,,,,,,,,,,,,,,,,,,,
,574,Yadkin County DSS — Food & Nutrition Services,Yadkinville,"217 E Willow St, Yadkinville, NC 27055",336-849-7557,Assistance Program,food_pantry,,,,Yadkin,,,,,,,,,,,,,,,,,,,,,,,
,575,WAMY Community Action — Housing Program / Helene Housing Assistance,Spruce Pine / Burnsville,"WAMY: 496 A Balsam Ave, Spruce Pine, NC 28777; Yancey DSS: 320 Pensacola Rd, Burnsville, NC 28714",828-264-2421,Assistance Program,rent_assistance,,,,Yancey,,,,,,,,,,,,,,,,,,,,,,,
,576,Yancey County DSS — Energy Assistance / CIP-LIEAP,Burnsville,"320 Pensacola Rd, Burnsville, NC 28714",828-682-6148,Assistance Program,"electric_bill, gas_bill",,,,Yancey,,,,,,,,,,,,,,,,,,,,,,,
,577,Yancey County DSS — Food & Nutrition Services,Burnsville,"320 Pensacola Rd, Burnsville, NC 28714",828-682-6148,Assistance Program,food_pantry,,,,Yancey,,,,,,,,,,,,,,,,,,,,,,,