CornerHelp — master provider call sheet · 99 organizations · all 254 Texas counties,,,,,,,,,,,,,,,,,,,,,,,,,,,,,,,,,,
Requirements list will be given after scheduled appointment,,,,,,,,,,,,,,,,FILL THESE IN — in the order the script asks for them. Blank beats guessed.,,,,,,,,,,,,,,,,,,
WEEK 1,#,Organization,City,Address,Phone,Programs,Help offered,Counties,ZIPs,People reached,Counties served,ZIP codes served,Source,slug — do not edit,rent slug — do not edit,Status,Rent status,SERVICE AREA — whole county? which areas?,Funding lasts until,Reopens on,How to apply,Hours,Daily cap,Documents required,Most common reason turned away,Anything changing,Spoke with,Call outcome,Note,Called (date),VA,,,
WEEK 1,1,BakerRipley,Houston,,+17136679400,"CEAP, CSBG","electric_bill, food_pantry, gas_bill, reconnect_fee, rent_assistance, transportation, utility_deposit",3,263,"5,745,696",Brazoria; Galveston; Harris,77001 77002 77003 77004 77005 77006 77007 77008 77009 77010 77011 77012 77013 77014 77015 77016 77017 77018 77019 77020 77021 77022 77023 77024 77025 77026 77027 77028 77029 77030 77031 77032 77033 77034 77035 77036 77037 77038 77039 77040 77041 77042 77043 77044 77045 77046 77047 77048 77049 77050 77051 77052 77053 77054 77055 77056 77057 77058 77059 77060 77061 77062 77063 77064 77065 77066 77067 77068 77069 77070 77071 77072 77073 77074 77075 77076 77077 77078 77079 77080 77081 77082 77083 77084 77085 77086 77087 77088 77089 77090 77091 77092 77093 77094 77095 77096 77098 77099 77205 77206 77207 77208 77210 77215 77217 77218 77219 77220 77221 77222 77223 77224 77225 77226 77227 77228 77230 77231 77233 77234 77235 77236 77237 77238 77240 77241 77242 77243 77244 77245 77248 77249 77251 77252 77253 77254 77255 77256 77257 77258 77259 77261 77262 77263 77265 77266 77267 77268 77269 77270 77271 77272 77273 77274 77275 77277 77279 77280 77282 77284 77287 77288 77289 77290 77291 77292 77293 77325 77336 77338 77339 77345 77346 77347 77373 77375 77377 77379 77383 77388 77389 77391 77396 77401 77402 77410 77411 77413 77422 77429 77430 77433 77444 77447 77449 77450 77477 77480 77484 77486 77491 77492 77493 77494 77501 77502 77503 77504 77505 77506 77507 77508 77510 77511 77512 77515 77516 77517 77518 77520 77521 77522 77523 77530 77531 77532 77534 77536 77539 77541 77542 77546 77547 77549 77550 77551 77552 77553 77554 77562 77563 77565 77566 77568 77571 77572 77573 77574 77577 77578 77581 77583 77584 77586 77587 77588 77590 77591 77592 77598 77617 77623 77650,TDHCA Master List of Community Affairs Subrecipients,bakerripley-ceap,,unknown,,,,2026-09-14,,,,,,,,voicemail,"Hotline is closed for lunch - Try to contact after 1PM. The website currently states that the online application capacity has been reached and that the portal is expected to reopen September 14, 2026.",2026-09-02,Deej,,,
WEEK 1,2,Gulf Coast Community Services Association,Houston,,+17133934700,"CEAP, CSBG","electric_bill, food_pantry, gas_bill, reconnect_fee, rent_assistance, transportation, utility_deposit",3,263,"5,745,696",Brazoria; Galveston; Harris,77001 77002 77003 77004 77005 77006 77007 77008 77009 77010 77011 77012 77013 77014 77015 77016 77017 77018 77019 77020 77021 77022 77023 77024 77025 77026 77027 77028 77029 77030 77031 77032 77033 77034 77035 77036 77037 77038 77039 77040 77041 77042 77043 77044 77045 77046 77047 77048 77049 77050 77051 77052 77053 77054 77055 77056 77057 77058 77059 77060 77061 77062 77063 77064 77065 77066 77067 77068 77069 77070 77071 77072 77073 77074 77075 77076 77077 77078 77079 77080 77081 77082 77083 77084 77085 77086 77087 77088 77089 77090 77091 77092 77093 77094 77095 77096 77098 77099 77205 77206 77207 77208 77210 77215 77217 77218 77219 77220 77221 77222 77223 77224 77225 77226 77227 77228 77230 77231 77233 77234 77235 77236 77237 77238 77240 77241 77242 77243 77244 77245 77248 77249 77251 77252 77253 77254 77255 77256 77257 77258 77259 77261 77262 77263 77265 77266 77267 77268 77269 77270 77271 77272 77273 77274 77275 77277 77279 77280 77282 77284 77287 77288 77289 77290 77291 77292 77293 77325 77336 77338 77339 77345 77346 77347 77373 77375 77377 77379 77383 77388 77389 77391 77396 77401 77402 77410 77411 77413 77422 77429 77430 77433 77444 77447 77449 77450 77477 77480 77484 77486 77491 77492 77493 77494 77501 77502 77503 77504 77505 77506 77507 77508 77510 77511 77512 77515 77516 77517 77518 77520 77521 77522 77523 77530 77531 77532 77534 77536 77539 77541 77542 77546 77547 77549 77550 77551 77552 77553 77554 77562 77563 77565 77566 77568 77571 77572 77573 77574 77577 77578 77581 77583 77584 77586 77587 77588 77590 77591 77592 77598 77617 77623 77650,TDHCA Master List of Community Affairs Subrecipients,gulf-coast-community-services-association-ceap,,waitlist,,,,2026-09-08,online,,,"identity documentation for all household members, citizenship/legal-residency documentation, income documentation and complete application. One application per household per calendar year.",,,,reached,should submit online application and applicant will be assigned of a specialist.  Applocants can start calling back on September 8 to confirm waitlist,2026-09-02,DeeJ,,,
,3,The Salvation Army — Northwest Community Center,Houston,12507 Windfern Rd,,Assistance services,rent_assistance,1,0,"5,009,302",Harris,,The Salvation Army Houston Area Command — Community Centers,the-salvation-army-northwest-community-center,,unknown,,,,,,,,,,,,no_answer,The call remained in the queue and was placed on hold for an extended period. The call was eventually disconnected.,2026-09-02,Karlo,,,
,4,The Salvation Army — International Community Center,Houston,7920 Cook Rd,,Assistance services,rent_assistance,1,0,"5,009,302",Harris,,The Salvation Army Houston Area Command — Community Centers,the-salvation-army-international-community-center,,unknown,,,,,,,,,,,,no_answer,The call remained in the queue and was placed on hold for an extended period. The call was eventually disconnected.,2026-09-02,Karlo,,,
,5,The Salvation Army — Aldine Westfield Community Center,Houston,2600 Aldine Westfield Rd,,Assistance services,rent_assistance,1,0,"5,009,302",Harris,,The Salvation Army Houston Area Command — Community Centers,the-salvation-army-aldine-westfield-community-center,,,,,,,,,,,,,,,,,,,,
,6,The Salvation Army — Temple Community Center,Houston,4516 Irvington Blvd,,Assistance services,rent_assistance,1,0,"5,009,302",Harris,,The Salvation Army Houston Area Command — Community Centers,the-salvation-army-temple-community-center,,,,,,,,,,,,,,,,,,,,
,7,The Salvation Army — East Harris County Community Center,Pasadena,2732 Cherry Brook Ln,,Assistance services,rent_assistance,1,0,"5,009,302",Harris,,The Salvation Army Houston Area Command — Community Centers,the-salvation-army-east-harris-county-community-center,,,,,,,,,,,,,,,,,,,,
,8,Catholic Charities — Main Office,Houston,2900 Louisiana Street,+17135264611,Assistance services,rent_assistance,1,0,"5,009,302",Harris,,Catholic Charities Archdiocese of Galveston-Houston — Locations,catholic-charities-main-office,,unknown,,,,,,,,,,,,voicemail,Inbox is full,2026-09-02,DeeJ,,,
,9,Catholic Charities — Guadalupe Basic Needs Center,Houston,326 South Jensen Drive,+17135264611,Assistance services,rent_assistance,1,0,"5,009,302",Harris,,Catholic Charities Archdiocese of Galveston-Houston — Locations,catholic-charities-guadalupe-basic-needs-center,,,,,,,,,,,,,,,,,,,,
,10,Catholic Charities — St. Frances Cabrini Center,Houston,"5599 San Felipe Street, Suite 300",+17135954100,Assistance services,legal_aid,1,0,"5,009,302",Harris,,Catholic Charities Archdiocese of Galveston-Houston — Locations,catholic-charities-st-frances-cabrini-center,,unknown,,,,,,,,,,,,voicemail,Asked to leave a message,2026-09-02,DeeJ,,,
,11,Catholic Charities — San Jose Clinic,Houston,2615 Fannin St,+17138746590,Assistance services,"free_clinic, prescriptions",1,0,"5,009,302",Harris,,Catholic Charities Archdiocese of Galveston-Houston — Locations,catholic-charities-san-jose-clinic,,seasonal_closed,,,,2026-09-04,online,,,,,,,reached,Accepting applicants every 4th of the month,2026-09-02,DeeJ,,,
,12,Clear Lake Food Pantry,Houston,15700 Space Center Blvd,,Assistance services,food_pantry,1,0,"5,009,302",Harris,,Harris County Public Library — Food Banks and Food Assistance,clear-lake-food-pantry,,,,,,,,,,,,,,,,,,,,
,13,Klein United Methodist Church Food Pantry,Spring,5290 FM 2920,+17138593405,Assistance services,food_pantry,1,0,"5,009,302",Harris,,Harris County Public Library — Food Banks and Food Assistance,klein-united-methodist-church-food-pantry,,,,,,,,,,,,,,,,,,,,
,14,Trinity Klein Food Pantry,Spring,5201 Spring Cypress Rd,+12812904925,Assistance services,food_pantry,1,0,"5,009,302",Harris,,Harris County Public Library — Food Banks and Food Assistance,trinity-klein-food-pantry,,,,,,,,,,,,,,,,,,,,
,15,Target Hunger,,,,Assistance services,food_pantry,1,0,"5,009,302",Harris,,Harris County Public Library — Food Banks and Food Assistance,target-hunger,,,,,,,,,,,,,,,,,,,,
,16,YMCA of Greater Houston,,,,Assistance services,food_pantry,1,0,"5,009,302",Harris,,Harris County Public Library — Food Banks and Food Assistance,ymca-of-greater-houston,,,,,,,,,,,,,,,,,,,,
,17,Society of St. Vincent de Paul of Harris County,,,+17137418234,Assistance services,"electric_bill, food_pantry, rent_assistance",1,0,"5,009,302",Harris,,needhelppayingbills.com — Harris County assistance programs (AGGREGATOR),society-of-st-vincent-de-paul-of-harris-county,,,,,,,,,,,,,,,,,,,,
,18,Southeast Area Ministries,South Houston,2102 Houston Blvd,+17139440093,Assistance services,"deposit_assistance, electric_bill, gas_vouchers, holiday_assistance, prescriptions, rent_assistance",1,0,"5,009,302",Harris,,needhelppayingbills.com — Harris County assistance programs (AGGREGATOR),southeast-area-ministries,,seasonal_closed,,,,,appointment,,,,,,,voicemail,"The prompt advised applicants to call to verify availability, confirm whether the program has reopened, and obtain the requirements. The call was forwarded to voicemail.",2026-09-02,Karlo,,,
,19,Wheeler Avenue Baptist Church Social Service Center,Houston,3826 Wheeler Ave,+17137485240,Assistance services,"electric_bill, food_pantry, mortgage_assistance, rent_assistance",1,0,"5,009,302",Harris,,needhelppayingbills.com — Harris County assistance programs (AGGREGATOR),wheeler-avenue-baptist-church-social-service-center,,accepting,,,,,appointment,,,,,,,voicemail,"As per the IVR, assistance is generally limited to once every 12 months for qualifying delinquent expenses.",2026-09-02,DeeJ,,,
,20,St. Joseph Social Ministry,Houston,4040 W Fuqua St,+17132228903,Assistance services,"electric_bill, food_pantry",1,0,"5,009,302",Harris,,needhelppayingbills.com — Harris County assistance programs (AGGREGATOR),st-joseph-social-ministry,,accepting,,,,,walk_in,,,"""Photo ID
Copy of the Bill 30 days
Proof on income""",,,John,reached,"No Daily Cap through walk in
8AM to 10 AM",2026-09-02,Karlo,,,
,21,St. Mary Magdalene Social Services,Humble,,+12815401907,Assistance services,"electric_bill, food_pantry",1,0,"5,009,302",Harris,,needhelppayingbills.com — Harris County assistance programs (AGGREGATOR),st-mary-magdalene-social-services,,unknown,,,,,,,,,,,,voicemail,The call was routed to voicemail.,2026-09-02,Karlo,,,
,22,St. Justin Martyr Social Ministry,,,+12815565116,Assistance services,"electric_bill, gas_bill, rent_assistance, water_bill",1,0,"5,009,302",Harris,,needhelppayingbills.com — Harris County assistance programs (AGGREGATOR),st-justin-martyr-social-ministry,,unknown,,,,,,,,,,,,no_answer,The call remained in the queue and was placed on hold for an extended period. The call was eventually disconnected.,2026-09-02,Deej,,,
,23,"Christian Community Service Center, Inc.",Houston,3434 Branard St,+17138719741,Assistance services,"dental, electric_bill, food_pantry, holiday_assistance, prescriptions, rent_assistance",1,0,"5,009,302",Harris,,needhelppayingbills.com — Harris County assistance programs (AGGREGATOR),christian-community-service-center-inc,,unknown,,,,,,,,,,,,voicemail,The call was routed to voicemail.,2026-09-02,Deej,,,
,24,Cypress Assistance Ministries,Cypress,12930 Cypress North Houston Rd,+12819557684,Assistance services,holiday_assistance,1,0,"5,009,302",Harris,,needhelppayingbills.com — Harris County assistance programs (AGGREGATOR),cypress-assistance-ministries,,unknown,,,,,,,,,,,,voicemail,"Tried calling, was referred to an operator, but routed to voicemail twice. ",2026-09-02,Deej,,,
,25,Covenant House Texas,Houston,1111 Lovett Blvd.,+17135232231,Assistance services,"free_clinic, holiday_assistance, prescriptions, rent_assistance",1,0,"5,009,302",Harris,,needhelppayingbills.com — Harris County assistance programs (AGGREGATOR),covenant-house-texas,,unknown,,,,,online,,,,,,,voicemail,Ringing only,2026-09-02,Deej,,,
,26,Windsor Village United Methodist Church,Houston,6011 W Orem Dr,+17137238187,Assistance services,"electric_bill, food_pantry, mortgage_assistance, rent_assistance, transportation",1,0,"5,009,302",Harris,,needhelppayingbills.com — Harris County assistance programs (AGGREGATOR),windsor-village-united-methodist-church,,unknown,,,,,,,,,,,,voicemail,Automated recording referred me online for information. Queing. Also advised to leave a message.,2026-09-02,Deej,,,
,27,Memorial Assistance Ministries,,,+17134684516,Assistance services,"electric_bill, legal_aid, rent_assistance",1,0,"5,009,302",Harris,,needhelppayingbills.com — Harris County assistance programs (AGGREGATOR),memorial-assistance-ministries,,unknown,,,,,,,,,,,,disconnected,The number dialed is not in service,2026-09-02,Deej,,,
,28,Northwest Assistance Ministries,,,+12818854555,Assistance services,"deposit_assistance, food_pantry, gas_bill, hot_meals, mortgage_assistance, prescriptions, rent_assistance, transportation, water_bill",1,0,"5,009,302",Harris,,needhelppayingbills.com — Harris County assistance programs (AGGREGATOR),northwest-assistance-ministries,,unknown,,,,,,,,,,,,disconnected,The number is disconnected or unavailable,2026-09-02,Deej,,,
,29,St. Pius Catholic Church,Pasadena,824 Main St,+17134739484,Assistance services,"electric_bill, food_pantry, rent_assistance",1,0,"5,009,302",Harris,,needhelppayingbills.com — Harris County assistance programs (AGGREGATOR),st-pius-catholic-church,,unknown,,,,,,,,,,,,no_answer,Ringing only,2026-09-02,Deej,,,
,30,Harris County Area Agency on Aging,Houston,8000 N Stadium Dr,+18323934301,Assistance services,"food_pantry, transportation",1,0,"5,009,302",Harris,,needhelppayingbills.com — Harris County assistance programs (AGGREGATOR),harris-county-area-agency-on-aging,,unknown,,,,,,10 AM to 2PM CST,,,,,,voicemail,"The office is currently closed. Their operating schedule is Monday, Wednesday, and Friday, from 10:00 AM to 2:00 PM.",2026-09-02,Karlo,,,
,31,My Brother's Keeper Outreach Center,Houston,12621 Bissonnet St,+12814989933,Assistance services,"electric_bill, food_pantry, holiday_assistance, rent_assistance",1,0,"5,009,302",Harris,,needhelppayingbills.com — Harris County assistance programs (AGGREGATOR),my-brother-s-keeper-outreach-center,,unknown,,,,,online,,,,,,,voicemail,The office is currently closed.,2026-09-02,Karlo,,,
,32,St. John Vianney Social Ministry,Houston,625 Nottingham Oaks Trail,+12814971500,Assistance services,"electric_bill, food_pantry, holiday_assistance, rent_assistance",1,0,"5,009,302",Harris,,needhelppayingbills.com — Harris County assistance programs (AGGREGATOR),st-john-vianney-social-ministry,,unknown,,,,,online,,,,,,,voicemail,Automated recording referred me online for information. Queing. Also advised to leave a message.,2026-09-02,Karlo,,,
,33,Humble Area Assistance Ministries,Humble,1302 First Street,+12814463663,Assistance services,"deposit_assistance, electric_bill, eviction_prevention, legal_aid, rent_assistance",1,0,"5,009,302",Harris,,needhelppayingbills.com — Harris County assistance programs (AGGREGATOR),humble-area-assistance-ministries,,unknown,,,,,online,,,,,,,voicemail,The automated recording referred callers to the website for additional information. The call remained in the queue and also advised callers to leave a message.,2026-09-02,Karlo,,,
,34,LINC Houston Community Services,Houston,800 Houston Ave,+17134262451,Assistance services,"food_pantry, gas_vouchers, prescriptions, rent_assistance, transportation, vision",1,0,"5,009,302",Harris,,needhelppayingbills.com — Harris County assistance programs (AGGREGATOR),linc-houston-community-services,,funds_exhausted,,,,,,,,,,,,voicemail,The automated recording stated that they are currently unable to provide financial assistance and advised callers to contact 211 for further assistance.,2026-09-02,Karlo,,,
,35,Riceville Mt. Olive Baptist Church,Houston,11539 S Gessner Rd,+17137744880,Assistance services,"food_pantry, holiday_assistance, school_supplies",1,0,"5,009,302",Harris,,needhelppayingbills.com — Harris County assistance programs (AGGREGATOR),riceville-mt-olive-baptist-church,,unknown,,,,,,,,,,,,voicemail,"The automated response advised callers to attend their Sunday service and leave a message. No date was provided for when they will resume operations, and no operating hours were specified.",2026-09-02,Deej,,,
,36,West Houston Assistance Ministries,,,+17139779942,Assistance services,"electric_bill, food_pantry, holiday_assistance, mortgage_assistance, rent_assistance, transportation",1,0,"5,009,302",Harris,,needhelppayingbills.com — Harris County assistance programs (AGGREGATOR),west-houston-assistance-ministries,,unknown,,,,,,,,,,,,voicemail,The person called is currently on another call. Advised to leave a voicemail,2026-09-02,Deej,,,
,37,Interfaith Caring Ministries,,,+12813323881,Assistance services,"electric_bill, food_pantry, rent_assistance",1,0,"5,009,302",Harris,,needhelppayingbills.com — Harris County assistance programs (AGGREGATOR),interfaith-caring-ministries,,unknown,,,,,,,,,,,,voicemail,The office is currently closed.,2026-09-02,Karlo,,,
,38,Katy Christian Ministries,Katy,23232 Kingsland Blvd,+12813915261,Assistance services,"electric_bill, holiday_assistance, rent_assistance",1,0,"5,009,302",Harris,,needhelppayingbills.com — Harris County assistance programs (AGGREGATOR),katy-christian-ministries,,accepting,,,,,appointment,,,,,,,voicemail,"No agent was available. According to the automated recording:

The member must be an existing client of KCM to receive the benefit.
Appointment slots are subject to availability.
Members must visit the branch in person to obtain the application forms.",2026-09-02,Karlo,,,
,39,Cathedral Health and Outreach Ministries,Houston,1212 Prairie St,+17132209737,Assistance services,"dental, food_pantry, free_clinic, holiday_assistance, hot_meals, legal_aid, prescriptions",1,0,"5,009,302",Harris,,needhelppayingbills.com — Harris County assistance programs (AGGREGATOR),cathedral-health-and-outreach-ministries,,unknown,,,,,,,,,,,,voicemail,The call was routed to voicemail.,2026-09-02,Karlo,,,
,40,Tomball Emergency Assistance Ministries,Tomball,300 W Main St,+12813516700,Assistance services,"electric_bill, gas_bill, prescriptions, rent_assistance",1,0,"5,009,302",Harris,,needhelppayingbills.com — Harris County assistance programs (AGGREGATOR),tomball-emergency-assistance-ministries,,unknown,,,,,,,,,,,,voicemail,The office is currently closed.,2026-09-02,Karlo,,,
,41,"AIDS Foundation Houston, Inc.",Houston,6260 Westpark Dr,+17136236796,Assistance services,"electric_bill, free_clinic, gas_vouchers, prescriptions, rent_assistance, transportation",1,0,"5,009,302",Harris,,needhelppayingbills.com — Harris County assistance programs (AGGREGATOR),aids-foundation-houston-inc,,unknown,,,,,,,,,,,,voicemail,"When dialing the number, the call automatically disconnected immediately, preventing the call from being completed.",2026-09-02,Karlo,,,
,42,Bering Omega Community Services,,,+17135296071,Assistance services,"free_clinic, prescriptions, rent_assistance, transportation",1,0,"5,009,302",Harris,,needhelppayingbills.com — Harris County assistance programs (AGGREGATOR),bering-omega-community-services,,unknown,,,,,,,,,,,,refused,The call was routed to voicemail immediately after dialing.,2026-09-02,Karlo,,,
,43,Brentwood Community Foundation,Houston,13033 1/2 Landmark Street,+17138522551,Assistance services,"electric_bill, food_pantry, mortgage_assistance, rent_assistance",1,0,"5,009,302",Harris,,needhelppayingbills.com — Harris County assistance programs (AGGREGATOR),brentwood-community-foundation,,unknown,,,,,,,,,,,,voicemail,"Called the number and received an automated prompt stating that their operating hours are 8:00 AM to 5:00 PM. However, the call was made at 2:45 PM, which is within the stated operating hours.",2026-09-02,Karlo,,,
,44,Houston Area Urban League,,,+17133938700,Assistance services,mortgage_assistance,1,0,"5,009,302",Harris,,needhelppayingbills.com — Harris County assistance programs (AGGREGATOR),houston-area-urban-league,,unknown,,,,,,8AM - 5PM CST,,,,,,voicemail,"Called the number and received an automated prompt stating that their operating hours are 8:00 AM to 5:00 PM. However, the call was made at 2:45 PM, which is within the stated operating hours.",2026-09-02,Karlo,,,
,45,Harris County Community Services,Houston,9418 Jensen Dr,+17136967900,Assistance services,"burial_assistance, electric_bill, food_pantry, rent_assistance",1,0,"5,009,302",Harris,,needhelppayingbills.com — Harris County assistance programs (AGGREGATOR),harris-county-community-services,,unknown,,,,,,8AM - 5PM CST,,,,,,voicemail,"Called the number and received an automated prompt stating that their operating hours are 8:00 AM to 5:00 PM. However, the call was made at 2:45 PM, which is within the stated operating hours.",2026-09-02,Karlo,,,
,46,Harris County Community Services — NW Satellite Office,Houston,15555 Kuykendahl,+17136967900,Assistance services,"electric_bill, legal_aid, rent_assistance",1,0,"5,009,302",Harris,,needhelppayingbills.com — Harris County assistance programs (AGGREGATOR),harris-county-community-services-nw-satellite-office,,unknown,,,,,,8AM - 5PM CST,,,,,,voicemail,"Called the number and received an automated prompt stating that their operating hours are 8:00 AM to 5:00 PM. However, the call was made at 2:45 PM, which is within the stated operating hours.",2026-09-02,Karlo,,,
,47,Star of Hope,,,,Assistance services,rent_assistance,1,0,"5,009,302",Harris,,needhelppayingbills.com — Harris County assistance programs (AGGREGATOR),star-of-hope,,unknown,,,,,,,,,,,,no_answer,Ringing only,2026-09-02,Karlo,,,
,48,"Wesley Community Center, Inc.",Houston,1410 Lee St,+17132238131,Assistance services,"electric_bill, legal_aid, rent_assistance",1,0,"5,009,302",Harris,,needhelppayingbills.com — Harris County assistance programs (AGGREGATOR),wesley-community-center-inc,,unknown,,,,,,,,,,,,,This phone number is on the federal dnc list.,2026-09-02,Karlo,,,
,49,Collaborative for Children,,,+17136001100,Assistance services,childcare,1,0,"5,009,302",Harris,,needhelppayingbills.com — Harris County assistance programs (AGGREGATOR),collaborative-for-children,,unknown,,,,,,,,,,,,voicemail,This phone number is on the federal dnc list.,2026-09-02,Karlo,,,
,50,Avance Inc.,,,+17138120033,Assistance services,childcare,1,0,"5,009,302",Harris,,needhelppayingbills.com — Harris County assistance programs (AGGREGATOR),avance-inc,,unknown,,,,,,,,,,,,voicemail,"The call was answered by an AI operator, but the interaction did not progress and no further assistance was provided.",2026-09-04,Karlo,,,
,51,Harris County Department of Education,,,+17132733211,Assistance services,childcare,1,0,"5,009,302",Harris,,needhelppayingbills.com — Harris County assistance programs (AGGREGATOR),harris-county-department-of-education,,unknown,,,,,,,,,,,,voicemail,"The voicemail box was full, so no message could be left.",2026-09-04,Karlo,,,
,52,United Way of Greater Houston,,,+17136852300,Assistance services,"food_pantry, transportation",1,0,"5,009,302",Harris,,needhelppayingbills.com — Harris County assistance programs (AGGREGATOR),united-way-of-greater-houston,,unknown,,,,,,,,,,,,voicemail,"Tried calling and was referred to an operator, but the call was routed to voicemail twice, preventing further assistance.",2026-09-04,Karlo,,,
WEEK 1,53,"Community Services, Inc.",Corsicana,,+19038722401,"CEAP, WAP","electric_bill, gas_bill, home_repair, hvac_repair, reconnect_fee, utility_deposit, weatherization",10,154,"3,013,945",Anderson; Collin; Denton; Ellis; Henderson; Hunt; Kaufman; Navarro; Rockwall; Van Zandt,75002 75007 75009 75010 75011 75013 75022 75023 75024 75025 75026 75027 75028 75029 75032 75033 75034 75035 75036 75048 75056 75057 75065 75067 75068 75069 75070 75071 75072 75074 75075 75077 75078 75080 75082 75086 75087 75088 75089 75093 75094 75098 75102 75103 75105 75109 75110 75114 75117 75119 75124 75125 75126 75127 75135 75140 75142 75143 75144 75147 75148 75151 75152 75153 75154 75155 75156 75157 75158 75159 75160 75161 75163 75165 75166 75167 75168 75169 75173 75189 75252 75287 75370 75379 75401 75402 75403 75404 75407 75409 75422 75423 75424 75428 75442 75449 75452 75453 75454 75469 75474 75495 75496 75751 75752 75754 75756 75758 75763 75770 75778 75779 75790 75801 75802 75803 75832 75839 75844 75853 75859 75861 76041 76052 76064 76065 76078 76084 76177 76201 76202 76205 76206 76207 76208 76209 76210 76226 76227 76247 76249 76258 76259 76262 76266 76626 76639 76641 76648 76651 76670 76679 76681 76693,TDHCA Master List of Community Affairs Subrecipients,community-services-inc-ceap,,unknown,,,,,,,,,,,Jen,reached,They only provide employment and education support and do not offer hardship assistance.,2026-09-04,Karlo,,,
WEEK 1,54,Texoma Council of Governments,Sherman,,+19038932161,"CEAP, CSBG, WAP","electric_bill, food_pantry, gas_bill, home_repair, hvac_repair, reconnect_fee, rent_assistance, transportation, utility_deposit, weatherization",19,198,"2,952,503",Bowie; Camp; Cass; Collin; Cooke; Delta; Denton; Fannin; Franklin; Grayson; Hopkins; Hunt; Lamar; Marion; Morris; Rains; Red River; Rockwall; Titus,75002 75007 75009 75010 75011 75013 75020 75021 75022 75023 75024 75025 75026 75027 75028 75029 75032 75033 75034 75035 75036 75048 75056 75057 75058 75065 75067 75068 75069 75070 75071 75072 75074 75075 75076 75077 75078 75080 75082 75086 75087 75088 75089 75090 75091 75092 75093 75094 75098 75135 75160 75166 75169 75173 75189 75252 75287 75370 75379 75401 75402 75403 75404 75407 75409 75410 75411 75412 75414 75415 75416 75417 75418 75420 75421 75422 75423 75424 75426 75428 75431 75432 75433 75435 75436 75437 75438 75439 75440 75441 75442 75446 75447 75448 75449 75450 75451 75452 75453 75454 75455 75456 75457 75459 75460 75461 75462 75468 75469 75470 75471 75472 75473 75474 75476 75477 75478 75479 75480 75481 75482 75483 75486 75487 75488 75489 75490 75491 75492 75494 75495 75496 75497 75501 75503 75504 75505 75550 75551 75554 75555 75556 75558 75559 75560 75561 75562 75563 75564 75566 75567 75568 75569 75570 75571 75572 75574 75630 75638 75656 75657 75668 75683 75686 76052 76078 76177 76201 76202 76205 76206 76207 76208 76209 76210 76226 76227 76233 76238 76239 76240 76241 76245 76247 76249 76250 76252 76253 76258 76259 76262 76263 76264 76265 76266 76271 76272 76273,TDHCA Master List of Community Affairs Subrecipients,texoma-council-of-governments-ceap,,unknown,,,,,,,,,,,,refused,The number is for the City Government office and does not handle hardship assistance. It is intended for general city-related concerns and services.,2026-09-04,Karlo,,,
WEEK 1,55,Community Council of Greater Dallas,Dallas,,+12148715065,"CEAP, CSBG, WAP","electric_bill, food_pantry, gas_bill, home_repair, hvac_repair, reconnect_fee, rent_assistance, transportation, utility_deposit, weatherization",1,127,"2,823,843",Dallas,75001 75006 75007 75011 75014 75015 75016 75017 75019 75030 75038 75039 75040 75041 75042 75043 75044 75045 75046 75047 75048 75049 75050 75051 75052 75053 75054 75060 75061 75062 75063 75080 75081 75082 75083 75085 75088 75089 75104 75106 75115 75116 75123 75134 75137 75138 75141 75146 75149 75150 75154 75159 75172 75180 75181 75182 75185 75187 75201 75202 75203 75204 75205 75206 75207 75208 75209 75210 75211 75212 75214 75215 75216 75217 75218 75219 75220 75221 75222 75223 75224 75225 75226 75227 75228 75229 75230 75231 75232 75233 75234 75235 75236 75237 75238 75240 75241 75242 75243 75244 75246 75247 75248 75249 75250 75251 75253 75254 75313 75315 75336 75339 75342 75354 75355 75356 75357 75360 75367 75371 75372 75374 75376 75378 75380 75381 75382,TDHCA Master List of Community Affairs Subrecipients,community-council-of-greater-dallas-ceap,,seasonal_closed,,,,,,,,,,,,voicemail,"As per the automated recording, they are not currently accepting applications. I was instructed to leave my contact information via voicemail for further assistance.",2026-09-04,Karlo,,,
WEEK 1,56,Dallas County Department of Health and Human Services,Dallas,,+12148191848,"CEAP, CSBG, WAP","electric_bill, food_pantry, gas_bill, home_repair, hvac_repair, reconnect_fee, rent_assistance, transportation, utility_deposit, weatherization",1,127,"2,823,843",Dallas,75001 75006 75007 75011 75014 75015 75016 75017 75019 75030 75038 75039 75040 75041 75042 75043 75044 75045 75046 75047 75048 75049 75050 75051 75052 75053 75054 75060 75061 75062 75063 75080 75081 75082 75083 75085 75088 75089 75104 75106 75115 75116 75123 75134 75137 75138 75141 75146 75149 75150 75154 75159 75172 75180 75181 75182 75185 75187 75201 75202 75203 75204 75205 75206 75207 75208 75209 75210 75211 75212 75214 75215 75216 75217 75218 75219 75220 75221 75222 75223 75224 75225 75226 75227 75228 75229 75230 75231 75232 75233 75234 75235 75236 75237 75238 75240 75241 75242 75243 75244 75246 75247 75248 75249 75250 75251 75253 75254 75313 75315 75336 75339 75342 75354 75355 75356 75357 75360 75367 75371 75372 75374 75376 75378 75380 75381 75382,TDHCA Master List of Community Affairs Subrecipients,dallas-county-department-of-health-and-human-services-ceap,,accepting,,,,,appointment,,,"Required Document:

Dallas County Residence Card

Additional Requirements:

Specific requirements will be provided after the pre-screening appointment.",,,Jamie,reached,Offered an appointment for September 10 at 12:00 PM at the Metro Press Services Building.,2026-09-04,Karlo,,,
WEEK 1,57,Alamo Area Council of Governments,San Antonio,,+12103625200,"CEAP, CSBG, WAP","electric_bill, food_pantry, gas_bill, home_repair, hvac_repair, reconnect_fee, rent_assistance, transportation, utility_deposit, weatherization",12,169,"2,679,447",Atascosa; Bandera; Bexar; Comal; Frio; Gillespie; Guadalupe; Karnes; Kendall; Kerr; Medina; Wilson,78002 78003 78004 78005 78006 78008 78009 78010 78011 78012 78013 78015 78016 78017 78023 78024 78025 78026 78027 78028 78029 78039 78050 78052 78054 78055 78056 78057 78058 78059 78061 78062 78063 78064 78065 78066 78069 78070 78073 78074 78101 78108 78109 78111 78112 78113 78114 78115 78116 78117 78118 78119 78121 78123 78124 78130 78131 78132 78133 78140 78141 78147 78148 78150 78151 78152 78154 78155 78156 78160 78161 78163 78201 78202 78203 78204 78205 78206 78207 78208 78209 78210 78211 78212 78213 78214 78215 78216 78217 78218 78219 78220 78221 78222 78223 78224 78225 78226 78227 78228 78229 78230 78231 78232 78233 78234 78235 78236 78237 78238 78239 78240 78242 78244 78245 78246 78247 78248 78249 78250 78251 78252 78253 78254 78255 78256 78257 78258 78259 78260 78261 78263 78264 78265 78266 78268 78269 78270 78278 78279 78280 78283 78284 78288 78291 78292 78293 78294 78295 78296 78297 78298 78299 78618 78623 78624 78631 78638 78648 78655 78670 78671 78675 78850 78861 78883 78884 78885 78886,TDHCA Master List of Community Affairs Subrecipients,alamo-area-council-of-governments-ceap,,unknown,,,,,,,,,,,,voicemail,"None of the available menu options matched the assistance we are looking for. The options were focused on Assisted Home, Veteran Assistance, Special Needs for Adults, and Home for the Aged.",2026-09-04,Karlo,,,
,58,Greater East Texas Community Action Program (GETCAP),Nacogdoches,,+18006215746,"CEAP, CSBG, WAP","electric_bill, food_pantry, gas_bill, home_repair, hvac_repair, reconnect_fee, rent_assistance, transportation, utility_deposit, weatherization",30,254,"2,411,544",Anderson; Angelina; Chambers; Cherokee; Galveston; Gregg; Hardin; Harrison; Henderson; Houston; Jasper; Jefferson; Kaufman; Liberty; Nacogdoches; Newton; Orange; Panola; Polk; Rusk; Sabine; San Augustine; San Jacinto; Shelby; Smith; Trinity; Tyler; Upshur; Van Zandt; Wood,75103 75114 75117 75124 75126 75127 75140 75142 75143 75147 75148 75156 75157 75158 75159 75160 75161 75163 75169 75410 75431 75494 75497 75601 75602 75603 75604 75605 75606 75607 75608 75615 75631 75633 75639 75640 75642 75643 75644 75645 75647 75650 75651 75652 75654 75660 75661 75662 75663 75666 75667 75669 75670 75671 75672 75681 75683 75684 75686 75688 75691 75692 75693 75701 75702 75703 75704 75705 75706 75707 75708 75709 75710 75711 75712 75713 75750 75751 75752 75754 75755 75756 75757 75758 75759 75760 75762 75763 75764 75765 75766 75770 75771 75773 75778 75779 75783 75784 75785 75789 75790 75791 75792 75801 75802 75803 75832 75835 75839 75844 75845 75847 75851 75853 75856 75861 75862 75865 75901 75902 75903 75904 75915 75925 75926 75928 75929 75930 75931 75932 75933 75935 75936 75937 75938 75939 75941 75942 75943 75944 75946 75948 75949 75951 75954 75956 75959 75960 75961 75963 75964 75965 75966 75968 75969 75972 75973 75974 75975 75976 75977 75979 75980 77320 77327 77328 77331 77335 77351 77358 77359 77360 77364 77371 77372 77376 77378 77399 77510 77511 77514 77517 77518 77519 77523 77533 77535 77538 77539 77546 77549 77550 77551 77552 77553 77554 77560 77563 77564 77565 77568 77573 77574 77575 77580 77585 77590 77591 77592 77597 77611 77612 77613 77616 77617 77619 77622 77623 77624 77625 77627 77629 77630 77631 77632 77639 77640 77641 77642 77643 77650 77651 77655 77656 77657 77659 77660 77662 77663 77664 77665 77670 77701 77702 77703 77704 77705 77706 77707 77708 77713 77720 77725 77726,TDHCA Master List of Community Affairs Subrecipients,greater-east-texas-community-action-program-getcap-ceap,,unknown,,,,,,,,,,,,voicemail,Routed to Voice Mail After ringing. ,2026-09-04,Karlo,,,
WEEK 1,59,"Fort Worth, City of, Neighborhood Services Department",Fort Worth,,+18173925790,"CEAP, CSBG, WAP","electric_bill, food_pantry, gas_bill, home_repair, hvac_repair, reconnect_fee, rent_assistance, transportation, utility_deposit, weatherization",1,91,"2,373,979",Tarrant,75050 75051 75052 75053 75054 75261 76001 76002 76003 76004 76005 76006 76007 76008 76010 76011 76012 76013 76014 76015 76016 76017 76018 76020 76021 76022 76028 76034 76036 76039 76040 76051 76052 76053 76054 76060 76063 76071 76092 76094 76095 76096 76099 76101 76102 76103 76104 76105 76106 76107 76108 76109 76110 76111 76112 76113 76114 76115 76116 76117 76118 76119 76120 76121 76123 76124 76126 76127 76131 76132 76133 76134 76135 76136 76137 76140 76147 76148 76155 76161 76162 76163 76164 76177 76179 76180 76182 76185 76244 76248 76262,TDHCA Master List of Community Affairs Subrecipients,fort-worth-city-of-neighborhood-services-department-ceap,,unknown,,,,,,,,,,,,no_answer,Ringing only,2026-09-04,Karlo,,,
WEEK 1,60,Bexar County Department of Community Resources,San Antonio,,+12103353666,"CEAP, CSBG, WAP","electric_bill, food_pantry, gas_bill, home_repair, hvac_repair, reconnect_fee, rent_assistance, transportation, utility_deposit, weatherization",1,97,"2,107,424",Bexar,78002 78006 78015 78023 78039 78052 78054 78069 78073 78101 78109 78112 78148 78150 78152 78154 78201 78202 78203 78204 78205 78206 78207 78208 78209 78210 78211 78212 78213 78214 78215 78216 78217 78218 78219 78220 78221 78222 78223 78224 78225 78226 78227 78228 78229 78230 78231 78232 78233 78234 78235 78236 78237 78238 78239 78240 78242 78244 78245 78246 78247 78248 78249 78250 78251 78252 78253 78254 78255 78256 78257 78258 78259 78260 78261 78263 78264 78265 78266 78268 78269 78270 78278 78279 78280 78283 78284 78288 78291 78292 78293 78294 78295 78296 78297 78298 78299,TDHCA Master List of Community Affairs Subrecipients,bexar-county-department-of-community-resources-ceap,,seasonal_closed,,,,,appointment,,,"Required Documents:

Birth Certificate for everyone in the household
Driver’s License for everyone in the household
CPS Utility Bill
Proof of Income for the last 30 days for everyone in the household",if abpve the required income,,Alex,reached,"Application Process:

No appointments are available for the remainder of this week.
Requests can be submitted online 24/7, with online intake available on Wednesdays through ua.fair.org.
The call was ended when the agent requested the CPS account number to proceed.",2026-09-04,Karlo,,,
WEEK 1,61,"San Antonio, City of, Department of Human Services",San Antonio,,+12102078198,"CEAP, CSBG, WAP","electric_bill, food_pantry, gas_bill, home_repair, hvac_repair, reconnect_fee, rent_assistance, transportation, utility_deposit, weatherization",1,97,"2,107,424",Bexar,78002 78006 78015 78023 78039 78052 78054 78069 78073 78101 78109 78112 78148 78150 78152 78154 78201 78202 78203 78204 78205 78206 78207 78208 78209 78210 78211 78212 78213 78214 78215 78216 78217 78218 78219 78220 78221 78222 78223 78224 78225 78226 78227 78228 78229 78230 78231 78232 78233 78234 78235 78236 78237 78238 78239 78240 78242 78244 78245 78246 78247 78248 78249 78250 78251 78252 78253 78254 78255 78256 78257 78258 78259 78260 78261 78263 78264 78265 78266 78268 78269 78270 78278 78279 78280 78283 78284 78288 78291 78292 78293 78294 78295 78296 78297 78298 78299,TDHCA Master List of Community Affairs Subrecipients,san-antonio-city-of-department-of-human-services-ceap,,accepting,,,,,walk_in,8AM to 10AM CST,none,"Requirements:

Photo ID
Copy of a utility bill dated within the last 30 days
Proof of income",,,Daniela,reached,"Requirements:

Photo ID
Copy of a utility bill dated within the last 30 days
Proof of income

Walk-In Availability:

No daily cap for walk-in applicants
Walk-in hours: 8:00 AM–10:00 AM",2026-09-04,Karlo,,,
WEEK 1,62,Community Action Corporation of South Texas,Alice,,+13616640145,"CEAP, CSBG, WAP","electric_bill, food_pantry, gas_bill, home_repair, hvac_repair, reconnect_fee, rent_assistance, transportation, utility_deposit, weatherization",14,108,"1,859,565",Bee; Brooks; Cameron; Duval; Hidalgo; Jim Hogg; Jim Wells; Kenedy; Kleberg; San Patricio; Starr; Webb; Willacy; Zapata,78019 78040 78041 78042 78043 78044 78045 78046 78067 78076 78102 78104 78119 78125 78142 78146 78162 78332 78335 78336 78338 78341 78344 78349 78352 78353 78355 78357 78359 78360 78361 78362 78363 78368 78369 78370 78371 78372 78374 78375 78376 78379 78383 78384 78385 78387 78389 78390 78391 78501 78502 78503 78504 78505 78516 78520 78521 78522 78523 78526 78535 78536 78537 78538 78539 78540 78541 78542 78543 78545 78547 78548 78550 78551 78552 78553 78557 78559 78560 78561 78562 78563 78564 78566 78569 78570 78572 78573 78574 78575 78576 78577 78578 78579 78580 78582 78583 78584 78586 78588 78589 78591 78593 78595 78596 78597 78598 78599,TDHCA Master List of Community Affairs Subrecipients,community-action-corporation-of-south-texas-ceap,,waitlist,,,,,online,8AM - 5PM CST,,No documents are required at the time of registration.,,,Belinda,reached,"Applications are currently available through a waitlist only. The agent offered to send the registration link via SMS and requested a phone number to send the link. No documents are required during registration.

The agent also mentioned that there is currently a high number of applicants on the waitlist, and assistance will be provided only while funding remains available.",2026-09-04,Karlo,,,
WEEK 1,63,"Combined Community Action, Inc.",Giddings,,+19795402980,"CEAP, CSBG, WAP","electric_bill, food_pantry, gas_bill, home_repair, hvac_repair, reconnect_fee, rent_assistance, transportation, utility_deposit, weatherization",10,100,"1,670,147",Austin; Bastrop; Blanco; Caldwell; Colorado; Fayette; Fort Bend; Hays; Lee; Wharton,77053 77083 77406 77407 77412 77417 77418 77420 77423 77426 77430 77434 77435 77437 77441 77442 77444 77448 77450 77451 77453 77454 77455 77459 77461 77467 77469 77470 77471 77474 77475 77477 77478 77479 77481 77485 77487 77488 77489 77494 77496 77497 77498 77545 77583 77584 77853 78602 78606 78610 78612 78616 78617 78619 78620 78621 78632 78635 78636 78640 78644 78648 78650 78652 78655 78656 78659 78661 78662 78663 78666 78667 78676 78737 78931 78932 78933 78934 78935 78938 78940 78941 78942 78943 78944 78945 78946 78947 78948 78949 78950 78951 78952 78953 78954 78956 78957 78959 78962 78963,TDHCA Master List of Community Affairs Subrecipients,combined-community-action-inc-ceap,,unknown,,,,,,,,,,,,reached,Called regarding Utility Assistance and confirmed that the program serves residents of Wharton County.,2026-09-04,Karlo,,,
WEEK 1,64,City of Austin Health and Human Services Department,Austin,,+15129725000,"CEAP, CSBG, WAP","electric_bill, food_pantry, gas_bill, home_repair, hvac_repair, reconnect_fee, rent_assistance, transportation, utility_deposit, weatherization",1,74,"1,642,866",Travis,78610 78613 78615 78617 78620 78621 78641 78645 78652 78653 78660 78664 78669 78691 78701 78702 78703 78704 78705 78708 78709 78711 78714 78715 78716 78718 78719 78720 78721 78722 78723 78724 78725 78726 78727 78728 78729 78730 78731 78732 78733 78734 78735 78736 78737 78738 78739 78741 78742 78744 78745 78746 78747 78748 78749 78750 78751 78752 78753 78754 78755 78756 78757 78758 78759 78760 78761 78762 78763 78764 78765 78766 78767 78768,TDHCA Master List of Community Affairs Subrecipients,city-of-austin-health-and-human-services-department-ceap,,unknown,,,,,,,,,,,,reached,"Spoke with the agent, who transferred the call to Utility Assistance. The operator advised that they could not find an account associated with the phone number used for the call. The call was then disconnected before further assistance could be provided.",2026-09-04,Karlo,,,
WEEK 1,65,Travis County Health & Human Services/Veterans Services,Austin,,+15128547250,"CEAP, CSBG, WAP","electric_bill, food_pantry, gas_bill, home_repair, hvac_repair, reconnect_fee, rent_assistance, transportation, utility_deposit, weatherization",1,74,"1,642,866",Travis,78610 78613 78615 78617 78620 78621 78641 78645 78652 78653 78660 78664 78669 78691 78701 78702 78703 78704 78705 78708 78709 78711 78714 78715 78716 78718 78719 78720 78721 78722 78723 78724 78725 78726 78727 78728 78729 78730 78731 78732 78733 78734 78735 78736 78737 78738 78739 78741 78742 78744 78745 78746 78747 78748 78749 78750 78751 78752 78753 78754 78755 78756 78757 78758 78759 78760 78761 78762 78763 78764 78765 78766 78767 78768,TDHCA Master List of Community Affairs Subrecipients,travis-county-health-human-services-veterans-services-ceap,,unknown,,,,,,,,,,,,no_answer,The automated recording confirmed that they currently only accept applications for Home Repair Assistance. Utility or other forms of assistance are not currently being accepted.,2026-09-04,Karlo,,,
,66,"Hill Country Community Action Association, Inc.",San Saba,,+13253725167,"CEAP, CSBG, WAP","electric_bill, food_pantry, gas_bill, home_repair, hvac_repair, reconnect_fee, rent_assistance, transportation, utility_deposit, weatherization",13,110,"1,373,509",Bell; Burnet; Coryell; Erath; Hamilton; Lampasas; Llano; Mason; Milam; Mills; San Saba; Somervell; Williamson,76043 76070 76077 76401 76433 76436 76445 76446 76453 76457 76462 76463 76465 76501 76502 76503 76504 76511 76513 76518 76519 76520 76522 76525 76527 76528 76530 76531 76533 76534 76537 76538 76539 76540 76541 76542 76543 76544 76547 76548 76549 76550 76554 76556 76557 76559 76561 76565 76566 76567 76569 76571 76573 76574 76577 76578 76579 76649 76689 76690 76820 76824 76831 76832 76842 76844 76853 76856 76864 76869 76870 76871 76872 76877 76885 76890 77857 78605 78607 78608 78609 78611 78613 78615 78621 78626 78627 78628 78630 78633 78634 78639 78641 78642 78643 78646 78654 78657 78664 78665 78669 78672 78674 78680 78681 78683 78717 78728 78729 78750,TDHCA Master List of Community Affairs Subrecipients,hill-country-community-action-association-inc-ceap,,accepting,,,,,walk_in,,,"Requirements:

Birth Certificate
Valid ID and Social Security information for everyone in the household
Latest Utility Bill
Proof of Income","Disqualifier:

Household income exceeds the program's income limit",,Rebecca,reached,"Application Process:

Visit the Central Office in person to pick up the application form.",2026-09-04,Karlo,,,
,67,Brazos Valley Community Action Programs,Bryan,,+19795952800,"CEAP, CSBG, WAP","electric_bill, food_pantry, gas_bill, home_repair, hvac_repair, reconnect_fee, rent_assistance, transportation, utility_deposit, weatherization",12,91,"1,354,836",Brazos; Burleson; Chambers; Grimes; Leon; Liberty; Madison; Montgomery; Robertson; Walker; Waller; Washington,75831 75833 75846 75850 75852 75855 76629 76687 77301 77302 77303 77304 77305 77306 77316 77318 77320 77327 77328 77339 77340 77342 77353 77354 77355 77356 77357 77358 77362 77363 77365 77372 77378 77380 77381 77382 77384 77385 77386 77387 77393 77423 77426 77445 77446 77447 77484 77493 77514 77523 77533 77535 77538 77560 77564 77575 77580 77597 77665 77801 77802 77803 77805 77806 77807 77808 77830 77831 77833 77834 77835 77836 77837 77840 77841 77842 77845 77856 77859 77861 77864 77865 77868 77871 77872 77873 77879 77880 77881 78932 78946,TDHCA Master List of Community Affairs Subrecipients,brazos-valley-community-action-programs-ceap,,accepting,,,,,online,,,,,,Anna,reached,"The agent confirmed that they are currently accepting applications, but the entire application process must be completed online through capbv.org.",2026-09-04,Karlo,,,
,68,"Community Council of South Central Texas, Inc.",Seguin,,+18303034376,"CEAP, CSBG, WAP","electric_bill, food_pantry, gas_bill, home_repair, hvac_repair, reconnect_fee, rent_assistance, transportation, utility_deposit, weatherization",30,145,"1,022,973",Atascosa; Bandera; Brewster; Comal; Crane; Culberson; Dimmit; Edwards; Frio; Gillespie; Guadalupe; Hudspeth; Jeff Davis; Karnes; Kendall; Kerr; Kinney; La Salle; Live Oak; Maverick; McMullen; Medina; Pecos; Presidio; Real; Terrell; Uvalde; Val Verde; Wilson; Zavala,78001 78003 78004 78005 78006 78007 78008 78009 78010 78011 78012 78013 78014 78015 78016 78017 78019 78021 78022 78024 78025 78026 78027 78028 78029 78039 78050 78052 78055 78056 78057 78058 78059 78060 78061 78062 78063 78064 78065 78066 78069 78070 78071 78072 78073 78074 78075 78101 78108 78111 78113 78114 78115 78116 78117 78118 78119 78121 78123 78124 78130 78131 78132 78133 78140 78141 78147 78151 78154 78155 78156 78160 78161 78163 78253 78264 78266 78350 78368 78383 78618 78623 78624 78631 78638 78648 78655 78670 78671 78675 78801 78802 78827 78828 78829 78830 78832 78833 78834 78836 78837 78838 78839 78840 78841 78842 78850 78851 78852 78853 78860 78861 78870 78871 78872 78873 78877 78879 78880 78881 78883 78884 78885 78886 79730 79731 79734 79735 79740 79743 79744 79781 79830 79837 79839 79842 79843 79845 79846 79847 79848 79851 79852 79854 79855,TDHCA Master List of Community Affairs Subrecipients,community-council-of-south-central-texas-inc-ceap,,unknown,,,,,,,,,,,,voicemail,"The automated recording advised that Utility and Rental Assistance information is available through ccscity.org. The website provides details on program availability and other relevant assistance information, which applicants can review online.",2026-09-04,Karlo,,,
,69,Catholic Charities — Mamie George Community Center,Richmond,1111 Collins Road,+12812026200,Assistance services,rent_assistance,1,0,"958,434",Fort Bend,,Catholic Charities Archdiocese of Galveston-Houston — Locations,catholic-charities-mamie-george-community-center,,accepting,,,,,online,,,"The requirements were not disclosed, as the representative was also unsure of the specific requirements.",,,Yolanda,reached,"Applicants are advised to apply online for Utility and Housing Assistance through catholiccharities.org/housing. Once the application is submitted, a case manager will contact the member to gather additional information and discuss the next steps.

The specific requirements were not disclosed, as the representative was not familiar with the requirements.",2026-09-04,Karlo,,,
,70,Catholic Charities — San Jose Clinic Rosenberg,Rosenberg,1615 Avenue E,+17138746590,Assistance services,"free_clinic, prescriptions",1,0,"958,434",Fort Bend,,Catholic Charities Archdiocese of Galveston-Houston — Locations,catholic-charities-san-jose-clinic-rosenberg,,unknown,,,,,online,,,,,,Monica,wrong_number,"The number provided appears to be for therapy and counseling services, not Utility Assistance. For Utility and Housing Assistance, applicants are advised to apply online through catholiccharities.org/housing.",2026-09-04,Karlo,,,
,71,Economic Opportunities Advancement Corporation,Waco,,+12547530331,"CEAP, CSBG, WAP","electric_bill, food_pantry, gas_bill, home_repair, hvac_repair, reconnect_fee, rent_assistance, transportation, utility_deposit, weatherization",9,111,"945,408",Bosque; Ellis; Falls; Freestone; Hill; Johnson; Limestone; McLennan; Navarro,75102 75105 75109 75110 75119 75125 75144 75151 75152 75153 75154 75155 75165 75167 75168 75831 75838 75840 75846 75848 75855 75859 75860 76009 76028 76031 76033 76036 76041 76044 76050 76055 76058 76059 76061 76063 76064 76065 76084 76093 76097 76457 76524 76557 76570 76621 76622 76624 76626 76627 76628 76629 76630 76631 76632 76633 76634 76635 76636 76637 76638 76639 76640 76641 76642 76643 76645 76648 76649 76651 76652 76653 76655 76656 76657 76660 76661 76664 76665 76666 76667 76670 76671 76673 76676 76678 76679 76680 76681 76682 76685 76687 76689 76690 76691 76692 76693 76701 76702 76703 76704 76705 76706 76707 76708 76710 76711 76712 76714 76716 76798,TDHCA Master List of Community Affairs Subrecipients,economic-opportunities-advancement-corporation-ceap,,accepting,,,,,online,8AM - 5PM CST,,,,,Shiela's VM,voicemail,"The automated recording confirmed that they are currently accepting Utility Assistance applications. However, the call was routed to voicemail, prompting me to leave my name and phone number for further assistance.",2026-09-04,Karlo,,,
WEEK 1,72,Hidalgo County Community Services Agency,Edinburg,,+19563836240,"CEAP, CSBG, WAP","electric_bill, food_pantry, gas_bill, home_repair, hvac_repair, reconnect_fee, rent_assistance, transportation, utility_deposit, weatherization",1,28,"869,184",Hidalgo,78501 78502 78503 78504 78505 78516 78537 78538 78539 78540 78541 78542 78543 78557 78560 78562 78563 78570 78572 78573 78574 78576 78577 78579 78589 78595 78596 78599,TDHCA Master List of Community Affairs Subrecipients,hidalgo-county-community-services-agency-ceap,,accepting,,,,,walk_in,8AM - 5PM CST,"Allocation:

10-day disconnection notice: Every Friday
5-day disconnection notice: Monday through Thursday","Requirements:

Notice of Disconnection
Birth Certificate
Residence Card
Certificate of Citizenship
State ID for anyone in the household 18 years or older",,,Dante,reached,,2026-09-02,Karlo,,,
,73,Rolling Plains Management Corporation,Crowell,,+19406841571,"CEAP, CSBG, WAP","electric_bill, food_pantry, gas_bill, home_repair, hvac_repair, reconnect_fee, rent_assistance, transportation, utility_deposit, weatherization",28,149,"868,903",Archer; Baylor; Brown; Callahan; Clay; Comanche; Cottle; Eastland; Foard; Hardeman; Haskell; Hood; Jack; Jones; Kent; Knox; Montague; Palo Pinto; Parker; Shackelford; Stephens; Stonewall; Taylor; Throckmorton; Wichita; Wilbarger; Wise; Young,76008 76020 76023 76035 76048 76049 76066 76067 76071 76073 76078 76082 76085 76086 76087 76088 76098 76108 76225 76228 76230 76234 76239 76251 76255 76261 76265 76270 76301 76302 76305 76306 76307 76308 76309 76310 76311 76351 76354 76357 76360 76363 76364 76365 76366 76367 76370 76371 76372 76373 76374 76377 76379 76380 76384 76388 76389 76424 76426 76427 76429 76430 76431 76432 76433 76435 76436 76437 76442 76443 76444 76445 76446 76448 76449 76450 76453 76454 76455 76458 76459 76460 76462 76463 76464 76468 76470 76471 76472 76474 76475 76476 76481 76483 76484 76486 76487 76490 76491 76801 76802 76803 76804 76823 76827 76857 76890 79225 79227 79247 79248 79252 79501 79502 79503 79504 79505 79508 79510 79518 79519 79520 79521 79525 79528 79529 79530 79533 79536 79539 79540 79541 79544 79547 79548 79553 79560 79561 79562 79563 79566 79601 79602 79603 79604 79605 79606 79607 79608,TDHCA Master List of Community Affairs Subrecipients,rolling-plains-management-corporation-ceap,,accepting,,,,,phone,8 AM to 5 PM. ,,"Requirements:

Birth Certificate
Passport
Proof of Citizenship
Utility Bills from the last 3 months
Income Information",Eligibility depends on the evaluation of the submitted requirements.,,Maria,reached,Maria requested my name and phone number so that someone could call me back to complete the intake process. No intake was completed during the initial call.,2026-09-02,Karlo,,,
WEEK 1,74,"El Paso Community Action, Project BRAVO",El Paso,,+19155624100,"CEAP, CSBG, WAP","electric_bill, food_pantry, gas_bill, home_repair, hvac_repair, reconnect_fee, rent_assistance, transportation, utility_deposit, weatherization",1,56,"865,537",El Paso,79821 79835 79836 79838 79849 79853 79901 79902 79903 79904 79905 79906 79907 79908 79911 79912 79913 79914 79915 79916 79917 79922 79923 79924 79925 79926 79927 79928 79929 79930 79931 79932 79934 79935 79936 79937 79938 79940 79941 79942 79943 79944 79945 79946 79947 79948 79949 79950 79951 79952 79953 79954 79955 79995 79996 79997,TDHCA Master List of Community Affairs Subrecipients,el-paso-community-action-project-bravo-ceap,,seasonal_closed,,,,,,,,,,,,reached,The automated recording confirmed that applications are currently closed.,2026-09-02,Karlo,,,
,75,75,Georgetown,,+15127631400,"CEAP, CSBG, WAP","electric_bill, food_pantry, gas_bill, home_repair, hvac_repair, reconnect_fee, rent_assistance, transportation, utility_deposit, weatherization",2,37,"793,830",Burnet; Williamson,76511 76527 76530 76537 76550 76573 76574 76578 78605 78608 78611 78613 78615 78621 78626 78627 78628 78630 78633 78634 78639 78641 78642 78646 78654 78657 78664 78665 78669 78674 78680 78681 78683 78717 78728 78729 78750,TDHCA Master List of Community Affairs Subrecipients,williamson-burnet-county-opportunities-inc-ceap,,unknown,,,,,,,,,,,,reached,"The call was answered by an agent but subsequently routed to voicemail, preventing further assistance or information from being obtained.",2026-09-02,Karlo,,,
,76,76,Victoria,,+18006950314,"CEAP, CSBG, WAP","electric_bill, food_pantry, gas_bill, home_repair, hvac_repair, reconnect_fee, rent_assistance, transportation, utility_deposit, weatherization",15,111,"770,504",Aransas; Bee; Brazoria; Calhoun; DeWitt; Goliad; Gonzales; Jackson; Lavaca; Live Oak; Matagorda; McMullen; Refugio; Victoria; Wharton,77404 77414 77419 77420 77422 77428 77430 77434 77435 77437 77444 77448 77453 77454 77455 77457 77458 77465 77467 77468 77480 77482 77486 77488 77511 77512 77515 77516 77531 77534 77541 77542 77566 77577 77578 77581 77583 77584 77588 77901 77902 77903 77904 77905 77950 77951 77954 77957 77960 77961 77962 77963 77964 77967 77968 77969 77970 77971 77974 77975 77976 77977 77978 77979 77982 77983 77984 77986 77988 77990 77991 77994 77995 78007 78008 78022 78060 78071 78072 78075 78102 78104 78107 78119 78122 78125 78140 78141 78142 78146 78159 78162 78164 78336 78340 78350 78358 78368 78377 78381 78382 78383 78389 78391 78393 78614 78629 78632 78677 78956 78959,TDHCA Master List of Community Affairs Subrecipients,crossroads-community-action-ceap,,unknown,,,,,,,,,,,,voicemail,"As per the IVR, updates may take up to 4 weeks after the application is submitted. The call continued to ring with no answer, despite being placed within the stated service hours.",2026-09-02,Karlo,,,
,77,77,Conroe,304 Avenue E,(713) 752-0677,Assistance services,rent_assistance,1,0,"749,613",Montgomery,,The Salvation Army Houston Area Command — Community Centers,the-salvation-army-conroe-community-center,,accepting,,,There are funds for everyone in houston,,online,,0,"1. US Citizen
2. Eviction Notice
3. Proof of Citizenship
4. Banking Statements",If you dont have any of those documents,,Tanya,reached,Application is through online. SAHELP.org,2026-09-02,Karlo,The whoel of houston,,not_applicable
,78,Texas Neighborhood Services,Weatherford,,+18175985700,"CEAP, CSBG, WAP","electric_bill, food_pantry, gas_bill, home_repair, hvac_repair, reconnect_fee, rent_assistance, transportation, utility_deposit, weatherization",7,60,"734,252",Erath; Hood; Johnson; Palo Pinto; Parker; Somervell; Wise,76008 76009 76020 76023 76028 76031 76033 76035 76036 76043 76044 76048 76049 76050 76058 76059 76061 76063 76066 76067 76070 76071 76073 76077 76078 76082 76084 76085 76086 76087 76088 76093 76097 76098 76108 76225 76234 76270 76401 76426 76429 76431 76433 76445 76446 76449 76453 76457 76462 76463 76465 76472 76475 76476 76484 76486 76487 76490 76649 76690,TDHCA Master List of Community Affairs Subrecipients,texas-neighborhood-services-ceap,,waitlist,,,,,online,,,,,,Melinda,reached,"The program is currently closed, but customers can still apply for assistance through the website. Applications will be reviewed, and qualified applicants will be contacted regarding the next steps. Water and rental assistance are not covered under this program. ",2026-09-02,Karlo,,,
,79,"West Texas Opportunities, Inc.",Lamesa,,+18068728354,"CEAP, CSBG, WAP","electric_bill, food_pantry, gas_bill, home_repair, hvac_repair, reconnect_fee, rent_assistance, transportation, utility_deposit, weatherization",18,69,"510,349",Andrews; Borden; Dawson; Ector; Fisher; Gaines; Glasscock; Howard; Loving; Martin; Midland; Mitchell; Nolan; Reeves; Scurry; Upton; Ward; Winkler,79331 79342 79351 79359 79360 79377 79506 79511 79512 79517 79526 79527 79532 79534 79535 79537 79543 79545 79546 79549 79556 79560 79561 79565 79701 79702 79703 79704 79705 79706 79707 79708 79710 79712 79713 79714 79718 79719 79720 79733 79738 79739 79741 79742 79745 79748 79749 79752 79755 79756 79758 79759 79760 79761 79762 79763 79764 79765 79766 79768 79769 79770 79772 79777 79778 79782 79783 79785 79789,TDHCA Master List of Community Affairs Subrecipients,west-texas-opportunities-inc-ceap,,unknown,,,,,online,,,,,,,voicemail,"The operator answered briefly but routed the call to voicemail, preventing further assistance or confirmation from being provided.",,,,,
,80,Panhandle Community Services,Amarillo,,+18063722531,"CEAP, CSBG, WAP","electric_bill, food_pantry, gas_bill, home_repair, hvac_repair, reconnect_fee, rent_assistance, transportation, utility_deposit, weatherization",26,96,"439,754",Armstrong; Briscoe; Carson; Castro; Childress; Collingsworth; Dallam; Deaf Smith; Donley; Gray; Hall; Hansford; Hartley; Hemphill; Hutchinson; Lipscomb; Moore; Ochiltree; Oldham; Parmer; Potter; Randall; Roberts; Sherman; Swisher; Wheeler,73960 79001 79002 79003 79005 79007 79008 79009 79010 79011 79012 79013 79014 79015 79018 79019 79022 79024 79027 79029 79033 79034 79035 79036 79039 79040 79042 79043 79044 79045 79046 79051 79052 79056 79057 79058 79059 79061 79062 79063 79065 79066 79068 79070 79078 79079 79080 79081 79083 79084 79085 79086 79087 79088 79091 79092 79093 79094 79095 79096 79097 79098 79101 79102 79103 79104 79105 79106 79107 79108 79109 79110 79111 79114 79116 79117 79118 79119 79120 79121 79124 79159 79201 79226 79230 79237 79239 79240 79245 79251 79255 79257 79259 79261 79325 79347,TDHCA Master List of Community Affairs Subrecipients,panhandle-community-services-ceap,,waitlist,,,,,online,8AM - 5PM CST,,,,,,reached,For people with disability only. For utility assistance the application is done through Panhandlehelp.org After submission it will be reviewed for 30 days. That's the time the results will come through.,2026-09-02,Karlo,,,
,81,"South Plains Community Action Association, Inc.",Levelland,,+18068946104,"CEAP, CSBG, WAP","electric_bill, food_pantry, gas_bill, home_repair, hvac_repair, reconnect_fee, rent_assistance, transportation, utility_deposit, weatherization",15,80,"430,794",Bailey; Cochran; Crosby; Dickens; Floyd; Garza; Hale; Hockley; King; Lamb; Lubbock; Lynn; Motley; Terry; Yoakum,79031 79032 79041 79043 79064 79072 79073 79082 79220 79221 79229 79234 79235 79236 79241 79243 79244 79248 79250 79255 79256 79258 79311 79312 79313 79314 79316 79322 79323 79324 79326 79329 79330 79336 79339 79343 79344 79345 79346 79347 79350 79351 79353 79355 79356 79357 79358 79359 79363 79364 79366 79367 79370 79371 79372 79373 79376 79381 79382 79401 79403 79404 79407 79408 79409 79410 79411 79412 79413 79414 79415 79416 79423 79424 79452 79453 79464 79490 79493 79499,TDHCA Master List of Community Affairs Subrecipients,south-plains-community-action-association-inc-ceap,,unknown,,,,,,,,,,,,voicemail,"The operator answered the call and forwarded it to Utility Assistance. However, once forwarded, the call was routed to voicemail, prompting me to leave a recorded message.",2026-09-02,Karlo,,,
,82,Southeast Texas Regional Planning Commission,Beaumont,,+14098998444,CEAP,"electric_bill, gas_bill, reconnect_fee, utility_deposit",3,40,"408,189",Hardin; Jefferson; Orange,77376 77519 77564 77585 77611 77613 77619 77622 77625 77627 77629 77630 77631 77632 77639 77640 77641 77642 77643 77651 77655 77656 77657 77659 77662 77663 77665 77670 77701 77702 77703 77704 77705 77706 77707 77708 77713 77720 77725 77726,TDHCA Master List of Community Affairs Subrecipients,southeast-texas-regional-planning-commission-ceap,,unknown,,,,,,8AM - 4PM,,,,,,voicemail,Was routed to voicemail box,2026-09-02,Karlo,,,
,83,Catholic Charities — Beacon of Hope Center,Galveston,"4700 Broadway, Suite B-101",+14097622064,Assistance services,rent_assistance,1,0,"367,407",Galveston,,Catholic Charities Archdiocese of Galveston-Houston — Locations,catholic-charities-beacon-of-hope-center,,unknown,,,,,,8AM to 4PM (Branch Office),,,,,,reached,"Asked to leave a phone number, she will call us back",2026-09-02,Karlo,,,
,84,Galveston County Food Bank,Texas City,624 4th Avenue N.,,Assistance services,food_pantry,1,0,"367,407",Galveston,,Harris County Public Library — Food Banks and Food Assistance,galveston-county-food-bank,,unknown,,,,,walk_in,,,,,,,voicemail,"Tried calling, was referred to an operator, but routed to voicemail twice. ",2026-09-02,Karlo,,,
,85,Nueces County Community Action Agency,Corpus Christi,,+13618837201,"CEAP, CSBG, WAP","electric_bill, food_pantry, gas_bill, home_repair, hvac_repair, reconnect_fee, rent_assistance, transportation, utility_deposit, weatherization",1,36,"356,424",Nueces,78330 78339 78343 78351 78373 78380 78383 78401 78402 78403 78404 78405 78406 78407 78408 78409 78410 78411 78412 78413 78414 78415 78416 78417 78418 78419 78426 78427 78460 78463 78465 78466 78467 78468 78469 78480,TDHCA Master List of Community Affairs Subrecipients,nueces-county-community-action-agency-ceap,,unknown,,,,,online,,,,,,Naomi,refused,"
The agent was unable to provide details on how the process works and simply redirected all inquiries to the website, nccaatx.org, without providing further guidance or clarification.",2026-09-02,Karlo,,,
,86,"Tri-County Community Action, Inc.",Center,,+19365986315,"CEAP, CSBG, WAP","electric_bill, food_pantry, gas_bill, home_repair, hvac_repair, reconnect_fee, rent_assistance, transportation, utility_deposit, weatherization",9,55,"341,265",Harrison; Jasper; Newton; Panola; Sabine; San Augustine; Shelby; Tyler; Upshur,75601 75602 75605 75631 75633 75639 75640 75642 75643 75644 75645 75647 75650 75651 75661 75669 75670 75671 75672 75683 75686 75688 75691 75692 75755 75928 75929 75930 75931 75932 75933 75935 75936 75938 75942 75948 75951 75954 75956 75959 75966 75968 75972 75973 75974 75975 75977 75979 77612 77616 77624 77632 77660 77663 77664,TDHCA Master List of Community Affairs Subrecipients,tri-county-community-action-inc-ceap,,accepting,,,,,online,,,,,,Patricia,refused,"Patricia was not willing to provide any information and redirected all inquiries to tccainc.org. The website provides access to the application form and a complete list of requirements, so applicants can review the information and submit their application directly through the site.",,,,,
,87,"Community Services of Northeast Texas, Inc.",Linden,,+19037565596,"CEAP, CSBG, WAP","electric_bill, food_pantry, gas_bill, home_repair, hvac_repair, reconnect_fee, rent_assistance, transportation, utility_deposit, weatherization",12,75,"339,102",Bowie; Camp; Cass; Delta; Franklin; Hopkins; Lamar; Marion; Morris; Rains; Red River; Titus,75410 75411 75412 75415 75416 75417 75420 75421 75426 75431 75432 75433 75435 75436 75437 75440 75441 75446 75448 75450 75451 75453 75455 75456 75457 75460 75461 75462 75468 75469 75470 75471 75472 75473 75477 75478 75480 75481 75482 75483 75486 75487 75494 75497 75501 75503 75504 75505 75550 75551 75554 75555 75556 75558 75559 75560 75561 75562 75563 75564 75566 75567 75568 75569 75570 75571 75572 75574 75630 75638 75656 75657 75668 75683 75686,TDHCA Master List of Community Affairs Subrecipients,community-services-of-northeast-texas-inc-ceap,,unknown,,,,,,,,,,,,no_answer,Asked to record message. ,2026-09-03,Karlo,,,
,88,Community Action Inc. of Central Texas,San Marcos,,+15123921161,"CEAP, CSBG, WAP","electric_bill, food_pantry, gas_bill, home_repair, hvac_repair, reconnect_fee, rent_assistance, transportation, utility_deposit, weatherization",3,22,"326,428",Blanco; Caldwell; Hays,78606 78610 78616 78619 78620 78632 78635 78636 78640 78644 78648 78652 78655 78656 78661 78662 78663 78666 78667 78676 78737 78953,TDHCA Master List of Community Affairs Subrecipients,community-action-inc-of-central-texas-ceap,,unknown,,,,,,"8am to 12nn, 1PM to 5PM.",,,,,,voicemail,Asked to record message. ,2026-09-03,Karlo,,,
,89,Guadalupe Economic Services Corporation,Lubbock,,+18067444416,WAP,"home_repair, hvac_repair, weatherization",1,30,"309,904",Lubbock,79311 79329 79343 79350 79358 79363 79364 79366 79382 79401 79403 79404 79407 79408 79409 79410 79411 79412 79413 79414 79415 79416 79423 79424 79452 79453 79464 79490 79493 79499,TDHCA Master List of Community Affairs Subrecipients,guadalupe-economic-services-corporation-wap,,,,,,,,,,,,,,,,,,,,
,90,"Lubbock, City of, Community Development Department",Lubbock,,+18067752296,"CEAP, WAP","electric_bill, gas_bill, home_repair, hvac_repair, reconnect_fee, utility_deposit, weatherization",1,30,"309,904",Lubbock,79311 79329 79343 79350 79358 79363 79364 79366 79382 79401 79403 79404 79407 79408 79409 79410 79411 79412 79413 79414 79415 79416 79423 79424 79452 79453 79464 79490 79493 79499,TDHCA Master List of Community Affairs Subrecipients,lubbock-city-of-community-development-department-ceap,,accepting,,,,,phone,8AM - 5PM CST,,"1. Must have a Notice of Disconnection.
2. Someone in the household must be a senior citizen or a child under 5 years old.",If electricity is still active,,Karina,reached,"Advised to contact the following organizations for additional assistance:

Neighborhood House: 806-589-1907
Catholic Charities: 806-765-8475",2026-09-03,Karlo,,,
,91,Webb County Community Action Agency,Laredo,,+19565234222,"CEAP, CSBG, WAP","electric_bill, food_pantry, gas_bill, home_repair, hvac_repair, reconnect_fee, rent_assistance, transportation, utility_deposit, weatherization",1,11,"268,453",Webb,78019 78040 78041 78042 78043 78044 78045 78046 78344 78369 78371,TDHCA Master List of Community Affairs Subrecipients,webb-county-community-action-agency-ceap,,seasonal_closed,,,,2026-09-14,walk_in,8AM - 5PM CST,,"1. The checklist will be provided during the application intake process.

2. They prefer not to provide specific information, as requirements may vary depending on the applicant’s profile. ",,,Miss Rubio,reached,"Advised the customer to visit the office on September 14, when they reopen.",2026-09-03,Karlo,,,
,92,Concho Valley Community Action Agency,San Angelo,,+13256532411,"CEAP, CSBG, WAP","electric_bill, food_pantry, gas_bill, home_repair, hvac_repair, reconnect_fee, rent_assistance, transportation, utility_deposit, weatherization",14,61,"174,876",Coke; Coleman; Concho; Crockett; Irion; Kimble; McCulloch; Menard; Reagan; Runnels; Schleicher; Sterling; Sutton; Tom Green,76821 76825 76828 76834 76836 76837 76841 76845 76848 76849 76852 76854 76858 76859 76861 76862 76865 76866 76871 76872 76873 76874 76875 76878 76882 76883 76884 76886 76887 76888 76901 76902 76903 76904 76905 76906 76908 76909 76930 76932 76933 76934 76935 76936 76937 76939 76940 76941 76943 76945 76950 76951 76955 76957 76958 79506 79519 79538 79566 79567 79739,TDHCA Master List of Community Affairs Subrecipients,concho-valley-community-action-agency-ceap,,unknown,,,,,,,,,,,,gatekeeper,The call was answered by an AI agent designed to interact like a live representative. The system was able to respond to inquiries and handle the conversation similarly to a human agent.,2026-09-03,Karlo,,,
,93,Cornerstone Community Action Agency,Coleman,,+13256254167,"CEAP, CSBG, WAP","electric_bill, food_pantry, gas_bill, home_repair, hvac_repair, reconnect_fee, rent_assistance, transportation, utility_deposit, weatherization",7,51,"119,116",Brown; Callahan; Coleman; Comanche; Eastland; McCulloch; Runnels,76432 76435 76436 76437 76442 76443 76444 76445 76446 76448 76454 76455 76464 76468 76470 76471 76474 76801 76802 76803 76804 76821 76823 76825 76827 76828 76834 76836 76845 76852 76857 76858 76861 76865 76871 76872 76873 76875 76878 76882 76884 76887 76888 76890 76933 79504 79510 79519 79538 79566 79567,TDHCA Master List of Community Affairs Subrecipients,cornerstone-community-action-agency-ceap,,seasonal_closed,,,,2026-09-30,online,,,"At least one household member age 60 or older must be living in the home.

A child age 5 or younger must be living in the household.

A household member with a disability must be living in the home",,,Reiley,reached,"Spoke with Reiley, who confirmed that they are currently closed for intake. She mentioned that the program will likely reopen toward the end of this month, although no specific reopening date was provided. ",2026-09-03,Karlo,,,
,94,South Texas Development Council,Laredo,,+19567223995,"CEAP, WAP","electric_bill, gas_bill, home_repair, hvac_repair, reconnect_fee, utility_deposit, weatherization",3,13,"84,541",Jim Hogg; Starr; Zapata,78067 78076 78360 78361 78536 78545 78547 78548 78564 78582 78584 78588 78591,TDHCA Master List of Community Affairs Subrecipients,south-texas-development-council-ceap,,seasonal_closed,,,,,,,,,,,Leticia,reached,"Spoke with the operator, who confirmed that they are currently closed for new intakes. I was referred to 956-234-182 for Utility Assistance for further assistance.",2026-09-03,Karlo,,,
,95,Economic Action Committee of the Gulf Coast,Bay City,,+19792456901,"CEAP, WAP","electric_bill, gas_bill, home_repair, hvac_repair, reconnect_fee, utility_deposit, weatherization",2,19,"80,918",Matagorda; Wharton,77404 77414 77419 77420 77428 77434 77435 77437 77448 77453 77454 77455 77457 77458 77465 77467 77468 77482 77488,TDHCA Master List of Community Affairs Subrecipients,economic-action-committee-of-the-gulf-coast-ceap,,unknown,,,,,,,,,,,,voicemail,"High wait time, forwarded to VM - will attempt to call again",2026-09-03,Karlo,,,
,96,"Aspermont Small Business Development Center, Inc.",Aspermont,,+19409893538,"CEAP, CSBG, WAP","electric_bill, food_pantry, gas_bill, home_repair, hvac_repair, reconnect_fee, rent_assistance, transportation, utility_deposit, weatherization",6,28,"58,752",Haskell; Jones; Kent; Knox; Stonewall; Throckmorton,76363 76371 76372 76388 76483 76491 79227 79501 79502 79503 79505 79518 79520 79521 79525 79528 79529 79533 79536 79539 79540 79544 79547 79548 79553 79560 79561 79601,TDHCA Master List of Community Affairs Subrecipients,aspermont-small-business-development-center-inc-ceap,,accepting,,,,,,,,,,,Kelly,refused,"Kelly refused to give details without confirming phone number, mailing address, SSN etc..",2026-09-03,Karlo,,,
,97,Community Action Social Services & Education,Eagle Pass,,+18307737274,"CEAP, WAP","electric_bill, gas_bill, home_repair, hvac_repair, reconnect_fee, utility_deposit, weatherization",1,4,"57,885",Maverick,78852 78853 78860 78877,TDHCA Master List of Community Affairs Subrecipients,community-action-social-services-education-ceap,,funds_exhausted,,,,Agent can't determine for now,phone,9AM - 5PM CST,,"New Funding year, documents/requirements are changing, refuse to give details",,,Karina,reached,"Funds exhausted. Entering a new funding year, advised to call again from time to time to check. ",2026-09-03,Karlo,,,
,98,Kleberg County Human Services,Kingsville,,+13615958572,"CEAP, WAP","electric_bill, gas_bill, home_repair, hvac_repair, reconnect_fee, utility_deposit, weatherization",2,4,"31,324",Kenedy; Kleberg,78338 78363 78379 78385,TDHCA Master List of Community Affairs Subrecipients,kleberg-county-human-services-ceap,,accepting,,,,,walk_in,9AM - 5PM CST,None,Requirements list will be given after scheduled appointment,The agent can't determine this. The case manager will make that decision on-site.,,Joseph,reached,"
Land mark: 1109 East Santa Hitrudes St, Kingsville. El Dorado restaurant ",2026-09-03,Karlo,,,
,99,Pecos County Community Action Agency,Fort Stockton,,+14323367526,"CEAP, WAP","electric_bill, gas_bill, home_repair, hvac_repair, reconnect_fee, utility_deposit, weatherization",3,9,"20,241",Crane; Pecos; Terrell,78851 79730 79731 79735 79740 79743 79744 79781 79848,TDHCA Master List of Community Affairs Subrecipients,pecos-county-community-action-agency-ceap,,accepting,,,,,walk_in,9AM - 5PM CST,None,"Passport, If no Passport, Birth Certificate, License, and Social.",No disqualification,,Patricia,reached,"Pick up the application
100 South Jackson",2026-09-03,Karlo,,,
,100,"Agricultural and Labor Program, Inc.",,,18639563491,Low-Income Home Energy Assistance Program (LIHEAP),"electric_bill, gas_bill, reconnect_fee, utility_deposit",7,123,"1,994,487",Collier; Glades; Hendry; Highlands; Martin; Polk; St. Lucie,33438 33440 33455 33469 33471 33475 33801 33802 33803 33804 33805 33806 33807 33809 33810 33811 33812 33813 33815 33820 33823 33825 33826 33827 33830 33831 33835 33836 33837 33838 33839 33840 33841 33843 33844 33845 33846 33849 33850 33851 33852 33853 33854 33855 33856 33857 33858 33859 33860 33862 33867 33868 33870 33871 33872 33875 33876 33877 33880 33881 33882 33883 33884 33885 33896 33897 33898 33935 33960 33975 34101 34102 34103 34104 34105 34106 34107 34108 34109 34110 34112 34113 34114 34116 34117 34119 34120 34134 34141 34142 34145 34146 34759 34945 34946 34947 34948 34949 34950 34951 34952 34953 34954 34956 34957 34958 34974 34979 34981 34982 34983 34984 34985 34986 34987 34988 34990 34991 34992 34994 34995 34996 34997,FloridaCommerce LIHEAP provider list,agricultural-and-labor-program-liheap,,,,,,,,,,,,,,,,,,,,
,101,"Bay County Council on Aging, Inc.",,,18502150173,Low-Income Home Energy Assistance Program (LIHEAP),"electric_bill, gas_bill, reconnect_fee, utility_deposit",1,17,"199,718",Bay,32401 32402 32403 32404 32405 32406 32407 32408 32409 32411 32413 32417 32437 32438 32444 32456 32466,FloridaCommerce LIHEAP provider list,bay-county-council-on-aging-liheap,,,,,,,,,,,,,,,,,,,,
,102,Brevard County Department of Housing and Human Services,,,13216331951,Low-Income Home Energy Assistance Program (LIHEAP),"electric_bill, gas_bill, reconnect_fee, utility_deposit",1,42,"658,447",Brevard,32754 32780 32781 32783 32796 32901 32902 32903 32904 32905 32906 32907 32908 32909 32910 32911 32912 32920 32922 32923 32924 32925 32926 32927 32931 32932 32934 32935 32936 32937 32940 32941 32949 32950 32951 32952 32953 32954 32955 32956 32959 32976,FloridaCommerce LIHEAP provider list,brevard-county-department-of-housing-and-human-services-liheap,,,,,,,,,,,,,,,,,,,,
,103,"Broward County Department of Human Services, Community Action Agency",,,19543575025,Low-Income Home Energy Assistance Program (LIHEAP),"electric_bill, gas_bill, reconnect_fee, utility_deposit",1,81,"2,037,472",Broward,33004 33008 33009 33019 33020 33021 33022 33023 33024 33025 33026 33027 33028 33029 33060 33061 33062 33063 33064 33065 33066 33067 33068 33069 33071 33073 33074 33075 33076 33077 33081 33082 33083 33084 33093 33097 33301 33302 33303 33304 33305 33306 33307 33308 33309 33310 33311 33312 33313 33314 33315 33316 33317 33318 33319 33320 33321 33322 33323 33324 33325 33326 33327 33328 33329 33330 33331 33332 33334 33335 33338 33339 33345 33346 33348 33351 33355 33359 33441 33442 33443,FloridaCommerce LIHEAP provider list,broward-county-department-of-human-services-community-action-agency-liheap,,,,,,,,,,,,,,,,,,,,
,104,"Capital Area Community Action Agency, Inc.",,,18507590824,Low-Income Home Energy Assistance Program (LIHEAP),"electric_bill, gas_bill, reconnect_fee, utility_deposit",8,43,"447,763",Calhoun; Franklin; Gadsden; Gulf; Jefferson; Leon; Liberty; Wakulla,32301 32302 32303 32304 32305 32308 32309 32310 32311 32312 32314 32315 32316 32317 32318 32320 32321 32322 32324 32326 32327 32328 32331 32332 32333 32334 32336 32343 32344 32345 32346 32351 32352 32358 32360 32362 32421 32424 32430 32438 32449 32456 32465,FloridaCommerce LIHEAP provider list,capital-area-community-action-agency-liheap,,,,,,,,,,,,,,,,,,,,
,105,"Central Florida Community Action Agency, Inc.",,,13523737667,Low-Income Home Energy Assistance Program (LIHEAP),"electric_bill, gas_bill, reconnect_fee, utility_deposit",3,70,"768,452",Alachua; Levy; Marion,32113 32133 32134 32162 32179 32183 32195 32601 32603 32604 32605 32606 32607 32608 32609 32610 32614 32615 32616 32617 32618 32621 32622 32625 32626 32627 32631 32635 32640 32641 32643 32644 32653 32655 32658 32666 32667 32668 32669 32686 32693 32694 32696 32702 32784 34420 34421 34430 34431 34432 34449 34470 34471 34472 34473 34474 34475 34476 34477 34478 34479 34480 34481 34482 34483 34488 34489 34491 34492 34498,FloridaCommerce LIHEAP provider list,central-florida-community-action-agency-liheap,,,,,,,,,,,,,,,,,,,,
,106,Charlotte County Department of Human Services,,,19418336500,Low-Income Home Energy Assistance Program (LIHEAP),"electric_bill, gas_bill, reconnect_fee, utility_deposit",1,17,"212,122",Charlotte,33938 33946 33947 33948 33949 33950 33951 33952 33953 33954 33955 33980 33981 33982 33983 34223 34224,FloridaCommerce LIHEAP provider list,charlotte-county-department-of-human-services-liheap,,,,,,,,,,,,,,,,,,,,
,107,Citrus County Division of Housing Services,,,13525277520,Low-Income Home Energy Assistance Program (LIHEAP),"electric_bill, gas_bill, reconnect_fee, utility_deposit",1,22,"170,174",Citrus,34423 34428 34429 34433 34434 34436 34441 34442 34445 34446 34447 34448 34449 34450 34451 34452 34453 34460 34461 34464 34465 34487,FloridaCommerce LIHEAP provider list,citrus-county-division-of-housing-services-liheap,,,,,,,,,,,,,,,,,,,,
,108,"Community Action Program Committee, Inc.",,,18506072088,Low-Income Home Energy Assistance Program (LIHEAP),"electric_bill, gas_bill, reconnect_fee, utility_deposit",1,23,"331,275",Escambia,32501 32502 32503 32504 32505 32506 32507 32508 32513 32514 32516 32522 32523 32524 32526 32533 32534 32535 32560 32561 32568 32577 32591,FloridaCommerce LIHEAP provider list,community-action-program-committee-liheap,,,,,,,,,,,,,,,,,,,,
,109,Desoto County Board of Commissioners,,,18639934858,Low-Income Home Energy Assistance Program (LIHEAP),"electric_bill, gas_bill, reconnect_fee, utility_deposit",1,2,"36,744",DeSoto,34266 34269,FloridaCommerce LIHEAP provider list,desoto-county-board-of-commissioners-liheap,,,,,,,,,,,,,,,,,,,,
,110,"Economic Opportunities Council of Indian River County, Inc.",,,17725624177,Low-Income Home Energy Assistance Program (LIHEAP),"electric_bill, gas_bill, reconnect_fee, utility_deposit",2,19,"214,508",Indian River; Okeechobee,32948 32957 32958 32960 32961 32962 32963 32964 32965 32966 32967 32968 32969 32970 32971 32978 34972 34973 34974,FloridaCommerce LIHEAP provider list,economic-opportunities-council-of-indian-river-county-liheap,,,,,,,,,,,,,,,,,,,,
,111,FloridaCommerce (state administers LIHEAP directly),,,18507178450,Low-Income Home Energy Assistance Program (LIHEAP),"electric_bill, gas_bill, reconnect_fee, utility_deposit",1,26,"494,605",Seminole,32701 32703 32707 32708 32714 32715 32716 32718 32719 32730 32732 32746 32747 32750 32751 32752 32762 32765 32766 32771 32772 32773 32779 32791 32792 32795,FloridaCommerce LIHEAP provider list,floridacommerce-state-administers-liheap-directly-liheap,,,,,,,,,,,,,,,,,,,,
,112,Hillsborough County Social Services Department,,,18132725220,Low-Income Home Energy Assistance Program (LIHEAP),"electric_bill, gas_bill, reconnect_fee, utility_deposit",1,81,"1,581,426",Hillsborough,33508 33509 33510 33511 33527 33530 33534 33547 33548 33549 33550 33556 33558 33559 33563 33564 33565 33566 33567 33568 33569 33570 33571 33572 33573 33575 33578 33579 33583 33584 33587 33592 33594 33595 33596 33598 33601 33602 33603 33604 33605 33606 33607 33609 33610 33611 33612 33613 33614 33615 33616 33617 33618 33619 33621 33622 33623 33624 33625 33626 33629 33634 33635 33637 33646 33647 33672 33673 33674 33675 33677 33679 33680 33681 33682 33684 33685 33687 33688 33689 33694,FloridaCommerce LIHEAP provider list,hillsborough-county-social-services-department-liheap,,,,,,,,,,,,,,,,,,,,
,113,Jackson County Senior Citizens Org. Inc.,,,18502634650,Low-Income Home Energy Assistance Program (LIHEAP),"electric_bill, gas_bill, reconnect_fee, utility_deposit",1,12,"49,980",Jackson,32420 32423 32426 32431 32440 32442 32443 32445 32446 32447 32448 32460,FloridaCommerce LIHEAP provider list,jackson-county-senior-citizens-org-liheap,,,,,,,,,,,,,,,,,,,,
,114,"Lake Community Action Agency, Inc.",,,13524340554,Low-Income Home Energy Assistance Program (LIHEAP),"electric_bill, gas_bill, reconnect_fee, utility_deposit",1,35,"444,204",Lake,32102 32158 32159 32163 32195 32702 32720 32726 32727 32735 32736 32756 32757 32767 32776 32778 32784 34705 34711 34712 34713 34714 34715 34731 34736 34737 34748 34749 34753 34755 34756 34762 34788 34789 34797,FloridaCommerce LIHEAP provider list,lake-community-action-agency-liheap,,,,,,,,,,,,,,,,,,,,
,115,Lee County Department of Human Services,,,12395337900,Low-Income Home Energy Assistance Program (LIHEAP),"electric_bill, gas_bill, reconnect_fee, utility_deposit",1,47,"860,959",Lee,33901 33902 33903 33904 33905 33906 33907 33908 33909 33910 33912 33913 33914 33915 33916 33917 33918 33919 33920 33921 33922 33924 33928 33929 33931 33932 33936 33955 33956 33957 33965 33966 33967 33970 33971 33972 33973 33974 33976 33990 33991 33993 33994 34133 34134 34135 34136,FloridaCommerce LIHEAP provider list,lee-county-department-of-human-services-liheap,,,,,,,,,,,,,,,,,,,,
,116,Miami-Dade County Community Action Agency,,,17864694640,Low-Income Home Energy Assistance Program (LIHEAP),"electric_bill, gas_bill, reconnect_fee, utility_deposit",1,114,"2,838,461",Miami-Dade,33002 33010 33011 33012 33013 33014 33015 33016 33017 33018 33030 33031 33032 33033 33034 33035 33054 33055 33056 33090 33092 33101 33109 33114 33116 33119 33122 33124 33125 33126 33127 33128 33129 33130 33131 33132 33133 33134 33135 33136 33137 33138 33139 33140 33141 33142 33143 33144 33145 33146 33147 33149 33150 33152 33153 33154 33155 33156 33157 33158 33160 33161 33162 33163 33164 33165 33166 33167 33168 33169 33170 33172 33173 33174 33175 33176 33177 33178 33179 33180 33181 33182 33183 33184 33185 33186 33187 33189 33190 33193 33194 33195 33196 33197 33222 33231 33233 33234 33238 33239 33242 33243 33245 33247 33255 33256 33257 33261 33265 33266 33269 33280 33283 33296,FloridaCommerce LIHEAP provider list,miami-dade-county-community-action-agency-liheap,,,,,,,,,,,,,,,,,,,,
,117,Monroe County Board of County Commissioners,,,13052924408,Low-Income Home Energy Assistance Program (LIHEAP),"electric_bill, gas_bill, reconnect_fee, utility_deposit",1,12,"80,908",Monroe,33001 33036 33037 33040 33041 33042 33043 33045 33050 33051 33052 33070,FloridaCommerce LIHEAP provider list,monroe-county-board-of-county-commissioners-liheap,,,,,,,,,,,,,,,,,,,,
,118,"Northeast Florida Community Action Agency, Inc.",,,19042594481,Low-Income Home Energy Assistance Program (LIHEAP),"electric_bill, gas_bill, reconnect_fee, utility_deposit",7,97,"1,974,593",Baker; Clay; Duval; Flagler; Nassau; Putnam; St. Johns,32003 32004 32006 32009 32011 32033 32034 32035 32040 32041 32043 32046 32050 32063 32065 32067 32068 32073 32080 32081 32082 32084 32085 32086 32087 32092 32095 32097 32110 32112 32131 32135 32136 32137 32139 32140 32145 32147 32148 32164 32174 32177 32178 32181 32187 32189 32193 32202 32203 32204 32205 32206 32207 32208 32209 32210 32211 32212 32216 32217 32218 32219 32220 32221 32222 32223 32224 32225 32226 32227 32228 32229 32233 32234 32235 32236 32238 32239 32240 32241 32244 32245 32246 32247 32250 32254 32255 32256 32257 32258 32259 32260 32266 32277 32640 32656 32666,FloridaCommerce LIHEAP provider list,northeast-florida-community-action-agency-liheap,,,,,,,,,,,,,,,,,,,,
,119,Orange County Youth and Family Services Division,,,14078367429,Low-Income Home Energy Assistance Program (LIHEAP),"electric_bill, gas_bill, reconnect_fee, utility_deposit",1,73,"1,533,646",Orange,32703 32704 32709 32710 32712 32733 32751 32757 32768 32777 32789 32790 32792 32793 32794 32798 32801 32802 32803 32804 32805 32806 32807 32808 32809 32810 32811 32812 32814 32817 32818 32819 32820 32821 32822 32824 32825 32826 32827 32828 32829 32830 32831 32832 32833 32835 32836 32837 32839 32853 32854 32855 32856 32857 32858 32859 32860 32861 32862 32867 32868 32869 32872 32877 32878 34734 34740 34760 34761 34777 34778 34786 34787,FloridaCommerce LIHEAP provider list,orange-county-youth-and-family-services-division-liheap,,,,,,,,,,,,,,,,,,,,
,120,"Osceola County Council on Aging, Inc",,,14078468532,Low-Income Home Energy Assistance Program (LIHEAP),"electric_bill, gas_bill, reconnect_fee, utility_deposit",1,18,"468,058",Osceola,33848 33896 34714 34739 34741 34742 34743 34744 34745 34746 34747 34758 34759 34769 34770 34771 34772 34773,FloridaCommerce LIHEAP provider list,osceola-county-council-on-aging-liheap,,,,,,,,,,,,,,,,,,,,
,121,Palm Beach County,,,15613554792,Low-Income Home Energy Assistance Program (LIHEAP),"electric_bill, gas_bill, reconnect_fee, utility_deposit",1,72,"1,582,055",Palm Beach,33401 33402 33403 33404 33405 33406 33407 33408 33409 33410 33411 33412 33413 33414 33415 33416 33417 33418 33419 33420 33421 33422 33424 33425 33426 33427 33428 33429 33430 33431 33432 33433 33434 33435 33436 33437 33438 33444 33445 33446 33448 33449 33454 33458 33460 33461 33462 33463 33465 33466 33467 33468 33469 33470 33472 33473 33474 33476 33477 33478 33480 33481 33482 33483 33484 33486 33487 33488 33493 33496 33497 33498,FloridaCommerce LIHEAP provider list,palm-beach-county-liheap,,,,,,,,,,,,,,,,,,,,
,122,"Pinellas County Urban League, Inc.",,,17273270977,Low-Income Home Energy Assistance Program (LIHEAP),"electric_bill, gas_bill, reconnect_fee, utility_deposit",1,69,"965,870",Pinellas,33701 33702 33703 33704 33705 33706 33707 33708 33709 33710 33711 33712 33713 33714 33715 33716 33730 33731 33732 33733 33734 33736 33738 33741 33742 33743 33744 33747 33755 33756 33757 33758 33759 33760 33761 33762 33763 33764 33765 33766 33767 33770 33771 33772 33773 33774 33775 33776 33777 33778 33779 33780 33781 33782 33784 33785 33786 34660 34677 34681 34682 34683 34684 34685 34688 34689 34695 34697 34698,FloridaCommerce LIHEAP provider list,pinellas-county-urban-league-liheap,,,,,,,,,,,,,,,,,,,,
,123,"Step Up Suncoast, Inc.",,,19418270188,Low-Income Home Energy Assistance Program (LIHEAP),"electric_bill, gas_bill, reconnect_fee, utility_deposit",2,30,"484,420",Hardee; Manatee,33834 33865 33873 33890 34201 34202 34203 34204 34205 34206 34207 34208 34209 34210 34211 34212 34215 34216 34217 34219 34220 34221 34222 34228 34243 34251 34264 34270 34280 34282,FloridaCommerce LIHEAP provider list,step-up-suncoast-liheap,,,,,,,,,,,,,,,,,,,,
,124,"Suwannee River Economic Council, Inc.",,,19049646696,Low-Income Home Energy Assistance Program (LIHEAP),"electric_bill, gas_bill, reconnect_fee, utility_deposit",10,40,"266,354",Bradford; Columbia; Dixie; Gilchrist; Hamilton; Lafayette; Madison; Suwannee; Taylor; Union,32008 32024 32025 32038 32042 32044 32052 32053 32054 32055 32056 32058 32059 32060 32061 32062 32064 32066 32071 32083 32091 32094 32096 32331 32336 32340 32347 32348 32350 32356 32359 32619 32622 32628 32643 32648 32656 32666 32680 32693,FloridaCommerce LIHEAP provider list,suwannee-river-economic-council-liheap,,,,,,,,,,,,,,,,,,,,
,125,The Salvation Army,,,19419544673,Low-Income Home Energy Assistance Program (LIHEAP),"electric_bill, gas_bill, reconnect_fee, utility_deposit",1,33,"476,604",Sarasota,34223 34228 34229 34230 34231 34232 34233 34234 34235 34236 34237 34238 34239 34240 34241 34242 34243 34272 34274 34275 34276 34277 34284 34285 34286 34287 34288 34289 34290 34291 34292 34293 34295,FloridaCommerce LIHEAP provider list,the-salvation-army-liheap,,,,,,,,,,,,,,,,,,,,
,126,"Tri-County Community Council, Inc.",,,18503061134,Low-Income Home Energy Assistance Program (LIHEAP),"electric_bill, gas_bill, reconnect_fee, utility_deposit",5,42,"564,181",Holmes; Okaloosa; Santa Rosa; Walton; Washington,32425 32427 32428 32431 32433 32435 32437 32439 32440 32455 32459 32461 32462 32464 32530 32531 32536 32539 32540 32541 32542 32544 32547 32548 32549 32550 32561 32562 32563 32564 32565 32566 32567 32569 32570 32571 32572 32578 32579 32580 32583 32588,FloridaCommerce LIHEAP provider list,tri-county-community-council-liheap,,,,,,,,,,,,,,,,,,,,
,127,Volusia County Community Assistance Division,,,13867365956,Low-Income Home Energy Assistance Program (LIHEAP),"electric_bill, gas_bill, reconnect_fee, utility_deposit",1,43,"602,772",Volusia,32102 32114 32115 32117 32118 32119 32120 32121 32122 32124 32125 32126 32127 32128 32129 32130 32132 32141 32168 32169 32170 32173 32174 32175 32176 32180 32190 32713 32720 32721 32723 32724 32725 32728 32738 32739 32744 32753 32754 32759 32763 32764 32774,FloridaCommerce LIHEAP provider list,volusia-county-community-assistance-division-liheap,,,,,,,,,,,,,,,,,,,,
,128,You Thrive Florida,,,13527961425,Low-Income Home Energy Assistance Program (LIHEAP),"electric_bill, gas_bill, reconnect_fee, utility_deposit",3,59,"1,031,957",Hernando; Pasco; Sumter,32159 32162 32163 33513 33514 33521 33523 33524 33525 33526 33538 33539 33540 33541 33542 33543 33544 33545 33549 33556 33558 33559 33576 33585 33597 34484 34601 34602 34603 34604 34605 34606 34607 34608 34609 34610 34611 34613 34614 34637 34638 34639 34652 34653 34654 34655 34656 34661 34667 34668 34669 34673 34674 34680 34690 34691 34692 34762 34785,FloridaCommerce LIHEAP provider list,you-thrive-florida-liheap,,,,,,,,,,,,,,,,,,,,
,129,Alamance County Department of Social Services,Burlington,"319 N. Graham-Hopedale Road, Suite C, Burlington, NC 27217",13365706532,Energy Assistance (LIEAP / CIP); Food and Nutrition Services (FNS); Work First Emergency Assistance,"electric_bill, eviction_prevention, gas_bill, reconnect_fee, rent_assistance, snap_benefits, utility_deposit",1,12,"183,040",Alamance,27201 27215 27216 27217 27244 27249 27253 27258 27298 27302 27349 27359,NCDHHS Local DSS Directory,alamance-county-department-of-social-services-energy,alamance-county-department-of-social-services-emergency,,,,,,,,,,,,,,,,,,,
,130,Alexander County Department of Social Services,Taylorsville,"604 Seventh St. SW, Taylorsville, NC 28681",18286321080,Energy Assistance (LIEAP / CIP); Food and Nutrition Services (FNS); Work First Emergency Assistance,"electric_bill, eviction_prevention, gas_bill, reconnect_fee, rent_assistance, snap_benefits, utility_deposit",1,4,"36,693",Alexander,28601 28636 28678 28681,NCDHHS Local DSS Directory,alexander-county-department-of-social-services-energy,alexander-county-department-of-social-services-emergency,,,,,,,,,,,,,,,,,,,
,131,Alleghany County Department of Social Services,Sparta,"182 Doctors St., Sparta, NC 28675",13363722411,Energy Assistance (LIEAP / CIP); Food and Nutrition Services (FNS); Work First Emergency Assistance,"electric_bill, eviction_prevention, gas_bill, reconnect_fee, rent_assistance, snap_benefits, utility_deposit",1,8,"11,379",Alleghany,28623 28627 28631 28644 28663 28668 28672 28675,NCDHHS Local DSS Directory,alleghany-county-department-of-social-services-energy,alleghany-county-department-of-social-services-emergency,,,,,,,,,,,,,,,,,,,
,132,Anson County Department of Social Services,Wadesboro,"118 N. Washington St., Wadesboro, NC 28170",17046949351,Energy Assistance (LIEAP / CIP); Food and Nutrition Services (FNS); Work First Emergency Assistance,"electric_bill, eviction_prevention, gas_bill, reconnect_fee, rent_assistance, snap_benefits, utility_deposit",1,6,"22,432",Anson,28007 28091 28119 28133 28135 28170,NCDHHS Local DSS Directory,anson-county-department-of-social-services-energy,anson-county-department-of-social-services-emergency,,,,,,,,,,,,,,,,,,,
,133,Ashe County Department of Social Services,Jefferson,"150 Government Circle, Suite 1400, Jefferson, NC 28640",13368465719,Energy Assistance (LIEAP / CIP); Food and Nutrition Services (FNS); Work First Emergency Assistance,"electric_bill, eviction_prevention, gas_bill, reconnect_fee, rent_assistance, snap_benefits, utility_deposit",1,13,"27,266",Ashe,28615 28617 28626 28629 28631 28640 28643 28644 28672 28684 28693 28694 28698,NCDHHS Local DSS Directory,ashe-county-department-of-social-services-energy,ashe-county-department-of-social-services-emergency,,,,,,,,,,,,,,,,,,,
,134,Avery County Department of Social Services,Newland,"358 Beech St., Newland, NC 28657",18287338230,Energy Assistance (LIEAP / CIP); Food and Nutrition Services (FNS); Work First Emergency Assistance,"electric_bill, eviction_prevention, gas_bill, reconnect_fee, rent_assistance, snap_benefits, utility_deposit",1,5,"17,811",Avery,28604 28611 28622 28657 28777,NCDHHS Local DSS Directory,avery-county-department-of-social-services-energy,avery-county-department-of-social-services-emergency,,,,,,,,,,,,,,,,,,,
,135,Beaufort County Department of Social Services,Washington,"632 W. Fifth St., Washington, NC 27889",12529755500,Energy Assistance (LIEAP / CIP); Food and Nutrition Services (FNS); Work First Emergency Assistance,"electric_bill, eviction_prevention, gas_bill, reconnect_fee, rent_assistance, snap_benefits, utility_deposit",1,12,"44,576",Beaufort,27806 27808 27810 27814 27817 27821 27837 27860 27865 27889 27962 28586,NCDHHS Local DSS Directory,beaufort-county-department-of-social-services-energy,beaufort-county-department-of-social-services-emergency,,,,,,,,,,,,,,,,,,,
,136,Bertie County Department of Social Services,,"110 Jasper Bazemore Ave. Windsor, NC 27983",12527945320,Energy Assistance (LIEAP / CIP); Food and Nutrition Services (FNS); Work First Emergency Assistance,"electric_bill, eviction_prevention, gas_bill, reconnect_fee, rent_assistance, snap_benefits, utility_deposit",1,8,"16,939",Bertie,27805 27847 27849 27872 27910 27924 27957 27983,NCDHHS Local DSS Directory,bertie-county-department-of-social-services-energy,bertie-county-department-of-social-services-emergency,,,,,,,,,,,,,,,,,,,
,137,Bladen County Department of Social Services,Elizabethtown,"208 McKay St., Elizabethtown, NC 28337",19108626800,Energy Assistance (LIEAP / CIP); Food and Nutrition Services (FNS); Work First Emergency Assistance,"electric_bill, eviction_prevention, gas_bill, reconnect_fee, rent_assistance, snap_benefits, utility_deposit",1,14,"29,777",Bladen,28320 28337 28384 28392 28399 28423 28433 28434 28438 28441 28444 28447 28448 28456,NCDHHS Local DSS Directory,bladen-county-department-of-social-services-energy,bladen-county-department-of-social-services-emergency,,,,,,,,,,,,,,,,,,,
,138,Brunswick County Department of Social Services,Bolivia,"60 Government Drive, NE, Bolivia, NC 28422",19102532077,Energy Assistance (LIEAP / CIP); Food and Nutrition Services (FNS); Work First Emergency Assistance,"electric_bill, eviction_prevention, gas_bill, reconnect_fee, rent_assistance, snap_benefits, utility_deposit",1,14,"167,112",Brunswick,28420 28422 28451 28452 28456 28459 28461 28462 28465 28467 28468 28469 28470 28479,NCDHHS Local DSS Directory,brunswick-county-department-of-social-services-energy,brunswick-county-department-of-social-services-emergency,,,,,,,,,,,,,,,,,,,
,139,Buncombe County Department of Social Services,,"40 Coxe Ave. Asheville, NC 28802",18282505500,Energy Assistance (LIEAP / CIP); Food and Nutrition Services (FNS); Work First Emergency Assistance,"electric_bill, eviction_prevention, gas_bill, reconnect_fee, rent_assistance, snap_benefits, utility_deposit",1,24,"279,210",Buncombe,28701 28704 28709 28711 28715 28728 28730 28732 28748 28753 28757 28776 28778 28787 28801 28802 28803 28804 28805 28806 28813 28814 28815 28816,NCDHHS Local DSS Directory,buncombe-county-department-of-social-services-energy,buncombe-county-department-of-social-services-emergency,,,,,,,,,,,,,,,,,,,
,140,Burke County Department of Social Services,Morganton,"700 East Parker Road, Morganton, NC 28680",18287649600,Energy Assistance (LIEAP / CIP); Food and Nutrition Services (FNS); Work First Emergency Assistance,"electric_bill, eviction_prevention, gas_bill, reconnect_fee, rent_assistance, snap_benefits, utility_deposit",1,11,"88,545",Burke,28601 28602 28612 28619 28637 28655 28657 28666 28680 28690 28761,NCDHHS Local DSS Directory,burke-county-department-of-social-services-energy,burke-county-department-of-social-services-emergency,,,,,,,,,,,,,,,,,,,
,141,Cabarrus County Department of Social Services,Kannapolis,"1303 S. Cannon Blvd., Kannapolis, NC 28083",17049201400,Energy Assistance (LIEAP / CIP); Food and Nutrition Services (FNS); Work First Emergency Assistance,"electric_bill, eviction_prevention, gas_bill, reconnect_fee, rent_assistance, snap_benefits, utility_deposit",1,13,"244,925",Cabarrus,28025 28026 28027 28036 28071 28075 28081 28082 28083 28097 28107 28124 28138,NCDHHS Local DSS Directory,cabarrus-county-department-of-social-services-energy,cabarrus-county-department-of-social-services-emergency,,,,,,,,,,,,,,,,,,,
,142,Caldwell County Department of Social Services,Lenoir,"2345 Morganton Blvd., SW, Suite A, Lenoir, NC 28645",18284268200,Energy Assistance (LIEAP / CIP); Food and Nutrition Services (FNS); Work First Emergency Assistance,"electric_bill, eviction_prevention, gas_bill, reconnect_fee, rent_assistance, snap_benefits, utility_deposit",1,6,"80,739",Caldwell,28606 28611 28630 28638 28645 28667,NCDHHS Local DSS Directory,caldwell-county-department-of-social-services-energy,caldwell-county-department-of-social-services-emergency,,,,,,,,,,,,,,,,,,,
,143,Camden County Department of Social Services,Camden,"117 NC HWY 343 N, Camden, NC 27921",12523314787,Energy Assistance (LIEAP / CIP); Food and Nutrition Services (FNS); Work First Emergency Assistance,"electric_bill, eviction_prevention, gas_bill, reconnect_fee, rent_assistance, snap_benefits, utility_deposit",1,4,"11,184",Camden,27921 27973 27974 27976,NCDHHS Local DSS Directory,camden-county-department-of-social-services-energy,camden-county-department-of-social-services-emergency,,,,,,,,,,,,,,,,,,,
,144,Carteret County Department of Social Services,Beaufort,"210 Craven St., Beaufort, NC 28516",12527283181,Energy Assistance (LIEAP / CIP); Food and Nutrition Services (FNS); Work First Emergency Assistance,"electric_bill, eviction_prevention, gas_bill, reconnect_fee, rent_assistance, snap_benefits, utility_deposit",1,17,"70,259",Carteret,28511 28512 28516 28520 28524 28528 28531 28553 28557 28570 28575 28577 28579 28581 28582 28584 28594,NCDHHS Local DSS Directory,carteret-county-department-of-social-services-energy,carteret-county-department-of-social-services-emergency,,,,,,,,,,,,,,,,,,,
,145,Caswell County Department of Social Services,Yanceyville,"175 County Park Road., Yanceyville, NC 27379",13366944141,Energy Assistance (LIEAP / CIP); Food and Nutrition Services (FNS); Work First Emergency Assistance,"electric_bill, eviction_prevention, gas_bill, reconnect_fee, rent_assistance, snap_benefits, utility_deposit",1,10,"22,363",Caswell,27212 27244 27291 27305 27311 27314 27315 27326 27343 27379,NCDHHS Local DSS Directory,caswell-county-department-of-social-services-energy,caswell-county-department-of-social-services-emergency,,,,,,,,,,,,,,,,,,,
,146,Catawba County Department of Social Services,Hickory,"3030 11th Ave. Drive, S.E., Hickory, NC 28602",18286955600,Energy Assistance (LIEAP / CIP); Food and Nutrition Services (FNS); Work First Emergency Assistance,"electric_bill, eviction_prevention, gas_bill, reconnect_fee, rent_assistance, snap_benefits, utility_deposit",1,12,"167,054",Catawba,28037 28168 28601 28602 28603 28609 28610 28613 28650 28658 28673 28682,NCDHHS Local DSS Directory,catawba-county-department-of-social-services-energy,catawba-county-department-of-social-services-emergency,,,,,,,,,,,,,,,,,,,
,147,Chatham County Department of Social Services,Pittsboro,"102 Camp Drive, Pittsboro, NC 27312",19195422759,Energy Assistance (LIEAP / CIP); Food and Nutrition Services (FNS); Work First Emergency Assistance,"electric_bill, eviction_prevention, gas_bill, reconnect_fee, rent_assistance, snap_benefits, utility_deposit",1,13,"83,874",Chatham,27207 27208 27252 27312 27344 27349 27355 27516 27517 27519 27523 27559 27562,NCDHHS Local DSS Directory,chatham-county-department-of-social-services-energy,chatham-county-department-of-social-services-emergency,,,,,,,,,,,,,,,,,,,
,148,Cherokee County Department of Social Services,Murphy,"4800 W US Highway 64, Murphy, NC 28906",18288377455,Energy Assistance (LIEAP / CIP); Food and Nutrition Services (FNS); Work First Emergency Assistance,"electric_bill, eviction_prevention, gas_bill, reconnect_fee, rent_assistance, snap_benefits, utility_deposit",1,4,"30,373",Cherokee,28901 28902 28905 28906,NCDHHS Local DSS Directory,cherokee-county-department-of-social-services-energy,cherokee-county-department-of-social-services-emergency,,,,,,,,,,,,,,,,,,,
,149,Chowan County Department of Social Services,Edenton,"100 W. Freemason Circle, Edenton, NC 27932",12524827441,Energy Assistance (LIEAP / CIP); Food and Nutrition Services (FNS); Work First Emergency Assistance,"electric_bill, eviction_prevention, gas_bill, reconnect_fee, rent_assistance, snap_benefits, utility_deposit",1,4,"13,891",Chowan,27919 27932 27946 27980,NCDHHS Local DSS Directory,chowan-county-department-of-social-services-energy,chowan-county-department-of-social-services-emergency,,,,,,,,,,,,,,,,,,,
,150,Clay County Department of Social Services,Hayesville,"119 Courthouse Drive, Hayesville, NC 28904",18283896301,Energy Assistance (LIEAP / CIP); Food and Nutrition Services (FNS); Work First Emergency Assistance,"electric_bill, eviction_prevention, gas_bill, reconnect_fee, rent_assistance, snap_benefits, utility_deposit",1,3,"12,042",Clay,28902 28904 28909,NCDHHS Local DSS Directory,clay-county-department-of-social-services-energy,clay-county-department-of-social-services-emergency,,,,,,,,,,,,,,,,,,,
,151,Cleveland County Department of Social Services,Shelby,"130 South Post Road, Shelby, NC 28150",17044870661,Energy Assistance (LIEAP / CIP); Food and Nutrition Services (FNS); Work First Emergency Assistance,"electric_bill, eviction_prevention, gas_bill, reconnect_fee, rent_assistance, snap_benefits, utility_deposit",1,12,"102,194",Cleveland,28017 28020 28021 28073 28086 28090 28114 28136 28150 28151 28152 28169,NCDHHS Local DSS Directory,cleveland-county-department-of-social-services-energy,cleveland-county-department-of-social-services-emergency,,,,,,,,,,,,,,,,,,,
,152,Columbus County Department of Social Services,Whiteville,"40 Government Complex Road, Whiteville, NC 28472",19106422800,Energy Assistance (LIEAP / CIP); Food and Nutrition Services (FNS); Work First Emergency Assistance,"electric_bill, eviction_prevention, gas_bill, reconnect_fee, rent_assistance, snap_benefits, utility_deposit",1,14,"50,054",Columbus,28423 28430 28431 28432 28433 28436 28438 28439 28442 28450 28455 28456 28463 28472,NCDHHS Local DSS Directory,columbus-county-department-of-social-services-energy,columbus-county-department-of-social-services-emergency,,,,,,,,,,,,,,,,,,,
,153,Craven County Department of Social Services,New Bern,"2818 Neuse Blvd., New Bern, NC 28561",12526364900,Energy Assistance (LIEAP / CIP); Food and Nutrition Services (FNS); Work First Emergency Assistance,"electric_bill, eviction_prevention, gas_bill, reconnect_fee, rent_assistance, snap_benefits, utility_deposit",1,13,"104,167",Craven,28519 28523 28526 28527 28530 28532 28560 28561 28562 28563 28564 28573 28586,NCDHHS Local DSS Directory,craven-county-department-of-social-services-energy,craven-county-department-of-social-services-emergency,,,,,,,,,,,,,,,,,,,
,154,Cumberland County Department of Social Services,Fayetteville,"1225 Ramsey St., Fayetteville, NC 28301",19103231540,Energy Assistance (LIEAP / CIP); Food and Nutrition Services (FNS); Work First Emergency Assistance,"electric_bill, eviction_prevention, gas_bill, reconnect_fee, rent_assistance, snap_benefits, utility_deposit",1,22,"338,430",Cumberland,28301 28302 28303 28304 28305 28306 28307 28308 28309 28311 28312 28314 28318 28331 28344 28348 28356 28371 28382 28390 28391 28395,NCDHHS Local DSS Directory,cumberland-county-department-of-social-services-energy,cumberland-county-department-of-social-services-emergency,,,,,,,,,,,,,,,,,,,
,155,Currituck County Department of Social Services,Currituck,"2793 Caratoke Hwy., Currituck, NC 27929",12522323083,Energy Assistance (LIEAP / CIP); Food and Nutrition Services (FNS); Work First Emergency Assistance,"electric_bill, eviction_prevention, gas_bill, reconnect_fee, rent_assistance, snap_benefits, utility_deposit",1,15,"32,278",Currituck,27916 27917 27923 27927 27929 27939 27941 27947 27950 27956 27958 27964 27965 27966 27973,NCDHHS Local DSS Directory,currituck-county-department-of-social-services-energy,currituck-county-department-of-social-services-emergency,,,,,,,,,,,,,,,,,,,
,156,Dare County Department of Social Services,Manteo,"109 Exeter St., Manteo, NC 27954",12524755500,Energy Assistance (LIEAP / CIP); Food and Nutrition Services (FNS); Work First Emergency Assistance,"electric_bill, eviction_prevention, gas_bill, reconnect_fee, rent_assistance, snap_benefits, utility_deposit",1,8,"38,183",Dare,27915 27948 27949 27953 27954 27959 27978 27981,NCDHHS Local DSS Directory,dare-county-department-of-social-services-energy,dare-county-department-of-social-services-emergency,,,,,,,,,,,,,,,,,,,
,157,Davidson County Department of Social Services,Lexington,"913 Greensboro St., Lexington, NC 27292",13362422500,Energy Assistance (LIEAP / CIP); Food and Nutrition Services (FNS); Work First Emergency Assistance,"electric_bill, eviction_prevention, gas_bill, reconnect_fee, rent_assistance, snap_benefits, utility_deposit",1,12,"177,809",Davidson,27012 27107 27127 27239 27262 27265 27292 27293 27295 27299 27351 27360,NCDHHS Local DSS Directory,davidson-county-department-of-social-services-energy,davidson-county-department-of-social-services-emergency,,,,,,,,,,,,,,,,,,,
,158,Davie County Department of Social Services,Mocksville,"154 Government Center Drive, Mocksville, NC 27028",13367536250,Energy Assistance (LIEAP / CIP); Food and Nutrition Services (FNS); Work First Emergency Assistance,"electric_bill, eviction_prevention, gas_bill, reconnect_fee, rent_assistance, snap_benefits, utility_deposit",1,3,"45,383",Davie,27006 27028 28634,NCDHHS Local DSS Directory,davie-county-department-of-social-services-energy,davie-county-department-of-social-services-emergency,,,,,,,,,,,,,,,,,,,
,159,Duplin County Department of Social Services,Kenansville,"423 N. Main St., Kenansville, NC 28349",19102962200,Energy Assistance (LIEAP / CIP); Food and Nutrition Services (FNS); Work First Emergency Assistance,"electric_bill, eviction_prevention, gas_bill, reconnect_fee, rent_assistance, snap_benefits, utility_deposit",1,14,"50,539",Duplin,28341 28349 28365 28398 28453 28458 28464 28466 28508 28518 28521 28525 28572 28578,NCDHHS Local DSS Directory,duplin-county-department-of-social-services-energy,duplin-county-department-of-social-services-emergency,,,,,,,,,,,,,,,,,,,
,160,Durham County Department of Social Services,Durham,"414 E. Main St., Durham, NC 27702-0810",19195608000,Energy Assistance (LIEAP / CIP); Food and Nutrition Services (FNS); Work First Emergency Assistance,"electric_bill, eviction_prevention, gas_bill, reconnect_fee, rent_assistance, snap_benefits, utility_deposit",1,16,"343,628",Durham,27503 27517 27560 27572 27701 27702 27703 27704 27705 27707 27709 27712 27713 27715 27717 27722,NCDHHS Local DSS Directory,durham-county-department-of-social-services-energy,durham-county-department-of-social-services-emergency,,,,,,,,,,,,,,,,,,,
,161,Edgecombe County Department of Social Services,Tarboro,"122 E. St. James St., Tarboro, NC 27886",12526417611,Energy Assistance (LIEAP / CIP); Food and Nutrition Services (FNS); Work First Emergency Assistance,"electric_bill, eviction_prevention, gas_bill, reconnect_fee, rent_assistance, snap_benefits, utility_deposit",1,11,"49,124",Edgecombe,27801 27802 27803 27809 27812 27829 27843 27852 27864 27886 27891,NCDHHS Local DSS Directory,edgecombe-county-department-of-social-services-energy,edgecombe-county-department-of-social-services-emergency,,,,,,,,,,,,,,,,,,,
,162,Forsyth County Department of Social Services,Winston-Salem,"741 North Highland Ave., Winston-Salem, NC 27101",13367033800,Energy Assistance (LIEAP / CIP); Food and Nutrition Services (FNS); Work First Emergency Assistance,"electric_bill, eviction_prevention, gas_bill, reconnect_fee, rent_assistance, snap_benefits, utility_deposit",1,28,"398,143",Forsyth,27009 27010 27012 27019 27023 27040 27045 27050 27051 27052 27101 27102 27103 27104 27105 27106 27107 27109 27113 27114 27115 27116 27117 27120 27127 27130 27284 27285,NCDHHS Local DSS Directory,forsyth-county-department-of-social-services-energy,forsyth-county-department-of-social-services-emergency,,,,,,,,,,,,,,,,,,,
,163,Franklin County Department of Social Services,Louisburg,"107 Industrial Drive, Louisburg, NC 27549",19194965721,Energy Assistance (LIEAP / CIP); Food and Nutrition Services (FNS); Work First Emergency Assistance,"electric_bill, eviction_prevention, gas_bill, reconnect_fee, rent_assistance, snap_benefits, utility_deposit",1,9,"79,771",Franklin,27508 27525 27544 27549 27589 27596 27597 27816 27882,NCDHHS Local DSS Directory,franklin-county-department-of-social-services-energy,franklin-county-department-of-social-services-emergency,,,,,,,,,,,,,,,,,,,
,164,Gaston County Department of Social Services,Gastonia,"330 Dr. Martin Luther King Jr. Way, Gastonia, NC 28052",17048627500,Energy Assistance (LIEAP / CIP); Food and Nutrition Services (FNS); Work First Emergency Assistance,"electric_bill, eviction_prevention, gas_bill, reconnect_fee, rent_assistance, snap_benefits, utility_deposit",1,19,"242,010",Gaston,28006 28012 28016 28021 28032 28033 28034 28052 28053 28054 28055 28056 28077 28086 28092 28098 28101 28120 28164,NCDHHS Local DSS Directory,gaston-county-department-of-social-services-energy,gaston-county-department-of-social-services-emergency,,,,,,,,,,,,,,,,,,,
,165,Gates County Department of Social Services,Gatesville,"122 Main St., Gatesville, NC 27938",12523570075,Energy Assistance (LIEAP / CIP); Food and Nutrition Services (FNS); Work First Emergency Assistance,"electric_bill, eviction_prevention, gas_bill, reconnect_fee, rent_assistance, snap_benefits, utility_deposit",1,7,"10,299",Gates,27926 27935 27937 27938 27946 27969 27979,NCDHHS Local DSS Directory,gates-county-department-of-social-services-energy,gates-county-department-of-social-services-emergency,,,,,,,,,,,,,,,,,,,
,166,Graham County Department of Social Services,Robbinsville,"191 P & J Road, Robbinsville, NC 28771",18284797911,Energy Assistance (LIEAP / CIP); Food and Nutrition Services (FNS); Work First Emergency Assistance,"electric_bill, eviction_prevention, gas_bill, reconnect_fee, rent_assistance, snap_benefits, utility_deposit",1,3,"8,179",Graham,28702 28733 28771,NCDHHS Local DSS Directory,graham-county-department-of-social-services-energy,graham-county-department-of-social-services-emergency,,,,,,,,,,,,,,,,,,,
,167,Granville County Department of Social Services,,"410 West Spring St., Oxford NC 27565",19196931511,Energy Assistance (LIEAP / CIP); Food and Nutrition Services (FNS); Work First Emergency Assistance,"electric_bill, eviction_prevention, gas_bill, reconnect_fee, rent_assistance, snap_benefits, utility_deposit",1,8,"61,544",Granville,27507 27509 27522 27525 27544 27565 27572 27581,NCDHHS Local DSS Directory,granville-county-department-of-social-services-energy,granville-county-department-of-social-services-emergency,,,,,,,,,,,,,,,,,,,
,168,Greene County Department of Social Services,Snow Hill,"227 Kingold Blvd. Suite A, Snow Hill, NC 28580",12527475932,Energy Assistance (LIEAP / CIP); Food and Nutrition Services (FNS); Work First Emergency Assistance,"electric_bill, eviction_prevention, gas_bill, reconnect_fee, rent_assistance, snap_benefits, utility_deposit",1,7,"20,671",Greene,27828 27883 27888 28513 28538 28551 28580,NCDHHS Local DSS Directory,greene-county-department-of-social-services-energy,greene-county-department-of-social-services-emergency,,,,,,,,,,,,,,,,,,,
,169,Guilford County Department of Social Services,Greensboro,"1203 Maple St., Greensboro, NC 27405",13366413000,Energy Assistance (LIEAP / CIP); Food and Nutrition Services (FNS); Work First Emergency Assistance,"electric_bill, eviction_prevention, gas_bill, reconnect_fee, rent_assistance, snap_benefits, utility_deposit",1,40,"558,816",Guilford,27214 27233 27235 27249 27260 27261 27262 27263 27264 27265 27282 27283 27284 27298 27301 27310 27313 27357 27358 27377 27401 27402 27403 27404 27405 27406 27407 27408 27409 27410 27415 27416 27417 27419 27420 27425 27429 27435 27438 27455,NCDHHS Local DSS Directory,guilford-county-department-of-social-services-energy,guilford-county-department-of-social-services-emergency,,,,,,,,,,,,,,,,,,,
,170,Halifax County Department of Social Services,Halifax,"4421 Hwy 301, Halifax, NC 27839",12525362511,Energy Assistance (LIEAP / CIP); Food and Nutrition Services (FNS); Work First Emergency Assistance,"electric_bill, eviction_prevention, gas_bill, reconnect_fee, rent_assistance, snap_benefits, utility_deposit",1,8,"46,992",Halifax,27823 27839 27843 27844 27850 27870 27874 27890,NCDHHS Local DSS Directory,halifax-county-department-of-social-services-energy,halifax-county-department-of-social-services-emergency,,,,,,,,,,,,,,,,,,,
,171,Harnett County Department of Social Services,Lillington,"311 Cornelius Harnett Blvd., Lillington, NC 27546",19108937500,Energy Assistance (LIEAP / CIP); Food and Nutrition Services (FNS); Work First Emergency Assistance,"electric_bill, eviction_prevention, gas_bill, reconnect_fee, rent_assistance, snap_benefits, utility_deposit",1,13,"146,096",Harnett,27332 27501 27505 27521 27526 27546 28323 28326 28334 28339 28356 28368 28390,NCDHHS Local DSS Directory,harnett-county-department-of-social-services-energy,harnett-county-department-of-social-services-emergency,,,,,,,,,,,,,,,,,,,
,172,Haywood County Department of Social Services,Clyde,"157 Paragon Parkway, Suite 300, Clyde, NC 28721",18284526620,Energy Assistance (LIEAP / CIP); Food and Nutrition Services (FNS); Work First Emergency Assistance,"electric_bill, eviction_prevention, gas_bill, reconnect_fee, rent_assistance, snap_benefits, utility_deposit",1,7,"63,048",Haywood,28716 28721 28738 28745 28751 28785 28786,NCDHHS Local DSS Directory,haywood-county-department-of-social-services-energy,haywood-county-department-of-social-services-emergency,,,,,,,,,,,,,,,,,,,
,173,Henderson County Department of Social Services,,"1200 Spartanburg Hwy., Suite 300, Hendersonville, N.C.  28792",18286975500,Energy Assistance (LIEAP / CIP); Food and Nutrition Services (FNS); Work First Emergency Assistance,"electric_bill, eviction_prevention, gas_bill, reconnect_fee, rent_assistance, snap_benefits, utility_deposit",1,19,"120,771",Henderson,28724 28726 28727 28729 28731 28732 28735 28739 28742 28758 28759 28760 28766 28773 28784 28790 28791 28792 28793,NCDHHS Local DSS Directory,henderson-county-department-of-social-services-energy,henderson-county-department-of-social-services-emergency,,,,,,,,,,,,,,,,,,,
,174,Hertford County Department of Social Services,Winton,"704 N King St., Winton, NC 27986",12523587830,Energy Assistance (LIEAP / CIP); Food and Nutrition Services (FNS); Work First Emergency Assistance,"electric_bill, eviction_prevention, gas_bill, reconnect_fee, rent_assistance, snap_benefits, utility_deposit",1,8,"19,169",Hertford,27805 27818 27855 27897 27910 27922 27942 27986,NCDHHS Local DSS Directory,hertford-county-department-of-social-services-energy,hertford-county-department-of-social-services-emergency,,,,,,,,,,,,,,,,,,,
,175,Hoke County Department of Social Services,Raeford,"314 South Magnolia St., Raeford, NC 28376",19108758725,Energy Assistance (LIEAP / CIP); Food and Nutrition Services (FNS); Work First Emergency Assistance,"electric_bill, eviction_prevention, gas_bill, reconnect_fee, rent_assistance, snap_benefits, utility_deposit",1,5,"55,382",Hoke,28315 28357 28376 28377 28386,NCDHHS Local DSS Directory,hoke-county-department-of-social-services-energy,hoke-county-department-of-social-services-emergency,,,,,,,,,,,,,,,,,,,
,176,Hyde County Department of Social Services,Engelhard,"35015 US Hwy 264, Engelhard, NC  27824",12529264199,Energy Assistance (LIEAP / CIP); Food and Nutrition Services (FNS); Work First Emergency Assistance,"electric_bill, eviction_prevention, gas_bill, reconnect_fee, rent_assistance, snap_benefits, utility_deposit",1,6,"4,583",Hyde,27810 27824 27826 27860 27875 27885,NCDHHS Local DSS Directory,hyde-county-department-of-social-services-energy,hyde-county-department-of-social-services-emergency,,,,,,,,,,,,,,,,,,,
,177,Iredell County Department of Social Services,Statesville,"549 Eastside Drive, Statesville, NC 28625",17048735631,Energy Assistance (LIEAP / CIP); Food and Nutrition Services (FNS); Work First Emergency Assistance,"electric_bill, eviction_prevention, gas_bill, reconnect_fee, rent_assistance, snap_benefits, utility_deposit",1,14,"206,361",Iredell,27013 27020 28115 28117 28123 28125 28166 28625 28634 28660 28677 28678 28687 28689,NCDHHS Local DSS Directory,iredell-county-department-of-social-services-energy,iredell-county-department-of-social-services-emergency,,,,,,,,,,,,,,,,,,,
,178,Jackson County Department of Social Services,Sylva,"15 Griffin St., Sylva, NC 28779",18285865546,Energy Assistance (LIEAP / CIP); Food and Nutrition Services (FNS); Work First Emergency Assistance,"electric_bill, eviction_prevention, gas_bill, reconnect_fee, rent_assistance, snap_benefits, utility_deposit",1,11,"45,281",Jackson,28717 28719 28723 28725 28736 28741 28774 28779 28783 28788 28789,NCDHHS Local DSS Directory,jackson-county-department-of-social-services-energy,jackson-county-department-of-social-services-emergency,,,,,,,,,,,,,,,,,,,
,179,Johnston County Department of Social Services,Smithfield,"714 North St., Smithfield, NC 27577",19199895300,Energy Assistance (LIEAP / CIP); Food and Nutrition Services (FNS); Work First Emergency Assistance,"electric_bill, eviction_prevention, gas_bill, reconnect_fee, rent_assistance, snap_benefits, utility_deposit",1,19,"249,794",Johnston,27501 27504 27520 27524 27527 27528 27529 27542 27557 27568 27569 27576 27577 27591 27592 27593 27597 28334 28366,NCDHHS Local DSS Directory,johnston-county-department-of-social-services-energy,johnston-county-department-of-social-services-emergency,,,,,,,,,,,,,,,,,,,
,180,Jones County Department of Social Services,Trenton,"418 NC HWY 58 N., Unit D, Trenton, NC 28585",12524482581,Energy Assistance (LIEAP / CIP); Food and Nutrition Services (FNS); Work First Emergency Assistance,"electric_bill, eviction_prevention, gas_bill, reconnect_fee, rent_assistance, snap_benefits, utility_deposit",1,5,"9,462",Jones,28526 28555 28572 28573 28585,NCDHHS Local DSS Directory,jones-county-department-of-social-services-energy,jones-county-department-of-social-services-emergency,,,,,,,,,,,,,,,,,,,
,181,Lee County Department of Social Services,Sanford,"530 Carthage St., Sanford, NC 27330",19197184690,Energy Assistance (LIEAP / CIP); Food and Nutrition Services (FNS); Work First Emergency Assistance,"electric_bill, eviction_prevention, gas_bill, reconnect_fee, rent_assistance, snap_benefits, utility_deposit",1,6,"68,537",Lee,27330 27331 27332 27505 28326 28355,NCDHHS Local DSS Directory,lee-county-department-of-social-services-energy,lee-county-department-of-social-services-emergency,,,,,,,,,,,,,,,,,,,
,182,Lenoir County Department of Social Services,Kinston,"130 W. King St., Kinston, NC 28502",12525596400,Energy Assistance (LIEAP / CIP); Food and Nutrition Services (FNS); Work First Emergency Assistance,"electric_bill, eviction_prevention, gas_bill, reconnect_fee, rent_assistance, snap_benefits, utility_deposit",1,8,"55,332",Lenoir,28501 28504 28525 28530 28538 28551 28572 28578,NCDHHS Local DSS Directory,lenoir-county-department-of-social-services-energy,lenoir-county-department-of-social-services-emergency,,,,,,,,,,,,,,,,,,,
,183,Lincoln County Department of Social Services,Lincolnton,"1136 E. Main St., Lincolnton, NC 28093",17047320738,Energy Assistance (LIEAP / CIP); Food and Nutrition Services (FNS); Work First Emergency Assistance,"electric_bill, eviction_prevention, gas_bill, reconnect_fee, rent_assistance, snap_benefits, utility_deposit",1,10,"97,611",Lincoln,28006 28021 28033 28037 28080 28092 28093 28164 28168 28650,NCDHHS Local DSS Directory,lincoln-county-department-of-social-services-energy,lincoln-county-department-of-social-services-emergency,,,,,,,,,,,,,,,,,,,
,184,Macon County Department of Social Services,Franklin,"1832 Lakeside Drive, Franklin, NC 28734",18283492124,Energy Assistance (LIEAP / CIP); Food and Nutrition Services (FNS); Work First Emergency Assistance,"electric_bill, eviction_prevention, gas_bill, reconnect_fee, rent_assistance, snap_benefits, utility_deposit",1,6,"38,717",Macon,28734 28741 28744 28763 28775 28781,NCDHHS Local DSS Directory,macon-county-department-of-social-services-energy,macon-county-department-of-social-services-emergency,,,,,,,,,,,,,,,,,,,
,185,Madison County Department of Social Services,Marshall,"5707 U.S. Hwy 25/70, Suite 1, Marshall, NC 28753",18286499498,Energy Assistance (LIEAP / CIP); Food and Nutrition Services (FNS); Work First Emergency Assistance,"electric_bill, eviction_prevention, gas_bill, reconnect_fee, rent_assistance, snap_benefits, utility_deposit",1,3,"22,352",Madison,28743 28753 28754,NCDHHS Local DSS Directory,madison-county-department-of-social-services-energy,madison-county-department-of-social-services-emergency,,,,,,,,,,,,,,,,,,,
,186,Martin County Department of Social Services,Williamston,"305 E. Main St., Williamston, NC 27892",12527894400,Energy Assistance (LIEAP / CIP); Food and Nutrition Services (FNS); Work First Emergency Assistance,"electric_bill, eviction_prevention, gas_bill, reconnect_fee, rent_assistance, snap_benefits, utility_deposit",1,7,"21,523",Martin,27825 27840 27843 27846 27857 27871 27892,NCDHHS Local DSS Directory,martin-county-department-of-social-services-energy,martin-county-department-of-social-services-emergency,,,,,,,,,,,,,,,,,,,
,187,McDowell County Department of Social Services,Marion,"145 E. Court St., Marion, NC 28752",18286523355,Energy Assistance (LIEAP / CIP); Food and Nutrition Services (FNS); Work First Emergency Assistance,"electric_bill, eviction_prevention, gas_bill, reconnect_fee, rent_assistance, snap_benefits, utility_deposit",1,5,"45,269",McDowell,28167 28749 28752 28761 28762,NCDHHS Local DSS Directory,mcdowell-county-department-of-social-services-energy,mcdowell-county-department-of-social-services-emergency,,,,,,,,,,,,,,,,,,,
,188,Mecklenburg County Department of Social Services,Charlotte,"430 Stitt Road, Charlotte, NC 28213",17043363000,Energy Assistance (LIEAP / CIP); Food and Nutrition Services (FNS); Work First Emergency Assistance,"electric_bill, eviction_prevention, gas_bill, reconnect_fee, rent_assistance, snap_benefits, utility_deposit",1,55,"1,206,285",Mecklenburg,28031 28036 28070 28078 28105 28106 28126 28130 28134 28202 28203 28204 28205 28206 28207 28208 28209 28210 28211 28212 28213 28214 28215 28216 28217 28219 28220 28221 28222 28224 28226 28227 28228 28229 28230 28231 28232 28233 28234 28235 28236 28237 28241 28247 28256 28262 28266 28269 28270 28271 28273 28277 28278 28297 28299,NCDHHS Local DSS Directory,mecklenburg-county-department-of-social-services-energy,mecklenburg-county-department-of-social-services-emergency,,,,,,,,,,,,,,,,,,,
,189,Mitchell County Department of Social Services,Bakersville,"347 Long View Drive, Bakersville, NC 28705",18286882175,Energy Assistance (LIEAP / CIP); Food and Nutrition Services (FNS); Work First Emergency Assistance,"electric_bill, eviction_prevention, gas_bill, reconnect_fee, rent_assistance, snap_benefits, utility_deposit",1,3,"15,030",Mitchell,28705 28740 28777,NCDHHS Local DSS Directory,mitchell-county-department-of-social-services-energy,mitchell-county-department-of-social-services-emergency,,,,,,,,,,,,,,,,,,,
,190,Montgomery County Department of Social Services,Troy,"102 E. Spring St., Drawer N, Troy, NC 27371",19105766531,Energy Assistance (LIEAP / CIP); Food and Nutrition Services (FNS); Work First Emergency Assistance,"electric_bill, eviction_prevention, gas_bill, reconnect_fee, rent_assistance, snap_benefits, utility_deposit",1,8,"26,364",Montgomery,27209 27229 27281 27306 27341 27356 27371 28127,NCDHHS Local DSS Directory,montgomery-county-department-of-social-services-energy,montgomery-county-department-of-social-services-emergency,,,,,,,,,,,,,,,,,,,
,191,Moore County Department of Social Services,Carthage,"1036 Carriage Oaks Drive, Carthage, NC 28327",19109472436,Energy Assistance (LIEAP / CIP); Food and Nutrition Services (FNS); Work First Emergency Assistance,"electric_bill, eviction_prevention, gas_bill, reconnect_fee, rent_assistance, snap_benefits, utility_deposit",1,18,"108,417",Moore,27208 27209 27242 27281 27325 27341 27356 27376 28315 28326 28327 28350 28370 28373 28374 28387 28388 28394,NCDHHS Local DSS Directory,moore-county-department-of-social-services-energy,moore-county-department-of-social-services-emergency,,,,,,,,,,,,,,,,,,,
,192,Nash County Department of Social Services,,"120 Washington St. Nashville, NC 27856",12524599818,Energy Assistance (LIEAP / CIP); Food and Nutrition Services (FNS); Work First Emergency Assistance,"electric_bill, eviction_prevention, gas_bill, reconnect_fee, rent_assistance, snap_benefits, utility_deposit",1,11,"97,990",Nash,27557 27803 27804 27807 27809 27816 27822 27856 27868 27882 27891,NCDHHS Local DSS Directory,nash-county-department-of-social-services-energy,nash-county-department-of-social-services-emergency,,,,,,,,,,,,,,,,,,,
,193,New Hanover County Department of Social Services,Wilmington,"1650 Greenfield St., Wilmington, NC 28401",19107983500,Energy Assistance (LIEAP / CIP); Food and Nutrition Services (FNS); Work First Emergency Assistance,"electric_bill, eviction_prevention, gas_bill, reconnect_fee, rent_assistance, snap_benefits, utility_deposit",1,14,"243,333",New Hanover,28401 28402 28403 28404 28405 28406 28408 28409 28411 28412 28428 28429 28449 28480,NCDHHS Local DSS Directory,new-hanover-county-department-of-social-services-energy,new-hanover-county-department-of-social-services-emergency,,,,,,,,,,,,,,,,,,,
,194,Northampton County Department of Social Services,Jackson,"9588 NC 305 HWY, Jackson, NC 27845",12525345811,Energy Assistance (LIEAP / CIP); Food and Nutrition Services (FNS); Work First Emergency Assistance,"electric_bill, eviction_prevention, gas_bill, reconnect_fee, rent_assistance, snap_benefits, utility_deposit",1,12,"16,580",Northampton,27820 27831 27832 27842 27845 27853 27855 27862 27866 27869 27876 27897,NCDHHS Local DSS Directory,northampton-county-department-of-social-services-energy,northampton-county-department-of-social-services-emergency,,,,,,,,,,,,,,,,,,,
,195,Onslow County Department of Social Services,Jacksonville,"612 College St., Jacksonville, NC 28540",19104554145,Energy Assistance (LIEAP / CIP); Food and Nutrition Services (FNS); Work First Emergency Assistance,"electric_bill, eviction_prevention, gas_bill, reconnect_fee, rent_assistance, snap_benefits, utility_deposit",1,18,"212,954",Onslow,28445 28454 28460 28518 28521 28539 28540 28541 28542 28543 28544 28545 28546 28547 28555 28574 28582 28584,NCDHHS Local DSS Directory,onslow-county-department-of-social-services-energy,onslow-county-department-of-social-services-emergency,,,,,,,,,,,,,,,,,,,
,196,Orange County Department of Social Services,Hillsborough,"113 Mayo St., Hillsborough, NC 27278",19192452800,Energy Assistance (LIEAP / CIP); Food and Nutrition Services (FNS); Work First Emergency Assistance,"electric_bill, eviction_prevention, gas_bill, reconnect_fee, rent_assistance, snap_benefits, utility_deposit",1,12,"152,877",Orange,27231 27243 27278 27302 27510 27514 27515 27516 27517 27541 27572 27705,NCDHHS Local DSS Directory,orange-county-department-of-social-services-energy,orange-county-department-of-social-services-emergency,,,,,,,,,,,,,,,,,,,
,197,Pamlico County Department of Social Services,Bayboro,"828 Alliance Main St., Bayboro, NC 28515",12527454086,Energy Assistance (LIEAP / CIP); Food and Nutrition Services (FNS); Work First Emergency Assistance,"electric_bill, eviction_prevention, gas_bill, reconnect_fee, rent_assistance, snap_benefits, utility_deposit",1,9,"12,550",Pamlico,28510 28515 28529 28537 28552 28556 28560 28571 28587,NCDHHS Local DSS Directory,pamlico-county-department-of-social-services-energy,pamlico-county-department-of-social-services-emergency,,,,,,,,,,,,,,,,,,,
,198,Pasquotank County Department of Social Services,Elizabeth City,"709 Roanoke Ave., Elizabeth City, NC 27909",12523382126,Energy Assistance (LIEAP / CIP); Food and Nutrition Services (FNS); Work First Emergency Assistance,"electric_bill, eviction_prevention, gas_bill, reconnect_fee, rent_assistance, snap_benefits, utility_deposit",1,3,"41,418",Pasquotank,27906 27907 27909,NCDHHS Local DSS Directory,pasquotank-county-department-of-social-services-energy,pasquotank-county-department-of-social-services-emergency,,,,,,,,,,,,,,,,,,,
,199,Pender County Department of Social Services,Burgaw,"298-B Progress Drive, Burgaw, NC 28425",19102591240,Energy Assistance (LIEAP / CIP); Food and Nutrition Services (FNS); Work First Emergency Assistance,"electric_bill, eviction_prevention, gas_bill, reconnect_fee, rent_assistance, snap_benefits, utility_deposit",1,12,"70,077",Pender,28411 28421 28425 28435 28443 28445 28447 28448 28454 28457 28466 28478,NCDHHS Local DSS Directory,pender-county-department-of-social-services-energy,pender-county-department-of-social-services-emergency,,,,,,,,,,,,,,,,,,,
,200,Perquimans County Department of Social Services,Hertford,"103 Charles St., Hertford, NC 27944",12524267373,Energy Assistance (LIEAP / CIP); Food and Nutrition Services (FNS); Work First Emergency Assistance,"electric_bill, eviction_prevention, gas_bill, reconnect_fee, rent_assistance, snap_benefits, utility_deposit",1,3,"13,460",Perquimans,27919 27944 27980,NCDHHS Local DSS Directory,perquimans-county-department-of-social-services-energy,perquimans-county-department-of-social-services-emergency,,,,,,,,,,,,,,,,,,,
,201,Person County Department of Social Services,Roxboro,"355-B S. Madison Blvd., Roxboro, NC 27573",13365998361,Energy Assistance (LIEAP / CIP); Food and Nutrition Services (FNS); Work First Emergency Assistance,"electric_bill, eviction_prevention, gas_bill, reconnect_fee, rent_assistance, snap_benefits, utility_deposit",1,7,"40,143",Person,27291 27343 27541 27572 27573 27574 27583,NCDHHS Local DSS Directory,person-county-department-of-social-services-energy,person-county-department-of-social-services-emergency,,,,,,,,,,,,,,,,,,,
,202,Pitt County Department of Social Services,Greenville,"1717 W. Fifth St., Greenville, NC 27834",12529021110,Energy Assistance (LIEAP / CIP); Food and Nutrition Services (FNS); Work First Emergency Assistance,"electric_bill, eviction_prevention, gas_bill, reconnect_fee, rent_assistance, snap_benefits, utility_deposit",1,17,"180,783",Pitt,27812 27828 27829 27833 27834 27835 27836 27837 27858 27871 27879 27884 27888 27889 28513 28530 28590,NCDHHS Local DSS Directory,pitt-county-department-of-social-services-energy,pitt-county-department-of-social-services-emergency,,,,,,,,,,,,,,,,,,,
,203,Polk County Department of Social Services,,"231 Wolverine Trail, Mill Spring, 28756",18288942100,Energy Assistance (LIEAP / CIP); Food and Nutrition Services (FNS); Work First Emergency Assistance,"electric_bill, eviction_prevention, gas_bill, reconnect_fee, rent_assistance, snap_benefits, utility_deposit",1,5,"20,320",Polk,28139 28722 28756 28773 28782,NCDHHS Local DSS Directory,polk-county-department-of-social-services-energy,polk-county-department-of-social-services-emergency,,,,,,,,,,,,,,,,,,,
,204,Randolph County Department of Social Services,Asheboro,"1512 N. Fayetteville St., Asheboro, NC 27204-3239",13366838000,Energy Assistance (LIEAP / CIP); Food and Nutrition Services (FNS); Work First Emergency Assistance,"electric_bill, eviction_prevention, gas_bill, reconnect_fee, rent_assistance, snap_benefits, utility_deposit",1,16,"148,389",Randolph,27203 27205 27208 27233 27239 27248 27263 27298 27313 27316 27317 27341 27350 27355 27360 27370,NCDHHS Local DSS Directory,randolph-county-department-of-social-services-energy,randolph-county-department-of-social-services-emergency,,,,,,,,,,,,,,,,,,,
,205,Richmond County Department of Social Services,Rockingham,"125 Caroline St., Rockingham, NC 28379",19109978480,Energy Assistance (LIEAP / CIP); Food and Nutrition Services (FNS); Work First Emergency Assistance,"electric_bill, eviction_prevention, gas_bill, reconnect_fee, rent_assistance, snap_benefits, utility_deposit",1,8,"41,990",Richmond,27229 27306 28338 28345 28347 28363 28379 28380,NCDHHS Local DSS Directory,richmond-county-department-of-social-services-energy,richmond-county-department-of-social-services-emergency,,,,,,,,,,,,,,,,,,,
,206,Robeson County Department of Social Services,Lumberton,"120 Glen Cowan Road, Lumberton, NC 28360",19106713500,Energy Assistance (LIEAP / CIP); Food and Nutrition Services (FNS); Work First Emergency Assistance,"electric_bill, eviction_prevention, gas_bill, reconnect_fee, rent_assistance, snap_benefits, utility_deposit",1,13,"118,624",Robeson,28340 28357 28358 28359 28360 28364 28369 28371 28372 28377 28383 28384 28386,NCDHHS Local DSS Directory,robeson-county-department-of-social-services-energy,robeson-county-department-of-social-services-emergency,,,,,,,,,,,,,,,,,,,
,207,Rockingham County Department of Social Services,Wentworth,"411 NC HWY 65, Wentworth, NC 27375",13363421394,Energy Assistance (LIEAP / CIP); Food and Nutrition Services (FNS); Work First Emergency Assistance,"electric_bill, eviction_prevention, gas_bill, reconnect_fee, rent_assistance, snap_benefits, utility_deposit",1,11,"93,517",Rockingham,27025 27027 27048 27214 27288 27289 27311 27320 27326 27357 27358,NCDHHS Local DSS Directory,rockingham-county-department-of-social-services-energy,rockingham-county-department-of-social-services-emergency,,,,,,,,,,,,,,,,,,,
,208,Rowan County Department of Social Services,Salisbury,"1813 E. Innes St., Salisbury, NC 28146",17042168330,Energy Assistance (LIEAP / CIP); Food and Nutrition Services (FNS); Work First Emergency Assistance,"electric_bill, eviction_prevention, gas_bill, reconnect_fee, rent_assistance, snap_benefits, utility_deposit",1,19,"153,384",Rowan,27013 27054 28023 28039 28041 28071 28072 28081 28083 28088 28115 28125 28137 28138 28144 28145 28146 28147 28159,NCDHHS Local DSS Directory,rowan-county-department-of-social-services-energy,rowan-county-department-of-social-services-emergency,,,,,,,,,,,,,,,,,,,
,209,Rutherford County Department of Social Services,Spindale,"389 Fairground Road, Spindale, NC 28160",18282876165,Energy Assistance (LIEAP / CIP); Food and Nutrition Services (FNS); Work First Emergency Assistance,"electric_bill, eviction_prevention, gas_bill, reconnect_fee, rent_assistance, snap_benefits, utility_deposit",1,10,"65,587",Rutherford,28018 28020 28040 28043 28114 28139 28160 28167 28720 28746,NCDHHS Local DSS Directory,rutherford-county-department-of-social-services-energy,rutherford-county-department-of-social-services-emergency,,,,,,,,,,,,,,,,,,,
,210,Sampson County Department of Social Services,Clinton,"360 County Complex Road, Suite 100, Clinton, NC 28328",19105927131,Energy Assistance (LIEAP / CIP); Food and Nutrition Services (FNS); Work First Emergency Assistance,"electric_bill, eviction_prevention, gas_bill, reconnect_fee, rent_assistance, snap_benefits, utility_deposit",1,16,"60,404",Sampson,28318 28328 28329 28334 28341 28344 28366 28382 28385 28393 28441 28444 28447 28453 28458 28478,NCDHHS Local DSS Directory,sampson-county-department-of-social-services-energy,sampson-county-department-of-social-services-emergency,,,,,,,,,,,,,,,,,,,
,211,Scotland County Department of Social Services,Laurinburg,"1405 West Blvd., Laurinburg, NC 28353",19102772500,Energy Assistance (LIEAP / CIP); Food and Nutrition Services (FNS); Work First Emergency Assistance,"electric_bill, eviction_prevention, gas_bill, reconnect_fee, rent_assistance, snap_benefits, utility_deposit",1,6,"33,898",Scotland,28343 28351 28352 28353 28363 28396,NCDHHS Local DSS Directory,scotland-county-department-of-social-services-energy,scotland-county-department-of-social-services-emergency,,,,,,,,,,,,,,,,,,,
,212,Stanly County Department of Social Services,Albemarle,"1000 N. First St., Suite 2, Albemarle, NC 28001",17049826100,Energy Assistance (LIEAP / CIP); Food and Nutrition Services (FNS); Work First Emergency Assistance,"electric_bill, eviction_prevention, gas_bill, reconnect_fee, rent_assistance, snap_benefits, utility_deposit",1,11,"67,326",Stanly,28001 28002 28009 28071 28097 28124 28127 28128 28129 28137 28163,NCDHHS Local DSS Directory,stanly-county-department-of-social-services-energy,stanly-county-department-of-social-services-emergency,,,,,,,,,,,,,,,,,,,
,213,Stokes County Department of Social Services,Danbury,"1010 N. Main St., Danbury, NC 27016",13365932861,Energy Assistance (LIEAP / CIP); Food and Nutrition Services (FNS); Work First Emergency Assistance,"electric_bill, eviction_prevention, gas_bill, reconnect_fee, rent_assistance, snap_benefits, utility_deposit",1,12,"45,857",Stokes,27016 27019 27021 27022 27025 27041 27042 27043 27046 27050 27052 27053,NCDHHS Local DSS Directory,stokes-county-department-of-social-services-energy,stokes-county-department-of-social-services-emergency,,,,,,,,,,,,,,,,,,,
,214,Surry County Department of Social Services,Dobson,"118 Hamby Road, Dobson, NC 27017",13364018700,Energy Assistance (LIEAP / CIP); Food and Nutrition Services (FNS); Work First Emergency Assistance,"electric_bill, eviction_prevention, gas_bill, reconnect_fee, rent_assistance, snap_benefits, utility_deposit",1,12,"71,547",Surry,27007 27017 27024 27030 27041 27043 27047 27049 27053 28621 28676 28683,NCDHHS Local DSS Directory,surry-county-department-of-social-services-energy,surry-county-department-of-social-services-emergency,,,,,,,,,,,,,,,,,,,
,215,Swain County Department of Social Services,Bryson City,"80 Academy St., Bryson City, NC 28713",18284886921,Energy Assistance (LIEAP / CIP); Food and Nutrition Services (FNS); Work First Emergency Assistance,"electric_bill, eviction_prevention, gas_bill, reconnect_fee, rent_assistance, snap_benefits, utility_deposit",1,3,"13,945",Swain,28713 28719 28789,NCDHHS Local DSS Directory,swain-county-department-of-social-services-energy,swain-county-department-of-social-services-emergency,,,,,,,,,,,,,,,,,,,
,216,Transylvania County Department of Social Services,Brevard,"106 E. Morgan St., Brevard, NC 28712",18288843174,Energy Assistance (LIEAP / CIP); Food and Nutrition Services (FNS); Work First Emergency Assistance,"electric_bill, eviction_prevention, gas_bill, reconnect_fee, rent_assistance, snap_benefits, utility_deposit",1,9,"34,103",Transylvania,28708 28712 28718 28742 28747 28766 28768 28772 28774,NCDHHS Local DSS Directory,transylvania-county-department-of-social-services-energy,transylvania-county-department-of-social-services-emergency,,,,,,,,,,,,,,,,,,,
,217,Tyrrell County Department of Social Services,Columbia,"102 N. Road St., Columbia, NC 27925",12527963421,Energy Assistance (LIEAP / CIP); Food and Nutrition Services (FNS); Work First Emergency Assistance,"electric_bill, eviction_prevention, gas_bill, reconnect_fee, rent_assistance, snap_benefits, utility_deposit",1,3,"3,517",Tyrrell,27826 27925 27928,NCDHHS Local DSS Directory,tyrrell-county-department-of-social-services-energy,tyrrell-county-department-of-social-services-emergency,,,,,,,,,,,,,,,,,,,
,218,Union County Department of Social Services,Monroe,"2330 Concord Avenue, Monroe, NC 28110",17042964300,Energy Assistance (LIEAP / CIP); Food and Nutrition Services (FNS); Work First Emergency Assistance,"electric_bill, eviction_prevention, gas_bill, reconnect_fee, rent_assistance, snap_benefits, utility_deposit",1,9,"263,386",Union,28079 28103 28104 28110 28111 28112 28133 28173 28174,NCDHHS Local DSS Directory,union-county-department-of-social-services-energy,union-county-department-of-social-services-emergency,,,,,,,,,,,,,,,,,,,
,219,Vance County Department of Social Services,Henderson,"500 North Beckford Drive Suite C, Henderson, NC 27536",12524925001,Energy Assistance (LIEAP / CIP); Food and Nutrition Services (FNS); Work First Emergency Assistance,"electric_bill, eviction_prevention, gas_bill, reconnect_fee, rent_assistance, snap_benefits, utility_deposit",1,5,"42,337",Vance,27507 27536 27537 27544 27553,NCDHHS Local DSS Directory,vance-county-department-of-social-services-energy,vance-county-department-of-social-services-emergency,,,,,,,,,,,,,,,,,,,
,220,Wake County Department of Social Services,Raleigh,"220 Swinburne St., Raleigh, NC 27620",19192127000,Energy Assistance (LIEAP / CIP); Food and Nutrition Services (FNS); Work First Emergency Assistance,"electric_bill, eviction_prevention, gas_bill, reconnect_fee, rent_assistance, snap_benefits, utility_deposit",1,49,"1,232,444",Wake,27502 27511 27512 27513 27518 27519 27523 27526 27529 27539 27540 27545 27560 27562 27571 27587 27588 27591 27592 27597 27601 27602 27603 27604 27605 27606 27607 27608 27609 27610 27611 27612 27613 27614 27615 27616 27617 27619 27620 27622 27623 27624 27627 27628 27629 27636 27658 27661 27675,NCDHHS Local DSS Directory,wake-county-department-of-social-services-energy,wake-county-department-of-social-services-emergency,,,,,,,,,,,,,,,,,,,
,221,Warren County Department of Social Services,Warrenton,"307 N. Main St., Warrenton, NC 27589",12522575000,Energy Assistance (LIEAP / CIP); Food and Nutrition Services (FNS); Work First Emergency Assistance,"electric_bill, eviction_prevention, gas_bill, reconnect_fee, rent_assistance, snap_benefits, utility_deposit",1,7,"19,081",Warren,27551 27553 27563 27589 27842 27844 27850,NCDHHS Local DSS Directory,warren-county-department-of-social-services-energy,warren-county-department-of-social-services-emergency,,,,,,,,,,,,,,,,,,,
,222,Washington County Department of Social Services,Plymouth,"209 E. Main St., Plymouth, NC 27962",12527934041,Energy Assistance (LIEAP / CIP); Food and Nutrition Services (FNS); Work First Emergency Assistance,"electric_bill, eviction_prevention, gas_bill, reconnect_fee, rent_assistance, snap_benefits, utility_deposit",1,3,"10,654",Washington,27928 27962 27970,NCDHHS Local DSS Directory,washington-county-department-of-social-services-energy,washington-county-department-of-social-services-emergency,,,,,,,,,,,,,,,,,,,
,223,Watauga County Department of Social Services,Boone,"132 Poplar Grove Connector, Suite C, Boone, NC 28607",18282658100,Energy Assistance (LIEAP / CIP); Food and Nutrition Services (FNS); Work First Emergency Assistance,"electric_bill, eviction_prevention, gas_bill, reconnect_fee, rent_assistance, snap_benefits, utility_deposit",1,8,"54,997",Watauga,28604 28605 28607 28618 28679 28684 28692 28698,NCDHHS Local DSS Directory,watauga-county-department-of-social-services-energy,watauga-county-department-of-social-services-emergency,,,,,,,,,,,,,,,,,,,
,224,Wayne County Department of Social Services,Goldsboro,"1560 Clingman St., Goldsboro, NC 27534",19195804034,Energy Assistance (LIEAP / CIP); Food and Nutrition Services (FNS); Work First Emergency Assistance,"electric_bill, eviction_prevention, gas_bill, reconnect_fee, rent_assistance, snap_benefits, utility_deposit",1,13,"120,338",Wayne,27530 27532 27533 27534 27542 27569 27830 27863 27883 28333 28365 28551 28578,NCDHHS Local DSS Directory,wayne-county-department-of-social-services-energy,wayne-county-department-of-social-services-emergency,,,,,,,,,,,,,,,,,,,
,225,Wilkes County Department of Social Services,Wilkesboro,"304 College St., Wilkesboro, NC 28697",13366517400,Energy Assistance (LIEAP / CIP); Food and Nutrition Services (FNS); Work First Emergency Assistance,"electric_bill, eviction_prevention, gas_bill, reconnect_fee, rent_assistance, snap_benefits, utility_deposit",1,17,"66,186",Wilkes,27020 28606 28621 28624 28635 28649 28651 28654 28659 28665 28669 28670 28676 28683 28685 28689 28697,NCDHHS Local DSS Directory,wilkes-county-department-of-social-services-energy,wilkes-county-department-of-social-services-emergency,,,,,,,,,,,,,,,,,,,
,226,Wilson County Department of Social Services,Wilson,"100 NE Gold St., Wilson, NC 27894",12522064000,Energy Assistance (LIEAP / CIP); Food and Nutrition Services (FNS); Work First Emergency Assistance,"electric_bill, eviction_prevention, gas_bill, reconnect_fee, rent_assistance, snap_benefits, utility_deposit",1,14,"79,958",Wilson,27542 27813 27822 27829 27830 27851 27852 27880 27883 27888 27893 27894 27895 27896,NCDHHS Local DSS Directory,wilson-county-department-of-social-services-energy,wilson-county-department-of-social-services-emergency,,,,,,,,,,,,,,,,,,,
,227,Yadkin County Department of Social Services,Yadkinville,"250 Willow St., Yadkinville, NC 27055",13368497910,Energy Assistance (LIEAP / CIP); Food and Nutrition Services (FNS); Work First Emergency Assistance,"electric_bill, eviction_prevention, gas_bill, reconnect_fee, rent_assistance, snap_benefits, utility_deposit",1,6,"37,995",Yadkin,27011 27018 27020 27055 28642 28689,NCDHHS Local DSS Directory,yadkin-county-department-of-social-services-energy,yadkin-county-department-of-social-services-emergency,,,,,,,,,,,,,,,,,,,
,228,Yancey County Department of Social Services,Burnsville,"320 Pensacola Road, Burnsville, NC 28714",18286826148,Energy Assistance (LIEAP / CIP); Food and Nutrition Services (FNS); Work First Emergency Assistance,"electric_bill, eviction_prevention, gas_bill, reconnect_fee, rent_assistance, snap_benefits, utility_deposit",1,3,"18,993",Yancey,28714 28740 28754,NCDHHS Local DSS Directory,yancey-county-department-of-social-services-energy,yancey-county-department-of-social-services-emergency,,,,,,,,,,,,,,,,,,,
,229,Alachua County Emergency Financial Assistance Program (EFAP) - Housing/Rent,Gainesville,"218 SE 24th St, Gainesville, FL 32641",13522646750,Assistance services,"electric_bill, gas_bill, rent_assistance",1,27,"291,782",Alachua,32601 32603 32604 32605 32606 32607 32608 32609 32610 32614 32615 32616 32618 32622 32627 32631 32635 32640 32641 32643 32653 32655 32658 32666 32667 32669 32694,CornerHelp field research,alachua-county-emergency-financial-assistance-program-efap-housing-rent,,,,,,,,,,,,,,,,,,,,
,230,All Faiths Food Bank — Food Assistance Network,Sarasota,"8171 Blaikie Ct, Sarasota, FL 34240",19413796333,Assistance services,food_pantry,1,33,"476,604",Sarasota,34223 34228 34229 34230 34231 34232 34233 34234 34235 34236 34237 34238 34239 34240 34241 34242 34243 34272 34274 34275 34276 34277 34284 34285 34286 34287 34288 34289 34290 34291 34292 34293 34295,CornerHelp field research,all-faiths-food-bank-food-assistance-network,,,,,,,,,,,,,,,,,,,,
,231,Bay County Housing / Emergency Assistance Services,Panama City,"840 W 11th St, Panama City, FL 32401",18502488140,Assistance services,"food_pantry, rent_assistance",1,17,"199,718",Bay,32401 32402 32403 32404 32405 32406 32407 32408 32409 32411 32413 32417 32437 32438 32444 32456 32466,CornerHelp field research,bay-county-housing-emergency-assistance-services,,,,,,,,,,,,,,,,,,,,
,232,Big Lake Mission Outreach — Food Assistance,Okeechobee,,18637634654,Assistance services,food_pantry,1,3,"42,369",Okeechobee,34972 34973 34974,CornerHelp field research,big-lake-mission-outreach-food-assistance,,,,,,,,,,,,,,,,,,,,
,233,Bonifay First United Methodist Church — Food Pantry,Bonifay,"202 N Oklahoma St, Bonifay, FL 32425",18505473785,Assistance services,food_pantry,1,4,"19,876",Holmes,32425 32440 32455 32464,CornerHelp field research,bonifay-first-united-methodist-church-food-pantry,,,,,,,,,,,,,,,,,,,,
,234,Caring & Sharing of South Walton — Emergency Food Pantry,Santa Rosa Beach,"112 Lynn Dr, Santa Rosa Beach, FL 32459",18502672866,Assistance services,"food_pantry, rent_assistance",1,10,"89,666",Walton,32433 32435 32439 32455 32459 32461 32462 32464 32550 32567,CornerHelp field research,caring-sharing-of-south-walton-emergency-food-pantry,,,,,,,,,,,,,,,,,,,,
,235,Catholic Charities St. Augustine — Emergency/Rural Food Assistance,St. Augustine,"525 SR 16, Unit 111-112, St. Augustine, FL 32084",19048296300,Assistance services,food_pantry,1,13,"334,928",St. Johns,32004 32033 32080 32081 32082 32084 32085 32086 32092 32095 32145 32259 32260,CornerHelp field research,catholic-charities-st-augustine-emergency-rural-food-assistance,,,,,,,,,,,,,,,,,,,,
,236,Catholic Charities St. Augustine — Rural Outreach / Food Assistance,Palatka,"1000 Husson Ave, Palatka, FL 32177",13863282333,Assistance services,"food_pantry, rent_assistance",1,14,"77,301",Putnam,32112 32131 32139 32140 32147 32148 32177 32178 32181 32187 32189 32193 32640 32666,CornerHelp field research,catholic-charities-st-augustine-rural-outreach-food-assistance,,,,,,,,,,,,,,,,,,,,
,237,Catholic Charities — Food Distribution,Arcadia,"1330 E Oak St, Arcadia, FL 34266",18634941068,Assistance services,food_pantry,1,2,"36,744",DeSoto,34266 34269,CornerHelp field research,catholic-charities-food-distribution,,,,,,,,,,,,,,,,,,,,
,238,"Catholic Charities, Diocese of St. Petersburg — Financial Assistance",New Port Richey,"5609 US Hwy 19, Suite I, New Port Richey, FL 34652",18136314370,Assistance services,rent_assistance,1,34,"659,114",Pasco,33523 33524 33525 33526 33539 33540 33541 33542 33543 33544 33545 33549 33556 33558 33559 33576 34610 34637 34638 34639 34652 34653 34654 34655 34656 34667 34668 34669 34673 34674 34680 34690 34691 34692,CornerHelp field research,catholic-charities-diocese-of-st-petersburg-financial-assistance,,,,,,,,,,,,,,,,,,,,
,239,Christian Service Center of Columbia County — Food Pantry,Lake City,"421 NW Washington St, Lake City, FL 32055",13867551770,Assistance services,food_pantry,1,9,"73,977",Columbia,32024 32025 32038 32055 32056 32061 32094 32096 32643,CornerHelp field research,christian-service-center-of-columbia-county-food-pantry,,,,,,,,,,,,,,,,,,,,
,240,Collier County Community & Human Services — Social Services,Naples,"3339 Tamiami Trail E, Naples, FL 34112",12392522273,Assistance services,rent_assistance,1,22,"416,233",Collier,34101 34102 34103 34104 34105 34106 34107 34108 34109 34110 34112 34113 34114 34116 34117 34119 34120 34134 34141 34142 34145 34146,CornerHelp field research,collier-county-community-human-services-social-services,,,,,,,,,,,,,,,,,,,,
,241,Columbia County SHIP / Local Housing Assistance Program,Lake City,"135 NE Hernando Ave, Suite 203, Lake City, FL 32055",13867581005,Assistance services,rent_assistance,1,9,"73,977",Columbia,32024 32025 32038 32055 32056 32061 32094 32096 32643,CornerHelp field research,columbia-county-ship-local-housing-assistance-program,,,,,,,,,,,,,,,,,,,,
,242,Crawfordville United Methodist Church — Food Pantry / Second Harvest Partner,Crawfordville,"176 Ochlockonee St, Crawfordville, FL 32327",18505089097,Assistance services,food_pantry,1,4,"37,115",Wakulla,32326 32327 32346 32358,CornerHelp field research,crawfordville-united-methodist-church-food-pantry-second-harvest-partner,,,,,,,,,,,,,,,,,,,,
,243,Emergency Rental Assistance — Catholic Charities / Interfaith Ministries / Opening Doors,,,15043664251,Assistance services,rent_assistance,1,11,"207,653",Santa Rosa,32530 32561 32562 32563 32564 32565 32566 32570 32571 32572 32583,CornerHelp field research,emergency-rental-assistance-catholic-charities-interfaith-ministries-opening-doo,,,,,,,,,,,,,,,,,,,,
,244,Escambia County SHIP / Housing Assistance,Escambia County,,18504580466,Assistance services,rent_assistance,1,23,"331,275",Escambia,32501 32502 32503 32504 32505 32506 32507 32508 32513 32514 32516 32522 32523 32524 32526 32533 32534 32535 32560 32561 32568 32577 32591,CornerHelp field research,escambia-county-ship-housing-assistance,,,,,,,,,,,,,,,,,,,,
,245,Farm Share — Emergency Food Assistance Referral,Homestead,"14125 SW 320th St, Homestead, FL 33033",13052463276,Assistance services,food_pantry,1,22,"170,174",Citrus,34423 34428 34429 34433 34434 34436 34441 34442 34445 34446 34447 34448 34449 34450 34451 34452 34453 34460 34461 34464 34465 34487,CornerHelp field research,farm-share-emergency-food-assistance-referral,,,,,,,,,,,,,,,,,,,,
,246,Feeding Tampa Bay — Food Assistance Network,Tampa,"3624 Causeway Blvd, Tampa, FL 33619",18132541190,Assistance services,food_pantry,1,81,"1,581,426",Hillsborough,33508 33509 33510 33511 33527 33530 33534 33547 33548 33549 33550 33556 33558 33559 33563 33564 33565 33566 33567 33568 33569 33570 33571 33572 33573 33575 33578 33579 33583 33584 33587 33592 33594 33595 33596 33598 33601 33602 33603 33604 33605 33606 33607 33609 33610 33611 33612 33613 33614 33615 33616 33617 33618 33619 33621 33622 33623 33624 33625 33626 33629 33634 33635 33637 33646 33647 33672 33673 33674 33675 33677 33679 33680 33681 33682 33684 33685 33687 33688 33689 33694,CornerHelp field research,feeding-tampa-bay-food-assistance-network,,,,,,,,,,,,,,,,,,,,
,247,Flagler County Human Services — Emergency Assistance,Bunnell,"2199 Commerce Pkwy, Bunnell, FL 32110",13863134000,Assistance services,rent_assistance,1,6,"136,744",Flagler,32110 32135 32136 32137 32164 32174,CornerHelp field research,flagler-county-human-services-emergency-assistance,,,,,,,,,,,,,,,,,,,,
,248,Florida Department of Health in Duval County — WIC,Jacksonville,"3225 University Blvd S, Jacksonville, FL 32216 (one WIC site)",10425315001,Assistance services,food_pantry,1,46,"1,055,159",Duval,32081 32202 32203 32204 32205 32206 32207 32208 32209 32210 32211 32212 32216 32217 32218 32219 32220 32221 32222 32223 32224 32225 32226 32227 32228 32229 32233 32234 32235 32236 32238 32239 32240 32241 32244 32245 32246 32247 32250 32254 32255 32256 32257 32258 32266 32277,CornerHelp field research,florida-department-of-health-in-duval-county-wic,,,,,,,,,,,,,,,,,,,,
,249,Florida Department of Health in Escambia County — WIC,Pensacola,"1295 W. Fairfield Dr, Pensacola, FL 32501",18505956670,Assistance services,food_pantry,1,23,"331,275",Escambia,32501 32502 32503 32504 32505 32506 32507 32508 32513 32514 32516 32522 32523 32524 32526 32533 32534 32535 32560 32561 32568 32577 32591,CornerHelp field research,florida-department-of-health-in-escambia-county-wic,,,,,,,,,,,,,,,,,,,,
,250,Florida Department of Health in Gadsden County — WIC,Quincy,"278 Lasalle Leffall Dr, Quincy, FL 32351",15087572002,Assistance services,food_pantry,1,6,"44,151",Gadsden,32324 32332 32333 32343 32351 32352,CornerHelp field research,florida-department-of-health-in-gadsden-county-wic,,,,,,,,,,,,,,,,,,,,
,251,Florida Department of Health in Lafayette County — WIC,Mayo,"140 SW Virginia Circle, Mayo, FL 32066",18003423556,Assistance services,food_pantry,1,2,"8,640",Lafayette,32008 32066,CornerHelp field research,florida-department-of-health-in-lafayette-county-wic,,,,,,,,,,,,,,,,,,,,
,252,Florida Department of Health — WIC,Port St. Joe,"2475 Garrison Ave, Port St. Joe, FL 32456",18508724666,Assistance services,food_pantry,1,2,"15,876",Gulf,32456 32465,CornerHelp field research,florida-department-of-health-wic,,,,,,,,,,,,,,,,,,,,
,253,"Food Pantry of Gilchrist County, Inc.",Trenton,"112 NE 1st Ave, Trenton, FL 32693",13524632710,Assistance services,food_pantry,1,4,"20,233",Gilchrist,32008 32619 32643 32693,CornerHelp field research,food-pantry-of-gilchrist-county-inc,,,,,,,,,,,,,,,,,,,,
,254,Franklin County Food Pantry — Franklin's Promise Coalition,Apalachicola,"192 14th St, Apalachicola, FL 32320",18506533930,Assistance services,food_pantry,1,5,"12,979",Franklin,32320 32322 32328 32346 32358,CornerHelp field research,franklin-county-food-pantry-franklin-s-promise-coalition,,,,,,,,,,,,,,,,,,,,
,255,Franklin County SHIP — Housing Assistance,Eastpoint,"248 US Hwy 98, Eastpoint, FL 32328",18506535851,Assistance services,rent_assistance,1,5,"12,979",Franklin,32320 32322 32328 32346 32358,CornerHelp field research,franklin-county-ship-housing-assistance,,,,,,,,,,,,,,,,,,,,
,256,Gadsden County SHIP / Community Development Housing Assistance,Community Development,,18508758659,Assistance services,rent_assistance,1,6,"44,151",Gadsden,32324 32332 32333 32343 32351 32352,CornerHelp field research,gadsden-county-ship-community-development-housing-assistance,,,,,,,,,,,,,,,,,,,,
,257,Glades County Social Services / Emergency Rental Assistance,Glades County,,18639560411,Assistance services,rent_assistance,1,4,"13,132",Glades,33471 33935 33960 34974,CornerHelp field research,glades-county-social-services-emergency-rental-assistance,,,,,,,,,,,,,,,,,,,,
,258,Gulf County SHIP / Affordable Housing Assistance,Gulf County,,18503123932,Assistance services,rent_assistance,1,2,"15,876",Gulf,32456 32465,CornerHelp field research,gulf-county-ship-affordable-housing-assistance,,,,,,,,,,,,,,,,,,,,
,259,Hamilton County Community Resources & Second Harvest of the Big Bend,Jasper,"1153 US Hwy 41 NW, Jasper, FL 32052",13867926647,Assistance services,food_pantry,1,3,"14,334",Hamilton,32052 32053 32096,CornerHelp field research,hamilton-county-community-resources-second-harvest-of-the-big-bend,,,,,,,,,,,,,,,,,,,,
,260,Hamilton County SHIP,Jasper,"1153 US Hwy 41 NW, Suite 2, Jasper, FL 32052",13867920507,Assistance services,rent_assistance,1,3,"14,334",Hamilton,32052 32053 32096,CornerHelp field research,hamilton-county-ship,,,,,,,,,,,,,,,,,,,,
,261,Hardee Help Center — Crisis Food Assistance,Wauchula,"1330 US Hwy 17 South, Wauchula, FL 33873",18637730034,Assistance services,"food_pantry, rent_assistance",1,4,"26,068",Hardee,33834 33865 33873 33890,CornerHelp field research,hardee-help-center-crisis-food-assistance,,,,,,,,,,,,,,,,,,,,
,262,Harry Chapin Food Bank of Southwest Florida — TEFAP / Local Partner Pantries,Fort Myers,"3760 Fowler St, Fort Myers, FL 33901",12393347007,Assistance services,food_pantry,1,47,"860,959",Lee,33901 33902 33903 33904 33905 33906 33907 33908 33909 33910 33912 33913 33914 33915 33916 33917 33918 33919 33920 33921 33922 33924 33928 33929 33931 33932 33936 33955 33956 33957 33965 33966 33967 33970 33971 33972 33973 33974 33976 33990 33991 33993 33994 34133 34134 34135 34136,CornerHelp field research,harry-chapin-food-bank-of-southwest-florida-tefap-local-partner-pantries,,,,,,,,,,,,,,,,,,,,
,263,Harvest Time International / Seminole County Food Pantry Network,Sanford,"225 Harvest Time Dr, Sanford, FL 32771",14073289900,Assistance services,food_pantry,1,26,"494,605",Seminole,32701 32703 32707 32708 32714 32715 32716 32718 32719 32730 32732 32746 32747 32750 32751 32752 32762 32765 32766 32771 32772 32773 32779 32791 32792 32795,CornerHelp field research,harvest-time-international-seminole-county-food-pantry-network,,,,,,,,,,,,,,,,,,,,
,264,Heartland Food Bank / Local Partner Pantry Network,Sebring,"P.O. Box 249, Sebring, FL 33871",18633857885,Assistance services,food_pantry,1,11,"109,778",Highlands,33825 33826 33852 33857 33862 33870 33871 33872 33875 33876 33960,CornerHelp field research,heartland-food-bank-local-partner-pantry-network,,,,,,,,,,,,,,,,,,,,
,265,Hendry County SHIP / Housing Assistance,Hendry County,,18636755297,Assistance services,rent_assistance,1,3,"46,130",Hendry,33440 33935 33975,CornerHelp field research,hendry-county-ship-housing-assistance,,,,,,,,,,,,,,,,,,,,
,266,Hernando County Housing & Supportive Services — SHIP / Temporary Rental Assistance,Brooksville,"621 W. Jefferson St, Brooksville, FL 34601",13525404338,Assistance services,rent_assistance,1,15,"218,150",Hernando,33523 33597 34601 34602 34603 34604 34605 34606 34607 34608 34609 34611 34613 34614 34661,CornerHelp field research,hernando-county-housing-supportive-services-ship-temporary-rental-assistance,,,,,,,,,,,,,,,,,,,,
,267,Highlands County Housing / SHIP,Sebring,"618 S. Commerce Ave, Sebring, FL 33870",18634026648,Assistance services,rent_assistance,1,11,"109,778",Highlands,33825 33826 33852 33857 33862 33870 33871 33872 33875 33876 33960,CornerHelp field research,highlands-county-housing-ship,,,,,,,,,,,,,,,,,,,,
,268,Impact Clay / Clay County Community Resource Guide — Rental and Homelessness Assistance,Green Cove Springs,"P.O. Box 1366, Green Cove Springs, FL 32043",19042696300,Assistance services,"eviction_prevention, food_pantry, rent_assistance",1,11,"236,760",Clay,32003 32006 32043 32050 32065 32067 32068 32073 32234 32656 32666,CornerHelp field research,impact-clay-clay-county-community-resource-guide-rental-and-homelessness-assista,,,,,,,,,,,,,,,,,,,,
,269,In the Image of Christ — Utility Assistance,Fort Pierce,"707 N 7th St, Fort Pierce, FL 34950",17724617788,Assistance services,"electric_bill, gas_bill",1,21,"390,670",St. Lucie,34945 34946 34947 34948 34949 34950 34951 34952 34953 34954 34957 34979 34981 34982 34983 34984 34985 34986 34987 34988 34990,CornerHelp field research,in-the-image-of-christ-utility-assistance,,,,,,,,,,,,,,,,,,,,
,270,Innovative Charities — Liberty County Food Pantry,Bristol,"12390 NW Central Ave, Bristol, FL 32321",18505473786,Assistance services,food_pantry,1,3,"7,955",Liberty,32321 32334 32360,CornerHelp field research,innovative-charities-liberty-county-food-pantry,,,,,,,,,,,,,,,,,,,,
,271,Interfaith Emergency Services — Emergency Food Pantry,Ocala,"435 NW 2nd St, Ocala, FL 34475",13526298868,Assistance services,food_pantry,1,37,"428,905",Marion,32113 32133 32134 32162 32179 32183 32195 32617 32667 32668 32686 32696 32702 32784 34420 34421 34430 34431 34432 34470 34471 34472 34473 34474 34475 34476 34477 34478 34479 34480 34481 34482 34483 34488 34489 34491 34492,CornerHelp field research,interfaith-emergency-services-emergency-food-pantry,,,,,,,,,,,,,,,,,,,,
,272,Jackson County Housing Assistance Office — SHIP,Marianna,"4979 Healthy Way, Suite B, Marianna, FL 32446",18504829083,Assistance services,rent_assistance,1,12,"49,980",Jackson,32420 32423 32426 32431 32440 32442 32443 32445 32446 32447 32448 32460,CornerHelp field research,jackson-county-housing-assistance-office-ship,,,,,,,,,,,,,,,,,,,,
,273,Jacksonville Emergency Assistance Program — Rent/Mortgage Assistance,Jacksonville,"1809 Art Museum Dr, Suite 100, Jacksonville, FL 32207",19042552469,Assistance services,"mortgage_assistance, rent_assistance",1,46,"1,055,159",Duval,32081 32202 32203 32204 32205 32206 32207 32208 32209 32210 32211 32212 32216 32217 32218 32219 32220 32221 32222 32223 32224 32225 32226 32227 32228 32229 32233 32234 32235 32236 32238 32239 32240 32241 32244 32245 32246 32247 32250 32254 32255 32256 32257 32258 32266 32277,CornerHelp field research,jacksonville-emergency-assistance-program-rent-mortgage-assistance,,,,,,,,,,,,,,,,,,,,
,274,Leon County SHIP Housing Rental Assistance,Tallahassee,"615 E. Paul Russell Rd, Tallahassee, FL 32301",18506061900,Assistance services,rent_assistance,1,16,"300,488",Leon,32301 32302 32303 32304 32305 32308 32309 32310 32311 32312 32314 32315 32316 32317 32318 32362,CornerHelp field research,leon-county-ship-housing-rental-assistance,,,,,,,,,,,,,,,,,,,,
,275,Levy County SHIP Housing Assistance,Bronson,"310 School St, Suite 112, Bronson, FL 32621",13524865218,Assistance services,rent_assistance,1,11,"47,765",Levy,32618 32621 32625 32626 32644 32668 32693 32696 34431 34449 34498,CornerHelp field research,levy-county-ship-housing-assistance,,,,,,,,,,,,,,,,,,,,
,276,Liberty County Grants / Housing Assistance,Bristol,,18506432692,Assistance services,rent_assistance,1,3,"7,955",Liberty,32321 32334 32360,CornerHelp field research,liberty-county-grants-housing-assistance,,,,,,,,,,,,,,,,,,,,
,277,Local Food Pantry Network / Second Harvest & Partner Agencies,,,13863628860,Assistance services,food_pantry,1,7,"47,536",Suwannee,32008 32024 32060 32062 32064 32071 32094,CornerHelp field research,local-food-pantry-network-second-harvest-partner-agencies,,,,,,,,,,,,,,,,,,,,
,278,Local Housing/Rent Assistance Referral — Calhoun County,,,18506745067,Assistance services,rent_assistance,1,5,"13,278",Calhoun,32421 32424 32430 32438 32449,CornerHelp field research,local-housing-rent-assistance-referral-calhoun-county,,,,,,,,,,,,,,,,,,,,
,279,Marion County Community Services — Rental / Rapid Rehousing Assistance,Ocala,"2631 SE 3rd St, Ocala, FL 34471",13526718770,Assistance services,"eviction_prevention, rent_assistance",1,37,"428,905",Marion,32113 32133 32134 32162 32179 32183 32195 32617 32667 32668 32686 32696 32702 32784 34420 34421 34430 34431 34432 34470 34471 34472 34473 34474 34475 34476 34477 34478 34479 34480 34481 34482 34483 34488 34489 34491 34492,CornerHelp field research,marion-county-community-services-rental-rapid-rehousing-assistance,,,,,,,,,,,,,,,,,,,,
,280,Martin County Human Services — Emergency Financial Assistance / Rental Assistance,Stuart,"435 SE Flagler Ave, Stuart, FL 34994",17722885785,Assistance services,"electric_bill, rent_assistance",1,14,"165,666",Martin,33438 33455 33469 33475 34956 34957 34958 34990 34991 34992 34994 34995 34996 34997,CornerHelp field research,martin-county-human-services-emergency-financial-assistance-rental-assistance,,,,,,,,,,,,,,,,,,,,
,281,Okeechobee County / Salvation Army Emergency Assistance,Okeechobee,,18637636020,Assistance services,rent_assistance,1,3,"42,369",Okeechobee,34972 34973 34974,CornerHelp field research,okeechobee-county-salvation-army-emergency-assistance,,,,,,,,,,,,,,,,,,,,
,282,One-Time Rental Assistance — Salvation Army / United Way of Lake & Sumter,,,13525682284,Assistance services,"food_pantry, rent_assistance",1,12,"154,693",Sumter,32159 32162 32163 33513 33514 33521 33538 33585 33597 34484 34762 34785,CornerHelp field research,one-time-rental-assistance-salvation-army-united-way-of-lake-sumter,,,,,,,,,,,,,,,,,,,,
,283,Orange County Citizens Commission for Children / Community Food Resources,Orlando,"2101 E. Michigan St, Orlando, FL 32806",14078366500,Assistance services,"food_pantry, rent_assistance",1,73,"1,533,646",Orange,32703 32704 32709 32710 32712 32733 32751 32757 32768 32777 32789 32790 32792 32793 32794 32798 32801 32802 32803 32804 32805 32806 32807 32808 32809 32810 32811 32812 32814 32817 32818 32819 32820 32821 32822 32824 32825 32826 32827 32828 32829 32830 32831 32832 32833 32835 32836 32837 32839 32853 32854 32855 32856 32857 32858 32859 32860 32861 32862 32867 32868 32869 32872 32877 32878 34734 34740 34760 34761 34777 34778 34786 34787,CornerHelp field research,orange-county-citizens-commission-for-children-community-food-resources,,,,,,,,,,,,,,,,,,,,
,284,Osceola County Housing & Community Services — Homeless Services Program,Kissimmee,,14077428400,Assistance services,"eviction_prevention, rent_assistance",1,18,"468,058",Osceola,33848 33896 34714 34739 34741 34742 34743 34744 34745 34746 34747 34758 34759 34769 34770 34771 34772 34773,CornerHelp field research,osceola-county-housing-community-services-homeless-services-program,,,,,,,,,,,,,,,,,,,,
,285,People Helping People in Hernando County — Food Pantry,Spring Hill,"1396 Kass Cir, Spring Hill, FL 34606",13526864466,Assistance services,food_pantry,1,15,"218,150",Hernando,33523 33597 34601 34602 34603 34604 34605 34606 34607 34608 34609 34611 34613 34614 34661,CornerHelp field research,people-helping-people-in-hernando-county-food-pantry,,,,,,,,,,,,,,,,,,,,
,286,Pinellas County Adult Emergency Financial Assistance Program / Catholic Charities,St. Petersburg,"647 1st Ave N, St. Petersburg, FL 33701",17274644200,Assistance services,rent_assistance,1,69,"965,870",Pinellas,33701 33702 33703 33704 33705 33706 33707 33708 33709 33710 33711 33712 33713 33714 33715 33716 33730 33731 33732 33733 33734 33736 33738 33741 33742 33743 33744 33747 33755 33756 33757 33758 33759 33760 33761 33762 33763 33764 33765 33766 33767 33770 33771 33772 33773 33774 33775 33776 33777 33778 33779 33780 33781 33782 33784 33785 33786 34660 34677 34681 34682 34683 34684 34685 34688 34689 34695 34697 34698,CornerHelp field research,pinellas-county-adult-emergency-financial-assistance-program-catholic-charities,,,,,,,,,,,,,,,,,,,,
,287,Polk County Housing & Neighborhood Development — Tenant-Based Rental Assistance (TBRA),Bartow,"1290 Golfview Ave, Suite 167, Bartow, FL 33830",18635345240,Assistance services,rent_assistance,1,52,"852,878",Polk,33801 33802 33803 33804 33805 33806 33807 33809 33810 33811 33812 33813 33815 33820 33823 33827 33830 33831 33835 33836 33837 33838 33839 33840 33841 33843 33844 33845 33846 33849 33850 33851 33853 33854 33855 33856 33858 33859 33860 33867 33868 33877 33880 33881 33882 33883 33884 33885 33896 33897 33898 34759,CornerHelp field research,polk-county-housing-neighborhood-development-tenant-based-rental-assistance-tbra,,,,,,,,,,,,,,,,,,,,
,288,Salvation Army Hope House — Emergency Rent / Rapid Re-Housing Assistance,Fernandina Beach,"410 S 9th St, Fernandina Beach, FL 32034",19043210435,Assistance services,rent_assistance,1,7,"104,376",Nassau,32009 32011 32034 32035 32041 32046 32097,CornerHelp field research,salvation-army-hope-house-emergency-rent-rapid-re-housing-assistance,,,,,,,,,,,,,,,,,,,,
,289,Santa Rosa County Feeding Programs / Feeding the Gulf Coast Network,,,18504321475,Assistance services,food_pantry,1,11,"207,653",Santa Rosa,32530 32561 32562 32563 32564 32565 32566 32570 32571 32572 32583,CornerHelp field research,santa-rosa-county-feeding-programs-feeding-the-gulf-coast-network,,,,,,,,,,,,,,,,,,,,
,290,Sarasota County Human Services / Community Housing & Homeless Resources,Sarasota,"1 Apex Rd, Sarasota, FL 34240",19418615000,Assistance services,"eviction_prevention, rent_assistance",1,33,"476,604",Sarasota,34223 34228 34229 34230 34231 34232 34233 34234 34235 34236 34237 34238 34239 34240 34241 34242 34243 34272 34274 34275 34276 34277 34284 34285 34286 34287 34288 34289 34290 34291 34292 34293 34295,CornerHelp field research,sarasota-county-human-services-community-housing-homeless-resources,,,,,,,,,,,,,,,,,,,,
,291,Second Harvest / Local Food Pantry Network,,,18505847349,Assistance services,food_pantry,1,6,"21,843",Taylor,32331 32336 32347 32348 32356 32359,CornerHelp field research,second-harvest-local-food-pantry-network,,,,,,,,,,,,,,,,,,,,
,292,Second Harvest Food Bank of Central Florida — TEFAP / Food Pantry Network,Orlando,"411 Mercy Dr, Orlando, FL 32808",14072951066,Assistance services,food_pantry,1,35,"444,204",Lake,32102 32158 32159 32163 32195 32702 32720 32726 32727 32735 32736 32756 32757 32767 32776 32778 32784 34705 34711 34712 34713 34714 34715 34731 34736 34737 34748 34749 34753 34755 34756 34762 34788 34789 34797,CornerHelp field research,second-harvest-food-bank-of-central-florida-tefap-food-pantry-network,,,,,,,,,,,,,,,,,,,,
,293,Second Harvest of the Big Bend — TEFAP / Local Food Pantry Network,Tallahassee,"4446 Entrepot Blvd, Tallahassee, FL 32310",18505623033,Assistance services,food_pantry,1,12,"49,980",Jackson,32420 32423 32426 32431 32440 32442 32443 32445 32446 32447 32448 32460,CornerHelp field research,second-harvest-of-the-big-bend-tefap-local-food-pantry-network,,,,,,,,,,,,,,,,,,,,
,294,Seminole County Community Assistance — Prevention Assistance / Good Neighbor Utility Fund,Sanford,"1101 E First St, Sanford, FL 32771",14076652300,Assistance services,"electric_bill, eviction_prevention, gas_bill, rent_assistance",1,26,"494,605",Seminole,32701 32703 32707 32708 32714 32715 32716 32718 32719 32730 32732 32746 32747 32750 32751 32752 32762 32765 32766 32771 32772 32773 32779 32791 32792 32795,CornerHelp field research,seminole-county-community-assistance-prevention-assistance-good-neighbor-utility,,,,,,,,,,,,,,,,,,,,
,295,St. Johns County Social Services — Emergency Assistance,St. Augustine,"200 San Sebastian View, Suite 2300, St. Augustine, FL 32084",19042096140,Assistance services,rent_assistance,1,13,"334,928",St. Johns,32004 32033 32080 32081 32082 32084 32085 32086 32092 32095 32145 32259 32260,CornerHelp field research,st-johns-county-social-services-emergency-assistance,,,,,,,,,,,,,,,,,,,,
,296,St. Joseph's Catholic Church / Martin County Food Assistance Network,Stuart,"1200 SE 10th St, Stuart, FL 34996",17722872727,Assistance services,food_pantry,1,14,"165,666",Martin,33438 33455 33469 33475 34956 34957 34958 34990 34991 34992 34994 34995 34996 34997,CornerHelp field research,st-joseph-s-catholic-church-martin-county-food-assistance-network,,,,,,,,,,,,,,,,,,,,
,297,St. Lucie County Food Assistance Sites / Local Pantry Network,Fort Pierce,"714 Avenue C, Fort Pierce, FL 34950",17724621777,Assistance services,"food_pantry, rent_assistance",1,21,"390,670",St. Lucie,34945 34946 34947 34948 34949 34950 34951 34952 34953 34954 34957 34979 34981 34982 34983 34984 34985 34986 34987 34988 34990,CornerHelp field research,st-lucie-county-food-assistance-sites-local-pantry-network,,,,,,,,,,,,,,,,,,,,
,298,The Children's Table / Christ Central / Farm Share Food Distributions,Lake Butler,"375 SE 7th Ave, Lake Butler, FL 32054 (The Children's Table site)",13864961916,Assistance services,food_pantry,1,2,"15,738",Union,32054 32083,CornerHelp field research,the-children-s-table-christ-central-farm-share-food-distributions,,,,,,,,,,,,,,,,,,,,
,299,Turning Points — HOME TBRA / Rental Assistance,Bradenton,"701 17th Ave W, Bradenton, FL 34205",19417471509,Assistance services,rent_assistance,1,26,"458,352",Manatee,34201 34202 34203 34204 34205 34206 34207 34208 34209 34210 34211 34212 34215 34216 34217 34219 34220 34221 34222 34228 34243 34251 34264 34270 34280 34282,CornerHelp field research,turning-points-home-tbra-rental-assistance,,,,,,,,,,,,,,,,,,,,
,300,United Way of Central Florida — George W. Jenkins End Hunger Initiative,Polk County,Multiple Polk County distribution sites,18636481500,Assistance services,food_pantry,1,52,"852,878",Polk,33801 33802 33803 33804 33805 33806 33807 33809 33810 33811 33812 33813 33815 33820 33823 33827 33830 33831 33835 33836 33837 33838 33839 33840 33841 33843 33844 33845 33846 33849 33850 33851 33853 33854 33855 33856 33858 33859 33860 33867 33868 33877 33880 33881 33882 33883 33884 33885 33896 33897 33898 34759,CornerHelp field research,united-way-of-central-florida-george-w-jenkins-end-hunger-initiative,,,,,,,,,,,,,,,,,,,,
,301,United Way of Lake & Sumter / Local Food Pantry Network,,,13527877530,Assistance services,food_pantry,1,12,"154,693",Sumter,32159 32162 32163 33513 33514 33521 33538 33585 33597 34484 34762 34785,CornerHelp field research,united-way-of-lake-sumter-local-food-pantry-network,,,,,,,,,,,,,,,,,,,,
,302,Albemarle Commission — Community Housing / Housing Repair Resources,Hertford,"512 S Church St, Hertford, NC 27944",12524265753,Assistance services,rent_assistance,1,3,"13,460",Perquimans,27919 27944 27980,CornerHelp field research,albemarle-commission-community-housing-housing-repair-resources,,,,,,,,,,,,,,,,,,,,
,303,Asheville Buncombe Community Christian Ministry (ABCCM) Crisis Assistance,Asheville,"24 Cumberland Ave, Asheville, NC 28801",18282595300,Assistance services,rent_assistance,1,24,"279,210",Buncombe,28701 28704 28709 28711 28715 28728 28730 28732 28748 28753 28757 28776 28778 28787 28801 28802 28803 28804 28805 28806 28813 28814 28815 28816,CornerHelp field research,asheville-buncombe-community-christian-ministry-abccm-crisis-assistance,,,,,,,,,,,,,,,,,,,,
,304,Blue Ridge Opportunity Commission — Housing / Community Action Services,North Wilkesboro,"710 Veterans Dr, North Wilkesboro, NC 28659",13366677174,Assistance services,rent_assistance,1,17,"66,186",Wilkes,27020 28606 28621 28624 28635 28649 28651 28654 28659 28665 28669 28670 28676 28683 28685 28689 28697,CornerHelp field research,blue-ridge-opportunity-commission-housing-community-action-services,,,,,,,,,,,,,,,,,,,,
,305,Buncombe County Tenant-Based Rental Assistance,Asheville,"46 Valley St, Asheville, NC 28801",18282504834,Assistance services,rent_assistance,1,24,"279,210",Buncombe,28701 28704 28709 28711 28715 28728 28730 28732 28748 28753 28757 28776 28778 28787 28801 28802 28803 28804 28805 28806 28813 28814 28815 28816,CornerHelp field research,buncombe-county-tenant-based-rental-assistance,,,,,,,,,,,,,,,,,,,,
,306,Burke United Christian Ministries,Morganton,"305-B W Union St, Morganton, NC 28655",18284338075,Assistance services,rent_assistance,1,11,"88,545",Burke,28601 28602 28612 28619 28637 28655 28657 28666 28680 28690 28761,CornerHelp field research,burke-united-christian-ministries,,,,,,,,,,,,,,,,,,,,
,307,Caldwell County Food & Nutrition Services,Lenoir,"2345 Morganton Blvd SW, Suite A, Lenoir, NC 28645",18284268296,Assistance services,food_pantry,1,6,"80,739",Caldwell,28606 28611 28630 28638 28645 28667,CornerHelp field research,caldwell-county-food-nutrition-services,,,,,,,,,,,,,,,,,,,,
,308,Church & Community Services Food Pantry / Scotland County FNS,Laurinburg,"108 Gil St, Laurinburg, NC 28352",19102768330,Assistance services,"electric_bill, food_pantry, rent_assistance",1,6,"33,898",Scotland,28343 28351 28352 28353 28363 28396,CornerHelp field research,church-community-services-food-pantry-scotland-county-fns,,,,,,,,,,,,,,,,,,,,
,309,City of Concord Housing Department,Concord,"35 Cabarrus Ave W, Concord, NC 28025",17049206100,Assistance services,rent_assistance,1,13,"244,925",Cabarrus,28025 28026 28027 28036 28071 28075 28081 28082 28083 28097 28107 28124 28138,CornerHelp field research,city-of-concord-housing-department,,,,,,,,,,,,,,,,,,,,
,310,Cooperative Christian Ministry — Crisis Assistance,Concord,"246 Country Club Dr NE, Concord, NC 28025",17047864709,Assistance services,"electric_bill, rent_assistance",1,13,"244,925",Cabarrus,28025 28026 28027 28036 28071 28075 28081 28082 28083 28097 28107 28124 28138,CornerHelp field research,cooperative-christian-ministry-crisis-assistance,,,,,,,,,,,,,,,,,,,,
,311,Crisis Control Ministry — Stokes County Emergency Assistance,Winston-Salem,,13367247453,Assistance services,"electric_bill, food_pantry, gas_bill, rent_assistance",1,12,"45,857",Stokes,27016 27019 27021 27022 27025 27041 27042 27043 27046 27050 27052 27053,CornerHelp field research,crisis-control-ministry-stokes-county-emergency-assistance,,,,,,,,,,,,,,,,,,,,
,312,Cumberland County Coordinated Entry / Homeless Services,,Intake location determined through program,19104835944,Assistance services,"eviction_prevention, rent_assistance",1,22,"338,430",Cumberland,28301 28302 28303 28304 28305 28306 28307 28308 28309 28311 28312 28314 28318 28331 28344 28348 28356 28371 28382 28390 28391 28395,CornerHelp field research,cumberland-county-coordinated-entry-homeless-services,,,,,,,,,,,,,,,,,,,,
,313,Eastern Catawba Cooperative Christian Ministry,Newton,"245 E N St, Newton, NC 28658",18283270979,Assistance services,rent_assistance,1,12,"167,054",Catawba,28037 28168 28601 28602 28603 28609 28610 28613 28650 28658 28673 28682,CornerHelp field research,eastern-catawba-cooperative-christian-ministry,,,,,,,,,,,,,,,,,,,,
,314,Franklin-Vance-Warren Opportunity — Housing Choice Voucher / Section 8,Henderson,"180 S Beckford Dr, Henderson, NC 27536",12524920161,Assistance services,"electric_bill, gas_bill, rent_assistance",1,5,"42,337",Vance,27507 27536 27537 27544 27553,CornerHelp field research,franklin-vance-warren-opportunity-housing-choice-voucher-section-8,,,,,,,,,,,,,,,,,,,,
,315,Greensboro Housing Authority — HOME-ARP Tenant-Based Rental Assistance,Greensboro,"450 N Church St, Greensboro, NC 27401",13362758501,Assistance services,rent_assistance,1,40,"558,816",Guilford,27214 27233 27235 27249 27260 27261 27262 27263 27264 27265 27282 27283 27284 27298 27301 27310 27313 27357 27358 27377 27401 27402 27403 27404 27405 27406 27407 27408 27409 27410 27415 27416 27417 27419 27420 27425 27429 27435 27438 27455,CornerHelp field research,greensboro-housing-authority-home-arp-tenant-based-rental-assistance,,,,,,,,,,,,,,,,,,,,
,316,Harnett County HUD Office — Housing Choice Voucher/Rental Subsidy,Sanford,"1000 Carthage St, Sanford, NC 27330",19197767655,Assistance services,rent_assistance,1,13,"146,096",Harnett,27332 27501 27505 27521 27526 27546 28323 28326 28334 28339 28356 28368 28390,CornerHelp field research,harnett-county-hud-office-housing-choice-voucher-rental-subsidy,,,,,,,,,,,,,,,,,,,,
,317,Hoke County Housing Authority,Raeford,"Hoke County Housing Authority; county administrative contact: 227 N Main St, Raeford, NC 28376",19108758751,Assistance services,rent_assistance,1,5,"55,382",Hoke,28315 28357 28376 28377 28386,CornerHelp field research,hoke-county-housing-authority,,,,,,,,,,,,,,,,,,,,
,318,House Wake! / Wake County Housing Assistance,Wake County,,19198565689,Assistance services,rent_assistance,1,49,"1,232,444",Wake,27502 27511 27512 27513 27518 27519 27523 27526 27529 27539 27540 27545 27560 27562 27571 27587 27588 27591 27592 27597 27601 27602 27603 27604 27605 27606 27607 27608 27609 27610 27611 27612 27613 27614 27615 27616 27617 27619 27620 27622 27623 27624 27627 27628 27629 27636 27658 27661 27675,CornerHelp field research,house-wake-wake-county-housing-assistance,,,,,,,,,,,,,,,,,,,,
,319,Mountain Projects — Section 8 Housing Choice Voucher,Sylva / Waynesville,"154 Medical Park Loop, Sylva, NC 28779 / 2177 Asheville Rd, Waynesville, NC 28786",18285862345,Assistance services,rent_assistance,1,11,"45,281",Jackson,28717 28719 28723 28725 28736 28741 28774 28779 28783 28788 28789,CornerHelp field research,mountain-projects-section-8-housing-choice-voucher,,,,,,,,,,,,,,,,,,,,
,320,Orange County Emergency Housing Assistance (EHA),Chapel Hill / Hillsborough,"Southern Human Services Center: 2501 Homestead Rd, Chapel Hill, NC 27516; Hillsborough Commons: 113 Mayo St, Hillsborough, NC 27278",19192452655,Assistance services,rent_assistance,1,12,"152,877",Orange,27231 27243 27278 27302 27510 27514 27515 27516 27517 27541 27572 27705,CornerHelp field research,orange-county-emergency-housing-assistance-eha,,,,,,,,,,,,,,,,,,,,
,321,Person County Habitat for Humanity / Housing Assistance,Person County,,13365972206,Assistance services,rent_assistance,1,7,"40,143",Person,27291 27343 27541 27572 27573 27574 27583,CornerHelp field research,person-county-habitat-for-humanity-housing-assistance,,,,,,,,,,,,,,,,,,,,
,322,Roanoke-Chowan Regional Housing Authority — Housing Choice Voucher/Public Housing,Gaston,"205 Tinsley Way, Gaston, NC 27832",12525371051,Assistance services,rent_assistance,1,8,"46,992",Halifax,27823 27839 27843 27844 27850 27870 27874 27890,CornerHelp field research,roanoke-chowan-regional-housing-authority-housing-choice-voucher-public-housing,,,,,,,,,,,,,,,,,,,,
,323,Sharing House — Food & Fresh Produce,Brevard,"892 Asheville Hwy, Brevard, NC 28712",18288842866,Assistance services,"electric_bill, food_pantry, rent_assistance",1,9,"34,103",Transylvania,28708 28712 28718 28742 28747 28766 28768 28772 28774,CornerHelp field research,sharing-house-food-fresh-produce,,,,,,,,,,,,,,,,,,,,
,324,Stanly Community Christian Ministry — Financial Assistance,Albemarle,"506 S 1st St, Albemarle, NC 28001",19827915104,Assistance services,"electric_bill, rent_assistance",1,11,"67,326",Stanly,28001 28002 28009 28071 28097 28124 28127 28128 28129 28137 28163,CornerHelp field research,stanly-community-christian-ministry-financial-assistance,,,,,,,,,,,,,,,,,,,,
,325,Troy/Montgomery Senior Center — Housing Assistance / Referral,Troy,"228 N Main St, Troy, NC 27371",19105724464,Assistance services,rent_assistance,1,8,"26,364",Montgomery,27209 27229 27281 27306 27341 27356 27371 28127,CornerHelp field research,troy-montgomery-senior-center-housing-assistance-referral,,,,,,,,,,,,,,,,,,,,
,326,United Way of Wayne County — U-CAN Utility Assistance,Goldsboro,"309 N William St, Goldsboro, NC 27530",19197353591,Assistance services,"electric_bill, gas_bill, rent_assistance",1,13,"120,338",Wayne,27530 27532 27533 27534 27542 27569 27830 27863 27883 28333 28365 28551 28578,CornerHelp field research,united-way-of-wayne-county-u-can-utility-assistance,,,,,,,,,,,,,,,,,,,,
,327,WAMY Community Action — Housing Program / Urgent Repair / Home Rehabilitation,Boone,"225 Birch St, Suite 2, Boone, NC 28607",18282642421,Assistance services,rent_assistance,1,8,"54,997",Watauga,28604 28605 28607 28618 28679 28684 28692 28698,CornerHelp field research,wamy-community-action-housing-program-urgent-repair-home-rehabilitation,,,,,,,,,,,,,,,,,,,,
,328,Bertie County DSS — CIP/LIEAP,Windsor,"110 Jasper Bazemore Ave., Windsor, NC 27983",252-794-5320,Assistance Program,electric_bill,,,,Bertie,,,,,,,,,,,,,,,,,,,,,,,
,329,Bertie County DSS — Food & Nutrition Services,Windsor,"110 Jasper Bazemore Ave., Windsor, NC 27983",252-794-5320,Assistance Program,food_pantry,,,,Bertie,,,,,,,,,,,,,,,,,,,,,,,
,330,Bladen County DSS — Emergency Assistance / Housing Crisis Support,Elizabethtown,"208 McKay St., Elizabethtown, NC 28337",910-862-6800,Assistance Program,rent_assistance,,,,Bladen,,,,,,,,,,,,,,,,,,,,,,,
,331,Bladen County DSS — CIP/LIEAP,Elizabethtown,"208 McKay St., Elizabethtown, NC 28337",910-862-6800,Assistance Program,electric_bill,,,,Bladen,,,,,,,,,,,,,,,,,,,,,,,
,332,Bladen County DSS — Food & Nutrition Services,Elizabethtown,"208 McKay St., Elizabethtown, NC 28337",910-862-6800,Assistance Program,food_pantry,,,,Bladen,,,,,,,,,,,,,,,,,,,,,,,
,333,Brunswick County DSS — Emergency Assistance / Housing Crisis Support,Bolivia,"60 Government Dr. NE, Bolivia, NC 28422",910-253-2077,Assistance Program,rent_assistance,,,,Brunswick,,,,,,,,,,,,,,,,,,,,,,,
,334,Brunswick County DSS — CIP/LIEAP,Bolivia,"60 Government Dr. NE, Bolivia, NC 28422",910-253-2077,Assistance Program,electric_bill,,,,Brunswick,,,,,,,,,,,,,,,,,,,,,,,
,335,Brunswick County DSS — Food & Nutrition Services,Bolivia,"60 Government Dr. NE, Bolivia, NC 28422",910-253-2077,Assistance Program,food_pantry,,,,Brunswick,,,,,,,,,,,,,,,,,,,,,,,
,336,Buncombe County Tenant-Based Rental Assistance,Asheville,"46 Valley St, Asheville, NC 28801",828-250-4834,Assistance Program,rent_assistance,,,,Buncombe,,,,,,,,,,,,,,,,,,,,,,,
,337,Asheville Buncombe Community Christian Ministry (ABCCM) Crisis Assistance,Asheville,"24 Cumberland Ave, Asheville, NC 28801",828-259-5300,Assistance Program,rent_assistance,,,,Buncombe,,,,,,,,,,,,,,,,,,,,,,,
,338,Buncombe County DHHS / Community Energy Assistance,Asheville,"40 Coxe Ave, Asheville, NC 28801",828-250-5500,Assistance Program,"electric_bill, gas_bill",,,,Buncombe,,,,,,,,,,,,,,,,,,,,,,,
,339,Buncombe County Food Assistance / FNS,Asheville,"40 Coxe Ave, Asheville, NC 28801",828-250-5500,Assistance Program,food_pantry,,,,Buncombe,,,,,,,,,,,,,,,,,,,,,,,
,340,Burke United Christian Ministries,Morganton,"305-B W Union St, Morganton, NC 28655",828-433-8075,Assistance Program,rent_assistance,,,,Burke,,,,,,,,,,,,,,,,,,,,,,,
,341,Burke County DSS — Crisis Intervention Program (CIP),Morganton,"700 E Parker Rd, Morganton, NC 28680",828-764-9600,Assistance Program,electric_bill,,,,Burke,,,,,,,,,,,,,,,,,,,,,,,
,342,Burke County DSS — Food & Nutrition Services,Morganton,"700 E Parker Rd, Morganton, NC 28680",828-764-9600,Assistance Program,food_pantry,,,,Burke,,,,,,,,,,,,,,,,,,,,,,,
,343,Cooperative Christian Ministry — Crisis Assistance,Concord,"246 Country Club Dr NE, Concord, NC 28025",704-786-4709,Assistance Program,rent_assistance,,,,Cabarrus,,,,,,,,,,,,,,,,,,,,,,,
,344,City of Concord Housing Department,Concord,"35 Cabarrus Ave W, Concord, NC 28025",704-920-6100,Assistance Program,rent_assistance,,,,Cabarrus,,,,,,,,,,,,,,,,,,,,,,,
,345,Cooperative Christian Ministry — Crisis Assistance,Concord,"246 Country Club Dr NE, Concord, NC 28025",704-786-4709,Assistance Program,electric_bill,,,,Cabarrus,,,,,,,,,,,,,,,,,,,,,,,
,346,Cabarrus County CHSA — Food & Nutrition Services,Kannapolis,"1303 S Cannon Blvd, Kannapolis, NC 28083",704-920-1400,Assistance Program,food_pantry,,,,Cabarrus,,,,,,,,,,,,,,,,,,,,,,,
,347,Caldwell County DSS — Emergency Assistance / Housing Support,Lenoir,"2345 Morganton Blvd SW, Suite A, Lenoir, NC 28645",828-426-8200,Assistance Program,rent_assistance,,,,Caldwell,,,,,,,,,,,,,,,,,,,,,,,
,348,Caldwell County DSS — CIP/LIEAP,Lenoir,"2345 Morganton Blvd SW, Suite A, Lenoir, NC 28645",828-426-8200,Assistance Program,electric_bill,,,,Caldwell,,,,,,,,,,,,,,,,,,,,,,,
,349,Caldwell County Food & Nutrition Services,Lenoir,"2345 Morganton Blvd SW, Suite A, Lenoir, NC 28645",828-426-8296,Assistance Program,food_pantry,,,,Caldwell,,,,,,,,,,,,,,,,,,,,,,,
,350,Camden County DSS — Emergency Assistance/Housing Referral,Camden,"117 NC Hwy 343 N, Camden, NC 27921",252-331-4787,Assistance Program,rent_assistance,,,,Camden,,,,,,,,,,,,,,,,,,,,,,,
,351,Camden County DSS — CIP/LIEAP,Camden,"117 NC Hwy 343 N, Camden, NC 27921",252-331-4787,Assistance Program,electric_bill,,,,Camden,,,,,,,,,,,,,,,,,,,,,,,
,352,Camden County DSS — Food & Nutrition Services,Camden,"117 NC Hwy 343 N, Camden, NC 27921",252-331-4787,Assistance Program,food_pantry,,,,Camden,,,,,,,,,,,,,,,,,,,,,,,
,353,Carteret County Work First Emergency Assistance,Beaufort,"210 Craven St, Beaufort, NC 28516",252-728-3181,Assistance Program,rent_assistance,,,,Carteret,,,,,,,,,,,,,,,,,,,,,,,
,354,Carteret County Work First Emergency Assistance / CIP,Beaufort,"210 Craven St, Beaufort, NC 28516",252-728-3181,Assistance Program,electric_bill,,,,Carteret,,,,,,,,,,,,,,,,,,,,,,,
,355,Carteret County DSS — Food & Nutrition Services,Beaufort,"210 Craven St, Beaufort, NC 28516",252-728-3181,Assistance Program,food_pantry,,,,Carteret,,,,,,,,,,,,,,,,,,,,,,,
,356,Caswell County DSS — Emergency Assistance/Housing Support,Yanceyville,"175 County Park Rd, Yanceyville, NC 27379",336-694-4141,Assistance Program,rent_assistance,,,,Caswell,,,,,,,,,,,,,,,,,,,,,,,
,357,Caswell County DSS — CIP/LIEAP,Yanceyville,"175 County Park Rd, Yanceyville, NC 27379",336-694-4141,Assistance Program,electric_bill,,,,Caswell,,,,,,,,,,,,,,,,,,,,,,,
,358,Caswell County DSS — Food & Nutrition Services,Yanceyville,"175 County Park Rd, Yanceyville, NC 27379",336-694-4141,Assistance Program,food_pantry,,,,Caswell,,,,,,,,,,,,,,,,,,,,,,,
,359,Eastern Catawba Cooperative Christian Ministry,Newton,"245 E N St, Newton, NC 28658",828-327-0979,Assistance Program,rent_assistance,,,,Catawba,,,,,,,,,,,,,,,,,,,,,,,
,360,Catawba County DSS — CIP/LIEAP,Hickory,"3030 11th Ave Dr SE, Hickory, NC 28602",828-695-5600,Assistance Program,electric_bill,,,,Catawba,,,,,,,,,,,,,,,,,,,,,,,
,361,Catawba County Food & Nutrition Services,Hickory,"3030 11th Ave Dr SE, Hickory, NC 28602",828-695-5600,Assistance Program,food_pantry,,,,Catawba,,,,,,,,,,,,,,,,,,,,,,,
,362,Chatham County Work First Emergency Assistance,Pittsboro,"12 East St, Pittsboro, NC 27312",919-542-2759,Assistance Program,rent_assistance,,,,Chatham,,,,,,,,,,,,,,,,,,,,,,,
,363,Chatham County Work First Emergency Assistance / CIP,Pittsboro,"12 East St, Pittsboro, NC 27312",919-542-2759,Assistance Program,electric_bill,,,,Chatham,,,,,,,,,,,,,,,,,,,,,,,
,364,Chatham County DSS — Food & Nutrition Services,Pittsboro,"12 East St, Pittsboro, NC 27312",919-542-2759,Assistance Program,food_pantry,,,,Chatham,,,,,,,,,,,,,,,,,,,,,,,
,365,HERE in Jackson County — Housing Stabilization Services,Verify current location,Provider location to be confirmed during intake,Verify with provider,Assistance Program,"eviction_prevention, rent_assistance",,,,Cherokee,,,,,,,,,,,,,,,,,,,,,,,
,366,Cherokee County DSS — CIP/LIEAP,Murphy,"4800 W US Hwy 64, Murphy, NC 28906",828-837-7455,Assistance Program,electric_bill,,,,Cherokee,,,,,,,,,,,,,,,,,,,,,,,
,367,Cherokee County DSS — Food & Nutrition Services,Murphy,"4800 W US Hwy 64, Murphy, NC 28906",828-837-7455,Assistance Program,food_pantry,,,,Cherokee,,,,,,,,,,,,,,,,,,,,,,,
,368,Chowan County DSS — Emergency Assistance/Housing Support,Edenton,"100 W Freemason St, Edenton, NC 27932",252-482-7441,Assistance Program,rent_assistance,,,,Chowan,,,,,,,,,,,,,,,,,,,,,,,
,369,Chowan County DSS — CIP/LIEAP,Edenton,"100 W Freemason St, Edenton, NC 27932",252-482-7441,Assistance Program,electric_bill,,,,Chowan,,,,,,,,,,,,,,,,,,,,,,,
,370,Chowan County DSS — Food & Nutrition Services,Edenton,"100 W Freemason St, Edenton, NC 27932",252-482-7441,Assistance Program,food_pantry,,,,Chowan,,,,,,,,,,,,,,,,,,,,,,,
,371,Clay County DSS — Emergency Assistance/Housing Support,Hayesville,"345 Courthouse Dr, Hayesville, NC 28904",828-389-6301,Assistance Program,rent_assistance,,,,Clay,,,,,,,,,,,,,,,,,,,,,,,
,372,Clay County DSS — CIP/LIEAP,Hayesville,"345 Courthouse Dr, Hayesville, NC 28904",828-389-6301,Assistance Program,electric_bill,,,,Clay,,,,,,,,,,,,,,,,,,,,,,,
,373,Clay County DSS — Food & Nutrition Services,Hayesville,"345 Courthouse Dr, Hayesville, NC 28904",828-389-6301,Assistance Program,food_pantry,,,,Clay,,,,,,,,,,,,,,,,,,,,,,,
,374,Cleveland County DSS — Emergency Assistance,Shelby,"130 S Post Rd, Shelby, NC 28152",704-487-0661,Assistance Program,rent_assistance,,,,Cleveland,,,,,,,,,,,,,,,,,,,,,,,
,375,Cleveland County DSS — CIP/LIEAP,Shelby,"130 S Post Rd, Shelby, NC 28152",704-487-0661,Assistance Program,electric_bill,,,,Cleveland,,,,,,,,,,,,,,,,,,,,,,,
,376,Cleveland County DSS — Food & Nutrition Services,Shelby,"130 S Post Rd, Shelby, NC 28152",704-487-0661,Assistance Program,food_pantry,,,,Cleveland,,,,,,,,,,,,,,,,,,,,,,,
,377,Columbus County DSS — Emergency Assistance/Housing Support,Whiteville,"40 Government Complex Rd, Whiteville, NC 28472",910-641-3000,Assistance Program,rent_assistance,,,,Columbus,,,,,,,,,,,,,,,,,,,,,,,
,378,Columbus County DSS — CIP/LIEAP,Whiteville,"40 Government Complex Rd, Whiteville, NC 28472",910-641-3000,Assistance Program,electric_bill,,,,Columbus,,,,,,,,,,,,,,,,,,,,,,,
,379,Columbus County DSS — Food & Nutrition Services,Whiteville,"40 Government Complex Rd, Whiteville, NC 28472",910-641-3000,Assistance Program,food_pantry,,,,Columbus,,,,,,,,,,,,,,,,,,,,,,,
,380,Craven County DSS — Emergency Assistance,New Bern,"2818 Neuse Blvd, New Bern, NC 28562",252-636-4900,Assistance Program,rent_assistance,,,,Craven,,,,,,,,,,,,,,,,,,,,,,,
,381,Craven County DSS — CIP/LIEAP,New Bern,"2818 Neuse Blvd, New Bern, NC 28562",252-636-4900,Assistance Program,electric_bill,,,,Craven,,,,,,,,,,,,,,,,,,,,,,,
,382,Craven County DSS — Food & Nutrition Services,New Bern,"2818 Neuse Blvd, New Bern, NC 28562",252-636-4900,Assistance Program,food_pantry,,,,Craven,,,,,,,,,,,,,,,,,,,,,,,
,383,Cumberland County Coordinated Entry / Homeless Services,Verify current location,Intake location determined through program,910-483-5944,Assistance Program,"eviction_prevention, rent_assistance",,,,Cumberland,,,,,,,,,,,,,,,,,,,,,,,
,384,Cumberland County DSS — CIP/LIEAP,Fayetteville,"1225 Ramsey St, Fayetteville, NC 28301",910-323-1540,Assistance Program,electric_bill,,,,Cumberland,,,,,,,,,,,,,,,,,,,,,,,
,385,Cumberland County DSS — Food & Nutrition Services,Fayetteville,"1225 Ramsey St, Fayetteville, NC 28301",910-323-1540,Assistance Program,food_pantry,,,,Cumberland,,,,,,,,,,,,,,,,,,,,,,,
,386,Currituck County DSS — Emergency Assistance/Housing Support,Currituck,"153 Courthouse Rd, Suite 107, Currituck, NC 27929",252-232-3083,Assistance Program,rent_assistance,,,,Currituck,,,,,,,,,,,,,,,,,,,,,,,
,387,Currituck County DSS — CIP/LIEAP,Currituck,"153 Courthouse Rd, Suite 107, Currituck, NC 27929",252-232-3083,Assistance Program,electric_bill,,,,Currituck,,,,,,,,,,,,,,,,,,,,,,,
,388,Currituck County DSS — Food & Nutrition Services,Currituck,"153 Courthouse Rd, Suite 107, Currituck, NC 27929",252-232-3083,Assistance Program,food_pantry,,,,Currituck,,,,,,,,,,,,,,,,,,,,,,,
,389,Dare County DSS — Housing/Homelessness Assistance,Manteo,"954 Marshall C Collins Dr, Manteo, NC 27954",252-475-5800,Assistance Program,"eviction_prevention, rent_assistance",,,,Dare,,,,,,,,,,,,,,,,,,,,,,,
,390,Dare County DSS — CIP/LIEAP,Manteo,"954 Marshall C Collins Dr, Manteo, NC 27954",252-475-5800,Assistance Program,electric_bill,,,,Dare,,,,,,,,,,,,,,,,,,,,,,,
,391,Dare County DSS — Food & Nutrition Services,Manteo,"954 Marshall C Collins Dr, Manteo, NC 27954",252-475-5800,Assistance Program,food_pantry,,,,Dare,,,,,,,,,,,,,,,,,,,,,,,
,392,Davidson County DSS — Emergency Assistance/Housing Support,Lexington,"913 Greensboro St, Lexington, NC 27292",336-242-2000,Assistance Program,rent_assistance,,,,Davidson,,,,,,,,,,,,,,,,,,,,,,,
,393,Davidson County DSS — CIP/LIEAP,Lexington,"913 Greensboro St, Lexington, NC 27292",336-242-2000,Assistance Program,electric_bill,,,,Davidson,,,,,,,,,,,,,,,,,,,,,,,
,394,Davidson County DSS — Food & Nutrition Services,Lexington,"913 Greensboro St, Lexington, NC 27292",336-242-2000,Assistance Program,food_pantry,,,,Davidson,,,,,,,,,,,,,,,,,,,,,,,
,395,Davie County DSS — Emergency Assistance/Housing Support,Mocksville,"154 Government Center Dr, Mocksville, NC 27028",336-753-6250,Assistance Program,rent_assistance,,,,Davie,,,,,,,,,,,,,,,,,,,,,,,
,396,Davie County DSS — CIP/LIEAP,Mocksville,"154 Government Center Dr, Mocksville, NC 27028",336-753-6250,Assistance Program,electric_bill,,,,Davie,,,,,,,,,,,,,,,,,,,,,,,
,397,Davie County DSS — Food & Nutrition Services,Mocksville,"154 Government Center Dr, Mocksville, NC 27028",336-753-6250,Assistance Program,food_pantry,,,,Davie,,,,,,,,,,,,,,,,,,,,,,,
,398,Duplin County DSS — Work First Emergency Assistance,Kenansville,"423 N Main St, Kenansville, NC 28349",910-296-2200,Assistance Program,rent_assistance,,,,Duplin,,,,,,,,,,,,,,,,,,,,,,,
,399,Duplin County DSS — CIP/LIEAP,Kenansville,"423 N Main St, Kenansville, NC 28349",910-296-2200,Assistance Program,electric_bill,,,,Duplin,,,,,,,,,,,,,,,,,,,,,,,
,400,Duplin County DSS — Food & Nutrition Services,Kenansville,"423 N Main St, Kenansville, NC 28349",910-296-2200,Assistance Program,food_pantry,,,,Duplin,,,,,,,,,,,,,,,,,,,,,,,
,401,Durham County DSS — Emergency Assistance / Housing Support,Durham,"414 E Main St, Durham, NC 27701",919-560-8000,Assistance Program,rent_assistance,,,,Durham,,,,,,,,,,,,,,,,,,,,,,,
,402,Durham County DSS — Crisis Intervention Program / Energy Assistance,Durham,"414 E Main St, Durham, NC 27701",919-560-8000,Assistance Program,"electric_bill, gas_bill",,,,Durham,,,,,,,,,,,,,,,,,,,,,,,
,403,Durham County DSS — Food & Nutrition Services,Durham,"414 E Main St, Durham, NC 27701",919-560-8000,Assistance Program,food_pantry,,,,Durham,,,,,,,,,,,,,,,,,,,,,,,
,404,Edgecombe County DSS — Emergency Assistance / Housing Crisis Support,Tarboro,"122 E St James St, Tarboro, NC 27886",252-641-7611,Assistance Program,rent_assistance,,,,Edgecombe,,,,,,,,,,,,,,,,,,,,,,,
,405,Edgecombe County DSS — CIP/LIEAP,Tarboro,"122 E St James St, Tarboro, NC 27886",252-641-7611,Assistance Program,electric_bill,,,,Edgecombe,,,,,,,,,,,,,,,,,,,,,,,
,406,Edgecombe County DSS — Food & Nutrition Services,Tarboro,"122 E St James St, Tarboro, NC 27886",252-641-7611,Assistance Program,food_pantry,,,,Edgecombe,,,,,,,,,,,,,,,,,,,,,,,
,407,Forsyth County DSS — Emergency Assistance / Housing Support,Winston-Salem,"741 N Highland Ave, Winston-Salem, NC 27101",336-703-3800,Assistance Program,rent_assistance,,,,Forsyth,,,,,,,,,,,,,,,,,,,,,,,
,408,Forsyth County DSS — CIP/LIEAP,Winston-Salem,"741 N Highland Ave, Winston-Salem, NC 27101",336-703-3800,Assistance Program,electric_bill,,,,Forsyth,,,,,,,,,,,,,,,,,,,,,,,
,409,Forsyth County DSS — Food & Nutrition Services,Winston-Salem,"741 N Highland Ave, Winston-Salem, NC 27101",336-703-3800,Assistance Program,food_pantry,,,,Forsyth,,,,,,,,,,,,,,,,,,,,,,,
,410,Franklin County DSS — Emergency Assistance / Housing Crisis Support,Louisburg,"107-A Industrial Dr, Louisburg, NC 27549",919-496-5721,Assistance Program,rent_assistance,,,,Franklin,,,,,,,,,,,,,,,,,,,,,,,
,411,Franklin County DSS — CIP/LIEAP,Louisburg,"107-A Industrial Dr, Louisburg, NC 27549",919-496-5721,Assistance Program,electric_bill,,,,Franklin,,,,,,,,,,,,,,,,,,,,,,,
,412,Franklin County DSS — Food & Nutrition Services,Louisburg,"107-A Industrial Dr, Louisburg, NC 27549",919-496-5721,Assistance Program,food_pantry,,,,Franklin,,,,,,,,,,,,,,,,,,,,,,,
,413,Gaston County DSS — Emergency Assistance / Housing Support,Gastonia,"330 Dr Martin Luther King Jr Way, Gastonia, NC 28052",704-862-7500,Assistance Program,"gas_bill, rent_assistance",,,,Gaston,,,,,,,,,,,,,,,,,,,,,,,
,414,Gaston County DSS — CIP/LIEAP,Gastonia,"330 Dr Martin Luther King Jr Way, Gastonia, NC 28052",704-862-7500,Assistance Program,electric_bill,,,,Gaston,,,,,,,,,,,,,,,,,,,,,,,
,415,Gaston County DSS — Food & Nutrition Services,Gastonia,"330 Dr Martin Luther King Jr Way, Gastonia, NC 28052",704-862-7500,Assistance Program,food_pantry,,,,Gaston,,,,,,,,,,,,,,,,,,,,,,,
,416,Gates County DSS — Emergency Assistance / Housing Crisis Support,Gatesville,"122 Main St, Gatesville, NC 27938",252-357-0075,Assistance Program,rent_assistance,,,,Gates,,,,,,,,,,,,,,,,,,,,,,,
,417,Gates County DSS — CIP/LIEAP,Gatesville,"122 Main St, Gatesville, NC 27938",252-357-0075,Assistance Program,electric_bill,,,,Gates,,,,,,,,,,,,,,,,,,,,,,,
,418,Gates County DSS — Food & Nutrition Services,Gatesville,"122 Main St, Gatesville, NC 27938",252-357-0075,Assistance Program,food_pantry,,,,Gates,,,,,,,,,,,,,,,,,,,,,,,
,419,Graham County DSS — Emergency Assistance / Housing Crisis Support,Robbinsville,"191 P & J Rd, Robbinsville, NC 28771",828-479-7911,Assistance Program,rent_assistance,,,,Graham,,,,,,,,,,,,,,,,,,,,,,,
,420,Graham County DSS — CIP/LIEAP,Robbinsville,"191 P & J Rd, Robbinsville, NC 28771",828-479-7911,Assistance Program,electric_bill,,,,Graham,,,,,,,,,,,,,,,,,,,,,,,
,421,Graham County DSS — Food & Nutrition Services,Robbinsville,"191 P & J Rd, Robbinsville, NC 28771",828-479-7911,Assistance Program,food_pantry,,,,Graham,,,,,,,,,,,,,,,,,,,,,,,
,422,Granville County DSS — Emergency Assistance / Housing Crisis Support,Oxford,"410 W Spring St, Oxford, NC 27565",919-693-1511,Assistance Program,rent_assistance,,,,Granville,,,,,,,,,,,,,,,,,,,,,,,
,423,Granville County DSS — CIP/LIEAP,Oxford,"410 W Spring St, Oxford, NC 27565",919-693-1511,Assistance Program,electric_bill,,,,Granville,,,,,,,,,,,,,,,,,,,,,,,
,424,Granville County DSS — Food & Nutrition Services,Oxford,"410 W Spring St, Oxford, NC 27565",919-693-1511,Assistance Program,food_pantry,,,,Granville,,,,,,,,,,,,,,,,,,,,,,,
,425,Greene County DSS — Emergency Assistance / Housing Crisis Support,Snow Hill,"227 Kingold Blvd, Suite A, Snow Hill, NC 28580",252-747-5932,Assistance Program,rent_assistance,,,,Greene,,,,,,,,,,,,,,,,,,,,,,,
,426,Greene County DSS — CIP/LIEAP,Snow Hill,"227 Kingold Blvd, Suite A, Snow Hill, NC 28580",252-747-5932,Assistance Program,electric_bill,,,,Greene,,,,,,,,,,,,,,,,,,,,,,,
,427,Greene County DSS — Food & Nutrition Services,Snow Hill,"227 Kingold Blvd, Suite A, Snow Hill, NC 28580",252-747-5932,Assistance Program,food_pantry,,,,Greene,,,,,,,,,,,,,,,,,,,,,,,
,428,Greensboro Housing Authority — HOME-ARP Tenant-Based Rental Assistance,Greensboro,"450 N Church St, Greensboro, NC 27401",336-275-8501,Assistance Program,rent_assistance,,,,Guilford,,,,,,,,,,,,,,,,,,,,,,,
,429,Guilford County DSS — Energy Assistance/CIP,Greensboro / High Point,"1203 Maple St, Greensboro, NC 27405 / 325 E Russell Ave, High Point, NC 27260",336-641-3000,Assistance Program,"electric_bill, gas_bill",,,,Guilford,,,,,,,,,,,,,,,,,,,,,,,
,430,Guilford County DSS — Food & Nutrition Services,Greensboro / High Point,"1203 Maple St, Greensboro, NC 27405 / 325 E Russell Ave, High Point, NC 27260",336-641-3000,Assistance Program,food_pantry,,,,Guilford,,,,,,,,,,,,,,,,,,,,,,,
,431,Roanoke-Chowan Regional Housing Authority — Housing Choice Voucher/Public Housing,Gaston,"205 Tinsley Way, Gaston, NC 27832",252-537-1051,Assistance Program,rent_assistance,,,,Halifax,,,,,,,,,,,,,,,,,,,,,,,
,432,Halifax County DSS — Energy and Water Assistance/CIP,Halifax,"4421 US 301, Halifax, NC 27839",252-536-2511,Assistance Program,"electric_bill, gas_bill, water_bill",,,,Halifax,,,,,,,,,,,,,,,,,,,,,,,
,433,Halifax County DSS — Food & Nutrition Services,Halifax,"4421 US 301, Halifax, NC 27839",252-536-2511,Assistance Program,food_pantry,,,,Halifax,,,,,,,,,,,,,,,,,,,,,,,
,434,Harnett County HUD Office — Housing Choice Voucher/Rental Subsidy,Sanford,"1000 Carthage St, Sanford, NC 27330",919-776-7655,Assistance Program,rent_assistance,,,,Harnett,,,,,,,,,,,,,,,,,,,,,,,
,435,Harnett County DSS — Crisis Intervention Program,Lillington,"311 W Cornelius Harnett Blvd, Lillington, NC 27546",910-814-6823,Assistance Program,electric_bill,,,,Harnett,,,,,,,,,,,,,,,,,,,,,,,
,436,Harnett County DSS — Food & Nutrition Services,Lillington,"311 W Cornelius Harnett Blvd, Lillington, NC 27546",910-814-6611,Assistance Program,food_pantry,,,,Harnett,,,,,,,,,,,,,,,,,,,,,,,
,437,Mountain Projects — Section 8 Housing Choice Voucher,Waynesville,"2177 Asheville Rd, Waynesville, NC 28786",828-452-1447,Assistance Program,rent_assistance,,,,Haywood,,,,,,,,,,,,,,,,,,,,,,,
,438,Haywood County DSS — CIP/LIEAP,Clyde,"157 Paragon Parkway, Suite 300, Clyde, NC 28721",828-452-6620 option 3,Assistance Program,electric_bill,,,,Haywood,,,,,,,,,,,,,,,,,,,,,,,
,439,Haywood County DSS — Food & Nutrition Services,Clyde,"157 Paragon Parkway, Suite 300, Clyde, NC 28721",828-452-6620,Assistance Program,food_pantry,,,,Haywood,,,,,,,,,,,,,,,,,,,,,,,
,440,Henderson County DSS — Emergency Assistance,Hendersonville,"1200 Spartanburg Hwy, Suite 300, Hendersonville, NC 28792",828-697-5500,Assistance Program,rent_assistance,,,,Henderson,,,,,,,,,,,,,,,,,,,,,,,
,441,Henderson County DSS — CIP/LIEAP,Hendersonville,"1200 Spartanburg Hwy, Suite 300, Hendersonville, NC 28792",828-697-5500,Assistance Program,electric_bill,,,,Henderson,,,,,,,,,,,,,,,,,,,,,,,
,442,Henderson County DSS — Food & Nutrition Services,Hendersonville,"1200 Spartanburg Hwy, Suite 300, Hendersonville, NC 28792",828-697-5500,Assistance Program,food_pantry,,,,Henderson,,,,,,,,,,,,,,,,,,,,,,,
,443,Roanoke-Chowan Regional Housing Authority — HCV/Public Housing,Gaston / Hertford,"RCRHA: 205 Tinsley Way, Gaston, NC 27832; Hertford Housing Authority: 104 White St, Hertford, NC 27944",252-537-1051,Assistance Program,rent_assistance,,,,Hertford,,,,,,,,,,,,,,,,,,,,,,,
,444,Hertford County DSS — Energy Assistance/CIP,Winton,"704 N King St, Winton, NC 27986",252-358-7830,Assistance Program,"electric_bill, gas_bill",,,,Hertford,,,,,,,,,,,,,,,,,,,,,,,
,445,Hertford County DSS — Food & Nutrition Services,Winton,"704 N King St, Winton, NC 27986",252-358-7830,Assistance Program,food_pantry,,,,Hertford,,,,,,,,,,,,,,,,,,,,,,,
,446,Hoke County Housing Authority,Raeford,"Hoke County Housing Authority; county administrative contact: 227 N Main St, Raeford, NC 28376",910-875-8751,Assistance Program,rent_assistance,,,,Hoke,,,,,,,,,,,,,,,,,,,,,,,
,447,Hoke County EFSP Utility Assistance,Raeford,"314 S Magnolia St, Raeford, NC 28376",910-875-8725,Assistance Program,"electric_bill, gas_bill",,,,Hoke,,,,,,,,,,,,,,,,,,,,,,,
,448,Hoke County DSS — Food & Nutrition Services,Raeford,"314 S Magnolia St, Raeford, NC 28376",910-875-8725,Assistance Program,food_pantry,,,,Hoke,,,,,,,,,,,,,,,,,,,,,,,
,449,Hyde County DSS — Housing/Emergency Assistance Referral,Engelhard,"35015 US Hwy 264, Engelhard, NC 27824",252-926-4199,Assistance Program,rent_assistance,,,,Hyde,,,,,,,,,,,,,,,,,,,,,,,
,450,Hyde County DSS — Energy Assistance/CIP/LIEAP,Engelhard,"35015 US Hwy 264, Engelhard, NC 27824",252-926-4199,Assistance Program,"electric_bill, gas_bill",,,,Hyde,,,,,,,,,,,,,,,,,,,,,,,
,451,Hyde County DSS — Food & Nutrition Services,Engelhard,"35015 US Hwy 264, Engelhard, NC 27824",252-926-4199,Assistance Program,food_pantry,,,,Hyde,,,,,,,,,,,,,,,,,,,,,,,
,452,Iredell County DSS / Local Housing Assistance Providers,Statesville / Mooresville,"549 Eastside Dr, Statesville, NC 28625; 610 E Center Ave, Mooresville, NC 28115",704-873-5631,Assistance Program,rent_assistance,,,,Iredell,,,,,,,,,,,,,,,,,,,,,,,
,453,Iredell County DSS — Energy Programs,Statesville / Mooresville,"549 Eastside Dr, Statesville, NC 28625; 610 E Center Ave, Mooresville, NC 28115",704-873-5631,Assistance Program,"electric_bill, gas_bill",,,,Iredell,,,,,,,,,,,,,,,,,,,,,,,
,454,Iredell County DSS — Food & Nutrition Services,Statesville / Mooresville,"549 Eastside Dr, Statesville, NC 28625; 610 E Center Ave, Mooresville, NC 28115",704-873-5631,Assistance Program,food_pantry,,,,Iredell,,,,,,,,,,,,,,,,,,,,,,,
,455,Mountain Projects — Section 8 Housing Choice Voucher,Sylva / Waynesville,"154 Medical Park Loop, Sylva, NC 28779 / 2177 Asheville Rd, Waynesville, NC 28786",828-586-2345,Assistance Program,rent_assistance,,,,Jackson,,,,,,,,,,,,,,,,,,,,,,,
,456,Jackson County DSS — CIP/LIEAP / Energy Assistance,Sylva,"15 Griffin St, Sylva, NC 28779",828-586-5546,Assistance Program,"electric_bill, gas_bill",,,,Jackson,,,,,,,,,,,,,,,,,,,,,,,
,457,Jackson County DSS — Food & Nutrition Services,Sylva,"15 Griffin St, Sylva, NC 28779",828-586-5546,Assistance Program,food_pantry,,,,Jackson,,,,,,,,,,,,,,,,,,,,,,,
,458,Global Empowerment Mission — Helene Rental Assistance,Mitchell County,Mitchell County service area; confirm intake location,—,Assistance Program,rent_assistance,,,,Mitchell,,,,,,,,,,,,,,,,,,,,,,,
,459,Mitchell County DSS — Energy Assistance / CIP,Bakersville,"347 Long View Dr, Bakersville, NC 28705",828-688-2175,Assistance Program,"electric_bill, gas_bill",,,,Mitchell,,,,,,,,,,,,,,,,,,,,,,,
,460,Mitchell County DSS — Food & Nutrition Services,Bakersville,"347 Long View Dr, Bakersville, NC 28705",828-688-2175,Assistance Program,food_pantry,,,,Mitchell,,,,,,,,,,,,,,,,,,,,,,,
,461,Troy/Montgomery Senior Center — Housing Assistance / Referral,Troy,"228 N Main St, Troy, NC 27371",910-572-4464,Assistance Program,rent_assistance,,,,Montgomery,,,,,,,,,,,,,,,,,,,,,,,
,462,Montgomery County DSS — Crisis Programs / Energy Assistance,Troy,"102 E Spring St, Troy, NC 27371",910-576-6531,Assistance Program,"electric_bill, gas_bill",,,,Montgomery,,,,,,,,,,,,,,,,,,,,,,,
,463,Montgomery County DSS — Food & Nutrition Services,Troy,"102 E Spring St, Troy, NC 27371",910-576-6531,Assistance Program,food_pantry,,,,Montgomery,,,,,,,,,,,,,,,,,,,,,,,
,464,Moore County DSS — Emergency Assistance / Housing Support,Carthage,"1036 Carriage Oaks Dr, Carthage, NC 28327",910-947-2436,Assistance Program,rent_assistance,,,,Moore,,,,,,,,,,,,,,,,,,,,,,,
,465,Moore County DSS — Energy Assistance,Carthage,"1036 Carriage Oaks Dr, Carthage, NC 28327",910-947-2436,Assistance Program,"electric_bill, gas_bill",,,,Moore,,,,,,,,,,,,,,,,,,,,,,,
,466,Moore County DSS — Food & Nutrition Services,Carthage,"1036 Carriage Oaks Dr, Carthage, NC 28327",910-947-2436,Assistance Program,food_pantry,,,,Moore,,,,,,,,,,,,,,,,,,,,,,,
,467,Nash County DSS — Family Support / Emergency Assistance Referral,Nashville,"120 W Washington St, Suite 3072, Nashville, NC 27856",252-459-9818,Assistance Program,rent_assistance,,,,Nash,,,,,,,,,,,,,,,,,,,,,,,
,468,Nash County DSS — Energy Programs,Nashville,"120 W Washington St, Suite 3072, Nashville, NC 27856",252-459-9818,Assistance Program,"electric_bill, gas_bill",,,,Nash,,,,,,,,,,,,,,,,,,,,,,,
,469,Nash County DSS — Food & Nutrition Services,Nashville,"120 W Washington St, Suite 3072, Nashville, NC 27856",252-459-9822,Assistance Program,food_pantry,,,,Nash,,,,,,,,,,,,,,,,,,,,,,,
,470,New Hanover County HHS — Crisis Intervention / Housing Assistance,Wilmington,"1650 Greenfield St, Wilmington, NC 28401",910-798-3500,Assistance Program,rent_assistance,,,,New Hanover,,,,,,,,,,,,,,,,,,,,,,,
,471,New Hanover County HHS — Crisis Intervention / Energy Assistance,Wilmington,"1650 Greenfield St, Wilmington, NC 28401",910-798-3500,Assistance Program,"electric_bill, gas_bill",,,,New Hanover,,,,,,,,,,,,,,,,,,,,,,,
,472,New Hanover County HHS — Food & Nutrition Services,Wilmington,"1650 Greenfield St, Wilmington, NC 28401",910-798-3500,Assistance Program,food_pantry,,,,New Hanover,,,,,,,,,,,,,,,,,,,,,,,
,473,Northampton County DSS — Emergency Assistance / Housing Referral,Jackson,"9536 NC Hwy 305, Jackson, NC 27845",252-534-5811,Assistance Program,rent_assistance,,,,Northampton,,,,,,,,,,,,,,,,,,,,,,,
,474,Northampton County DSS — Energy Assistance / CIP,Jackson,"9536 NC Hwy 305, Jackson, NC 27845",252-534-5811,Assistance Program,"electric_bill, gas_bill",,,,Northampton,,,,,,,,,,,,,,,,,,,,,,,
,475,Northampton County DSS — Food & Nutrition Services,Jackson,"9536 NC Hwy 305, Jackson, NC 27845",252-534-5811,Assistance Program,food_pantry,,,,Northampton,,,,,,,,,,,,,,,,,,,,,,,
,476,Onslow County DSS — Crisis Intervention / Housing Payment Assistance,Jacksonville,"612 College St, Jacksonville, NC 28540",910-455-4145,Assistance Program,rent_assistance,,,,Onslow,,,,,,,,,,,,,,,,,,,,,,,
,477,Onslow County DSS — Energy Programs / CIP-LIEAP,Jacksonville,"612 College St, Jacksonville, NC 28540",910-455-4145,Assistance Program,"electric_bill, gas_bill",,,,Onslow,,,,,,,,,,,,,,,,,,,,,,,
,478,Onslow County DSS — Food & Nutrition Services,Jacksonville,"612 College St, Jacksonville, NC 28540",910-455-4145,Assistance Program,food_pantry,,,,Onslow,,,,,,,,,,,,,,,,,,,,,,,
,479,Orange County Emergency Housing Assistance (EHA),Chapel Hill / Hillsborough,"Southern Human Services Center: 2501 Homestead Rd, Chapel Hill, NC 27516; Hillsborough Commons: 113 Mayo St, Hillsborough, NC 27278",919-245-2655,Assistance Program,rent_assistance,,,,Orange,,,,,,,,,,,,,,,,,,,,,,,
,480,Orange County DSS — Emergency Assistance,Hillsborough,"300 W Tryon St, Hillsborough, NC 27278",919-732-8181,Assistance Program,electric_bill,,,,Orange,,,,,,,,,,,,,,,,,,,,,,,
,481,Orange County DSS — Food & Nutrition Services,Hillsborough,"300 W Tryon St, Hillsborough, NC 27278",919-245-2900,Assistance Program,food_pantry,,,,Orange,,,,,,,,,,,,,,,,,,,,,,,
,482,Pamlico County Human Services Center / DSS — Housing Crisis Referral,Bayboro,"828 Alliance Main St, Bayboro, NC 28515",252-745-4086,Assistance Program,rent_assistance,,,,Pamlico,,,,,,,,,,,,,,,,,,,,,,,
,483,Pamlico County Human Services Center — Energy Assistance,Bayboro,"828 Alliance Main St, Bayboro, NC 28515",252-745-4086,Assistance Program,"electric_bill, gas_bill",,,,Pamlico,,,,,,,,,,,,,,,,,,,,,,,
,484,Pamlico County Human Services Center — Food & Nutrition Services,Bayboro,"828 Alliance Main St, Bayboro, NC 28515",252-745-4086,Assistance Program,food_pantry,,,,Pamlico,,,,,,,,,,,,,,,,,,,,,,,
,485,Pasquotank County DSS — Emergency Assistance / Housing Referral,Elizabeth City,"709 Roanoke Ave, Elizabeth City, NC 27909",252-338-2126,Assistance Program,rent_assistance,,,,Pasquotank,,,,,,,,,,,,,,,,,,,,,,,
,486,Pasquotank County DSS — Energy Assistance / CIP-LIEAP,Elizabeth City,"709 Roanoke Ave, Elizabeth City, NC 27909",252-338-2126,Assistance Program,"electric_bill, gas_bill",,,,Pasquotank,,,,,,,,,,,,,,,,,,,,,,,
,487,Pasquotank County DSS — Food & Nutrition Services,Elizabeth City,"709 Roanoke Ave, Elizabeth City, NC 27909",252-338-2126,Assistance Program,food_pantry,,,,Pasquotank,,,,,,,,,,,,,,,,,,,,,,,
,488,Pender County DSS — Emergency Assistance,Burgaw,"298-B Progress Dr, Burgaw, NC 28425",910-259-1240,Assistance Program,rent_assistance,,,,Pender,,,,,,,,,,,,,,,,,,,,,,,
,489,Pender County DSS — CIP/LIEAP Energy Assistance,Burgaw,"298-B Progress Dr, Burgaw, NC 28425",910-259-1240,Assistance Program,"electric_bill, gas_bill",,,,Pender,,,,,,,,,,,,,,,,,,,,,,,
,490,Pender County DSS — Food & Nutrition Services,Burgaw,"298-B Progress Dr, Burgaw, NC 28425",910-259-1240,Assistance Program,food_pantry,,,,Pender,,,,,,,,,,,,,,,,,,,,,,,
,491,Albemarle Commission — Community Housing / Housing Repair Resources,Hertford,"512 S Church St, Hertford, NC 27944",252-426-5753,Assistance Program,rent_assistance,,,,Perquimans,,,,,,,,,,,,,,,,,,,,,,,
,492,Perquimans County DSS — Energy Assistance / CIP-LIEAP,Hertford,"103 Charles St, Hertford, NC 27944",252-426-7373,Assistance Program,"electric_bill, gas_bill",,,,Perquimans,,,,,,,,,,,,,,,,,,,,,,,
,493,Perquimans County DSS — Food & Nutrition Services,Hertford,"103 Charles St, Hertford, NC 27944",252-426-7373,Assistance Program,food_pantry,,,,Perquimans,,,,,,,,,,,,,,,,,,,,,,,
,494,Person County Habitat for Humanity / Housing Assistance,Person County,Person County service area; confirm current office location,336-597-2206,Assistance Program,rent_assistance,,,,Person,,,,,,,,,,,,,,,,,,,,,,,
,495,Person County DSS — Energy Assistance / CIP-LIEAP,Roxboro,"355-B S Madison Blvd, Roxboro, NC 27573",336-599-8361,Assistance Program,"electric_bill, gas_bill",,,,Person,,,,,,,,,,,,,,,,,,,,,,,
,496,Person County DSS — Food & Nutrition Services,Roxboro,"355-B S Madison Blvd, Roxboro, NC 27573",336-599-8361,Assistance Program,food_pantry,,,,Person,,,,,,,,,,,,,,,,,,,,,,,
,497,Pitt County DSS — Emergency Eviction Prevention Assistance,Greenville,"1717 W 5th St, Greenville, NC 27834",252-751-9900,Assistance Program,"eviction_prevention, rent_assistance",,,,Pitt,,,,,,,,,,,,,,,,,,,,,,,
,498,Pitt County DSS — Low Income Energy Assistance,Greenville,"1717 W 5th St, Greenville, NC 27834",252-902-1000,Assistance Program,"electric_bill, gas_bill",,,,Pitt,,,,,,,,,,,,,,,,,,,,,,,
,499,Pitt County DSS — Food & Nutrition Services,Greenville,"1717 W 5th St, Greenville, NC 27834",252-902-1000,Assistance Program,food_pantry,,,,Pitt,,,,,,,,,,,,,,,,,,,,,,,
,500,Polk County DSS — Emergency Assistance / Housing Referral,Mill Spring,"231 Wolverine Trail, Mill Spring, NC 28756",828-894-2100,Assistance Program,rent_assistance,,,,Polk,,,,,,,,,,,,,,,,,,,,,,,
,501,Polk County DSS — Energy Assistance / CIP-LIEAP,Mill Spring,"231 Wolverine Trail, Mill Spring, NC 28756",828-894-2100,Assistance Program,"electric_bill, gas_bill",,,,Polk,,,,,,,,,,,,,,,,,,,,,,,
,502,Polk County DSS — Food & Nutrition Services,Mill Spring,"231 Wolverine Trail, Mill Spring, NC 28756",828-894-2100,Assistance Program,food_pantry,,,,Polk,,,,,,,,,,,,,,,,,,,,,,,
,503,Randolph County DSS — Emergency Assistance,Asheboro,"725 McDowell Rd, Asheboro, NC 27205",336-683-8000,Assistance Program,rent_assistance,,,,Randolph,,,,,,,,,,,,,,,,,,,,,,,
,504,Randolph County DSS — Crisis Intervention Program,Asheboro,"725 McDowell Rd, Asheboro, NC 27205",336-683-8059,Assistance Program,electric_bill,,,,Randolph,,,,,,,,,,,,,,,,,,,,,,,
,505,Randolph County DSS — Food & Nutrition Services,Asheboro,"725 McDowell Rd, Asheboro, NC 27205",336-683-8000,Assistance Program,food_pantry,,,,Randolph,,,,,,,,,,,,,,,,,,,,,,,
,506,Richmond County DSS — Work First/Emergency Assistance,Rockingham,"125 Caroline St, Rockingham, NC 28379",910-997-8480,Assistance Program,rent_assistance,,,,Richmond,,,,,,,,,,,,,,,,,,,,,,,
,507,Richmond County DSS — Energy Assistance / CIP-LIEAP,Rockingham,"125 Caroline St, Rockingham, NC 28379",910-997-8480,Assistance Program,"electric_bill, gas_bill",,,,Richmond,,,,,,,,,,,,,,,,,,,,,,,
,508,Richmond County DSS — Food & Nutrition Services,Rockingham,"125 Caroline St, Rockingham, NC 28379",910-997-8484,Assistance Program,food_pantry,,,,Richmond,,,,,,,,,,,,,,,,,,,,,,,
,509,Robeson County DSS — Emergency/Community Housing Referral,Lumberton,"120 Glen Cowan Rd, Lumberton, NC 28360",910-671-3500,Assistance Program,rent_assistance,,,,Robeson,,,,,,,,,,,,,,,,,,,,,,,
,510,Robeson County DSS — Energy Assistance / CIP-LIEAP,Lumberton,"120 Glen Cowan Rd, Lumberton, NC 28360",910-671-6201,Assistance Program,"electric_bill, gas_bill",,,,Robeson,,,,,,,,,,,,,,,,,,,,,,,
,511,Robeson County DSS — Food & Nutrition Services,Lumberton,"120 Glen Cowan Rd, Lumberton, NC 28360",910-671-6201,Assistance Program,food_pantry,,,,Robeson,,,,,,,,,,,,,,,,,,,,,,,
,512,Rockingham County DSS — Emergency Assistance,Reidsville,"411 NC Hwy 65, Reidsville, NC 27320",336-342-1394,Assistance Program,rent_assistance,,,,Rockingham,,,,,,,,,,,,,,,,,,,,,,,
,513,Rockingham County DSS — CIP/LIEAP,Wentworth/Reidsville,"411 NC Hwy 65, Wentworth/Reidsville service area",336-342-1394,Assistance Program,electric_bill,,,,Rockingham,,,,,,,,,,,,,,,,,,,,,,,
,514,Rockingham County DSS — Food & Nutrition Services,Wentworth,"411 NC Hwy 65, Wentworth, NC 27375",336-342-1394,Assistance Program,food_pantry,,,,Rockingham,,,,,,,,,,,,,,,,,,,,,,,
,515,Rowan County DSS — Housing/Emergency Assistance,Salisbury,"1813 E Innes St, Salisbury, NC 28146",704-216-8330,Assistance Program,rent_assistance,,,,Rowan,,,,,,,,,,,,,,,,,,,,,,,
,516,Rowan County DSS — Crisis Intervention Program / LIEAP,Salisbury,"1813 E Innes St, Salisbury, NC 28146",704-216-8330,Assistance Program,electric_bill,,,,Rowan,,,,,,,,,,,,,,,,,,,,,,,
,517,Rowan County DSS — Food & Nutrition Services,Salisbury,"1813 E Innes St, Salisbury, NC 28146",704-216-8330,Assistance Program,food_pantry,,,,Rowan,,,,,,,,,,,,,,,,,,,,,,,
,518,Rutherford County DSS — Emergency Assistance / Housing Crisis,Spindale,"389 Fairground Rd, Spindale, NC 28160",828-287-6165,Assistance Program,rent_assistance,,,,Rutherford,,,,,,,,,,,,,,,,,,,,,,,
,519,Rutherford County DSS — Energy Programs / CIP-LIEAP,Spindale,"389 Fairground Rd, Spindale, NC 28160",828-287-6165,Assistance Program,"electric_bill, gas_bill",,,,Rutherford,,,,,,,,,,,,,,,,,,,,,,,
,520,Rutherford County DSS — Food & Nutrition Services,Spindale,"389 Fairground Rd, Spindale, NC 28160",828-287-6165,Assistance Program,food_pantry,,,,Rutherford,,,,,,,,,,,,,,,,,,,,,,,
,521,Sampson County DSS — Work First / Emergency Assistance Referral,Clinton,"360 County Complex Rd, Suite 100, Clinton, NC 28328",910-592-7131,Assistance Program,rent_assistance,,,,Sampson,,,,,,,,,,,,,,,,,,,,,,,
,522,Sampson County DSS — LIEAP/CIP Energy Assistance,Clinton,"360 County Complex Rd, Suite 100, Clinton, NC 28328",910-592-7131,Assistance Program,"electric_bill, gas_bill",,,,Sampson,,,,,,,,,,,,,,,,,,,,,,,
,523,Sampson County DSS — Food & Nutrition Services,Clinton,"360 County Complex Rd, Suite 100, Clinton, NC 28328",910-592-7131,Assistance Program,food_pantry,,,,Sampson,,,,,,,,,,,,,,,,,,,,,,,
,524,Church & Community Services of Scotland County,Laurinburg,"108 Gil St, Laurinburg, NC 28352; service location also listed at 205-B Lauchwood Dr",910-276-8330,Assistance Program,rent_assistance,,,,Scotland,,,,,,,,,,,,,,,,,,,,,,,
,525,Church & Community Services of Scotland County,Laurinburg,"108 Gil St, Laurinburg, NC 28352",910-276-8330,Assistance Program,electric_bill,,,,Scotland,,,,,,,,,,,,,,,,,,,,,,,
,526,Church & Community Services Food Pantry / Scotland County FNS,Laurinburg,"108 Gil St, Laurinburg, NC 28352",910-276-8330,Assistance Program,food_pantry,,,,Scotland,,,,,,,,,,,,,,,,,,,,,,,
,527,Stanly Community Christian Ministry — Financial Assistance,Albemarle,"506 S 1st St, Albemarle, NC 28001",704-982-7915 ext. 104,Assistance Program,rent_assistance,,,,Stanly,,,,,,,,,,,,,,,,,,,,,,,
,528,Stanly Community Christian Ministry — Financial Assistance,Albemarle,"506 S 1st St, Albemarle, NC 28001",704-982-7915 ext. 104,Assistance Program,electric_bill,,,,Stanly,,,,,,,,,,,,,,,,,,,,,,,
,529,Stanly County DSS — Food & Nutrition Services,Albemarle,"1000 N 1st St, Suite 2, Albemarle, NC 28001",704-982-6100,Assistance Program,food_pantry,,,,Stanly,,,,,,,,,,,,,,,,,,,,,,,
,530,Crisis Control Ministry — Stokes County Emergency Assistance,Winston-Salem,Winston-Salem office; confirm current Stokes intake location,336-724-7453,Assistance Program,rent_assistance,,,,Stokes,,,,,,,,,,,,,,,,,,,,,,,
,531,Crisis Control Ministry — Stokes County Utility Assistance,Winston-Salem,Winston-Salem office; confirm intake location,336-724-7453,Assistance Program,"electric_bill, gas_bill",,,,Stokes,,,,,,,,,,,,,,,,,,,,,,,
,532,Crisis Control Ministry — Food Assistance,Winston-Salem,Winston-Salem office; confirm current food-pantry access,336-724-7453,Assistance Program,food_pantry,,,,Stokes,,,,,,,,,,,,,,,,,,,,,,,
,533,Surry County DSS — Emergency Assistance / Housing Referral,Dobson,"118 Hamby Rd, Dobson, NC 27017",336-401-8700,Assistance Program,rent_assistance,,,,Surry,,,,,,,,,,,,,,,,,,,,,,,
,534,Surry County DSS — Energy Assistance / CIP-LIEAP,Dobson,"118 Hamby Rd, Dobson, NC 27017",336-401-8700,Assistance Program,"electric_bill, gas_bill",,,,Surry,,,,,,,,,,,,,,,,,,,,,,,
,535,Surry County DSS — Food & Nutrition Services,Dobson,"118 Hamby Rd, Dobson, NC 27017",336-401-8700,Assistance Program,food_pantry,,,,Surry,,,,,,,,,,,,,,,,,,,,,,,
,536,Swain County DSS — Emergency Assistance / Domestic Violence Housing Support,Bryson City,"80 Academy St, Bryson City, NC 28713",828-488-6921,Assistance Program,rent_assistance,,,,Swain,,,,,,,,,,,,,,,,,,,,,,,
,537,Swain County DSS — Emergency Assistance / Energy Assistance,Bryson City,"80 Academy St, Bryson City, NC 28713",828-488-6921,Assistance Program,"electric_bill, gas_bill",,,,Swain,,,,,,,,,,,,,,,,,,,,,,,
,538,Swain County DSS — Food Assistance / Local Food Resources,Bryson City,"80 Academy St, Bryson City, NC 28713",828-488-6921,Assistance Program,food_pantry,,,,Swain,,,,,,,,,,,,,,,,,,,,,,,
,539,Sharing House — Crisis Assistance,Brevard,"892 Asheville Hwy, Brevard, NC 28712",828-884-2866,Assistance Program,rent_assistance,,,,Transylvania,,,,,,,,,,,,,,,,,,,,,,,
,540,Sharing House — Crisis Assistance,Brevard,"892 Asheville Hwy, Brevard, NC 28712",828-884-2866,Assistance Program,electric_bill,,,,Transylvania,,,,,,,,,,,,,,,,,,,,,,,
,541,Sharing House — Food & Fresh Produce,Brevard,"892 Asheville Hwy, Brevard, NC 28712",828-884-2866,Assistance Program,food_pantry,,,,Transylvania,,,,,,,,,,,,,,,,,,,,,,,
,542,Tyrrell County DSS — Emergency/Housing Assistance Referral,Columbia,"102 N Road St, Columbia, NC 27925",252-796-3421,Assistance Program,rent_assistance,,,,Tyrrell,,,,,,,,,,,,,,,,,,,,,,,
,543,Tyrrell County DSS — Energy Assistance / CIP-LIEAP,Columbia,"102 N Road St, Columbia, NC 27925",252-796-3421,Assistance Program,"electric_bill, gas_bill",,,,Tyrrell,,,,,,,,,,,,,,,,,,,,,,,
,544,Tyrrell County DSS — Food & Nutrition Services,Columbia,"102 N Road St, Columbia, NC 27925",252-796-3421,Assistance Program,food_pantry,,,,Tyrrell,,,,,,,,,,,,,,,,,,,,,,,
,545,Union County Crisis Assessment / Emergency Assistance,Monroe,"2330 Concord Ave, Monroe, NC 28110",704-296-4300,Assistance Program,rent_assistance,,,,Union,,,,,,,,,,,,,,,,,,,,,,,
,546,Union County Crisis Intervention Program (CIP),Monroe,"2330 Concord Ave, Monroe, NC 28110",704-296-4300,Assistance Program,electric_bill,,,,Union,,,,,,,,,,,,,,,,,,,,,,,
,547,Union County DSS — Food & Nutrition Services,Monroe,"2330 Concord Ave, Monroe, NC 28110",704-296-4300,Assistance Program,food_pantry,,,,Union,,,,,,,,,,,,,,,,,,,,,,,
,548,Franklin-Vance-Warren Opportunity — Housing Choice Voucher / Section 8,Henderson,"180 S Beckford Dr, Henderson, NC 27536",252-492-0161,Assistance Program,rent_assistance,,,,Vance,,,,,,,,,,,,,,,,,,,,,,,
,549,Franklin-Vance-Warren Opportunity — Weatherization / Energy Assistance,Henderson,"180 S Beckford Dr, Henderson, NC 27536",252-492-0161,Assistance Program,"electric_bill, gas_bill",,,,Vance,,,,,,,,,,,,,,,,,,,,,,,
,550,Vance County DSS — Food & Nutrition Services,Henderson,"500 N Beckford Dr, Suite C, Henderson, NC 27536",252-492-5001,Assistance Program,food_pantry,,,,Vance,,,,,,,,,,,,,,,,,,,,,,,
,551,House Wake! / Wake County Housing Assistance,Wake County,Wake County service area; verify current intake location,919-856-5689,Assistance Program,rent_assistance,,,,Wake,,,,,,,,,,,,,,,,,,,,,,,
,552,Wake County Human Services — Energy Assistance/CIP-LIEAP,Raleigh,"220 Swinburne St, Raleigh, NC 27620",919-212-7000,Assistance Program,"electric_bill, gas_bill",,,,Wake,,,,,,,,,,,,,,,,,,,,,,,
,553,Wake County Human Services — Food & Nutrition Services,Raleigh,"220 Swinburne St, Raleigh, NC 27620",919-212-7000,Assistance Program,food_pantry,,,,Wake,,,,,,,,,,,,,,,,,,,,,,,
,554,Warren County DSS — Emergency Assistance / Housing Crisis Support,Warrenton,"307 N Main St, Warrenton, NC 27589",252-257-5000,Assistance Program,rent_assistance,,,,Warren,,,,,,,,,,,,,,,,,,,,,,,
,555,Warren County DSS — Energy Assistance / CIP-LIEAP,Warrenton,"307 N Main St, Warrenton, NC 27589",252-257-5000,Assistance Program,"electric_bill, gas_bill",,,,Warren,,,,,,,,,,,,,,,,,,,,,,,
,556,Warren County DSS — Food & Nutrition Services,Warrenton,"307 N Main St, Warrenton, NC 27589",252-257-5000,Assistance Program,food_pantry,,,,Warren,,,,,,,,,,,,,,,,,,,,,,,
,557,Economic Improvement Council — Housing Choice Voucher / Housing Programs,Edenton,"712 Virginia Rd, Edenton, NC 27932",252-482-4458,Assistance Program,rent_assistance,,,,Washington,,,,,,,,,,,,,,,,,,,,,,,
,558,Washington County DSS — Work First/Energy Assistance,Plymouth,"209 E Main St, Plymouth, NC 27962",252-793-4041,Assistance Program,"electric_bill, gas_bill",,,,Washington,,,,,,,,,,,,,,,,,,,,,,,
,559,Washington County DSS — Food & Nutrition Services,Plymouth,"209 E Main St, Plymouth, NC 27962",252-793-4041,Assistance Program,food_pantry,,,,Washington,,,,,,,,,,,,,,,,,,,,,,,
,560,WAMY Community Action — Housing Program / Urgent Repair / Home Rehabilitation,Boone,"225 Birch St, Suite 2, Boone, NC 28607",828-264-2421,Assistance Program,rent_assistance,,,,Watauga,,,,,,,,,,,,,,,,,,,,,,,
,561,Watauga County DSS — Energy Assistance / LIEAP-CIP,Boone,"132 Poplar Grove Connector, Suite C, Boone, NC 28607",828-265-8100,Assistance Program,"electric_bill, gas_bill",,,,Watauga,,,,,,,,,,,,,,,,,,,,,,,
,562,Watauga County DSS — Food & Nutrition Services,Boone,"132 Poplar Grove Connector, Suite C, Boone, NC 28607",828-265-8100,Assistance Program,food_pantry,,,,Watauga,,,,,,,,,,,,,,,,,,,,,,,
,563,United Way of Wayne County — U-CAN,Goldsboro,"309 N William St, Goldsboro, NC 27530",919-735-3591,Assistance Program,rent_assistance,,,,Wayne,,,,,,,,,,,,,,,,,,,,,,,
,564,United Way of Wayne County — U-CAN Utility Assistance,Goldsboro,"309 N William St, Goldsboro, NC 27530",919-735-3591,Assistance Program,"electric_bill, gas_bill",,,,Wayne,,,,,,,,,,,,,,,,,,,,,,,
,565,Wayne County DSS — Food & Nutrition Services,Goldsboro,"1560 Clingman St, Goldsboro, NC 27534",919-580-4034,Assistance Program,food_pantry,,,,Wayne,,,,,,,,,,,,,,,,,,,,,,,
,566,Blue Ridge Opportunity Commission — Housing / Community Action Services,North Wilkesboro,"710 Veterans Dr, North Wilkesboro, NC 28659",336-667-7174,Assistance Program,rent_assistance,,,,Wilkes,,,,,,,,,,,,,,,,,,,,,,,
,567,Wilkes County DSS — Energy Assistance,Wilkesboro,"304 College St, Wilkesboro, NC 28697",336-651-7400,Assistance Program,"electric_bill, gas_bill",,,,Wilkes,,,,,,,,,,,,,,,,,,,,,,,
,568,Wilkes County DSS — Food Assistance/FNS,Wilkesboro,"304 College St, Wilkesboro, NC 28697",336-651-7400,Assistance Program,food_pantry,,,,Wilkes,,,,,,,,,,,,,,,,,,,,,,,
,569,Wilson County DSS — Emergency Assistance / Housing Referral,Wilson,"100 NE Gold St, Wilson, NC 27894",252-206-4000,Assistance Program,rent_assistance,,,,Wilson,,,,,,,,,,,,,,,,,,,,,,,
,570,Wilson County DSS — Energy Assistance / CIP,Wilson,"100 NE Gold St, Wilson, NC 27894",252-206-4100,Assistance Program,"electric_bill, gas_bill",,,,Wilson,,,,,,,,,,,,,,,,,,,,,,,
,571,Wilson County DSS — Food & Nutrition Services,Wilson,"100 NE Gold St, Wilson, NC 27894",252-206-4000,Assistance Program,food_pantry,,,,Wilson,,,,,,,,,,,,,,,,,,,,,,,
,572,Yadkin County DSS — Emergency Assistance / Partner Referral,Yadkinville,"217 E Willow St, Yadkinville, NC 27055",336-849-7910,Assistance Program,rent_assistance,,,,Yadkin,,,,,,,,,,,,,,,,,,,,,,,
,573,Yadkin County DSS — Crisis Intervention Program / Energy Programs,Yadkinville,"217 E Willow St, Yadkinville, NC 27055",336-849-7910,Assistance Program,"electric_bill, gas_bill",,,,Yadkin,,,,,,,,,,,,,,,,,,,,,,,
,574,Yadkin County DSS — Food & Nutrition Services,Yadkinville,"217 E Willow St, Yadkinville, NC 27055",336-849-7557,Assistance Program,food_pantry,,,,Yadkin,,,,,,,,,,,,,,,,,,,,,,,
,575,WAMY Community Action — Housing Program / Helene Housing Assistance,Spruce Pine / Burnsville,"WAMY: 496 A Balsam Ave, Spruce Pine, NC 28777; Yancey DSS: 320 Pensacola Rd, Burnsville, NC 28714",828-264-2421,Assistance Program,rent_assistance,,,,Yancey,,,,,,,,,,,,,,,,,,,,,,,
,576,Yancey County DSS — Energy Assistance / CIP-LIEAP,Burnsville,"320 Pensacola Rd, Burnsville, NC 28714",828-682-6148,Assistance Program,"electric_bill, gas_bill",,,,Yancey,,,,,,,,,,,,,,,,,,,,,,,
,577,Yancey County DSS — Food & Nutrition Services,Burnsville,"320 Pensacola Rd, Burnsville, NC 28714",828-682-6148,Assistance Program,food_pantry,,,,Yancey,,,,,,,,,,,,,,,,,,,,,,,