WEEK 1,#,Organization,City,Address,Phone,Programs,Help offered,Counties,ZIPs,People reached,Counties served,ZIP codes served,Source,slug — do not edit,rent slug — do not edit,Status,Rent status,SERVICE AREA — whole county? which areas?,Funding lasts until,Reopens on,How to apply,Hours,Daily cap,Documents required,Most common reason turned away,Anything changing,Spoke with,Call outcome,Note,Called (date),VA
,1,"Agricultural and Labor Program, Inc.",,,+18639563491,Low-Income Home Energy Assistance Program (LIHEAP),"electric_bill, gas_bill, reconnect_fee, utility_deposit",7,123,"1,994,487",Collier; Glades; Hendry; Highlands; Martin; Polk; St. Lucie,33438 33440 33455 33469 33471 33475 33801 33802 33803 33804 33805 33806 33807 33809 33810 33811 33812 33813 33815 33820 33823 33825 33826 33827 33830 33831 33835 33836 33837 33838 33839 33840 33841 33843 33844 33845 33846 33849 33850 33851 33852 33853 33854 33855 33856 33857 33858 33859 33860 33862 33867 33868 33870 33871 33872 33875 33876 33877 33880 33881 33882 33883 33884 33885 33896 33897 33898 33935 33960 33975 34101 34102 34103 34104 34105 34106 34107 34108 34109 34110 34112 34113 34114 34116 34117 34119 34120 34134 34141 34142 34145 34146 34759 34945 34946 34947 34948 34949 34950 34951 34952 34953 34954 34956 34957 34958 34974 34979 34981 34982 34983 34984 34985 34986 34987 34988 34990 34991 34992 34994 34995 34996 34997,FloridaCommerce LIHEAP provider list,agricultural-and-labor-program-liheap,,,,,,,,,,,,,,,,,
,2,"Bay County Council on Aging, Inc.",,,+18502150173,Low-Income Home Energy Assistance Program (LIHEAP),"electric_bill, gas_bill, reconnect_fee, utility_deposit",1,17,"199,718",Bay,32401 32402 32403 32404 32405 32406 32407 32408 32409 32411 32413 32417 32437 32438 32444 32456 32466,FloridaCommerce LIHEAP provider list,bay-county-council-on-aging-liheap,,,,,,,,,,,,,,,,,
,3,Brevard County Department of Housing and Human Services,,,+13216331951,Low-Income Home Energy Assistance Program (LIHEAP),"electric_bill, gas_bill, reconnect_fee, utility_deposit",1,42,"658,447",Brevard,32754 32780 32781 32783 32796 32901 32902 32903 32904 32905 32906 32907 32908 32909 32910 32911 32912 32920 32922 32923 32924 32925 32926 32927 32931 32932 32934 32935 32936 32937 32940 32941 32949 32950 32951 32952 32953 32954 32955 32956 32959 32976,FloridaCommerce LIHEAP provider list,brevard-county-department-of-housing-and-human-services-liheap,,,,,,,,,,,,,,,,,
,4,"Broward County Department of Human Services, Community Action Agency",,,+19543575025,Low-Income Home Energy Assistance Program (LIHEAP),"electric_bill, gas_bill, reconnect_fee, utility_deposit",1,81,"2,037,472",Broward,33004 33008 33009 33019 33020 33021 33022 33023 33024 33025 33026 33027 33028 33029 33060 33061 33062 33063 33064 33065 33066 33067 33068 33069 33071 33073 33074 33075 33076 33077 33081 33082 33083 33084 33093 33097 33301 33302 33303 33304 33305 33306 33307 33308 33309 33310 33311 33312 33313 33314 33315 33316 33317 33318 33319 33320 33321 33322 33323 33324 33325 33326 33327 33328 33329 33330 33331 33332 33334 33335 33338 33339 33345 33346 33348 33351 33355 33359 33441 33442 33443,FloridaCommerce LIHEAP provider list,broward-county-department-of-human-services-community-action-agency-liheap,,,,,,,,,,,,,,,,,
,5,"Capital Area Community Action Agency, Inc.",,,+18507590824,Low-Income Home Energy Assistance Program (LIHEAP),"electric_bill, gas_bill, reconnect_fee, utility_deposit",8,43,"447,763",Calhoun; Franklin; Gadsden; Gulf; Jefferson; Leon; Liberty; Wakulla,32301 32302 32303 32304 32305 32308 32309 32310 32311 32312 32314 32315 32316 32317 32318 32320 32321 32322 32324 32326 32327 32328 32331 32332 32333 32334 32336 32343 32344 32345 32346 32351 32352 32358 32360 32362 32421 32424 32430 32438 32449 32456 32465,FloridaCommerce LIHEAP provider list,capital-area-community-action-agency-liheap,,,,,,,,,,,,,,,,,
,6,"Central Florida Community Action Agency, Inc.",,,+13523737667,Low-Income Home Energy Assistance Program (LIHEAP),"electric_bill, gas_bill, reconnect_fee, utility_deposit",3,70,"768,452",Alachua; Levy; Marion,32113 32133 32134 32162 32179 32183 32195 32601 32603 32604 32605 32606 32607 32608 32609 32610 32614 32615 32616 32617 32618 32621 32622 32625 32626 32627 32631 32635 32640 32641 32643 32644 32653 32655 32658 32666 32667 32668 32669 32686 32693 32694 32696 32702 32784 34420 34421 34430 34431 34432 34449 34470 34471 34472 34473 34474 34475 34476 34477 34478 34479 34480 34481 34482 34483 34488 34489 34491 34492 34498,FloridaCommerce LIHEAP provider list,central-florida-community-action-agency-liheap,,,,,,,,,,,,,,,,,
,7,Charlotte County Department of Human Services,,,+19418336500,Low-Income Home Energy Assistance Program (LIHEAP),"electric_bill, gas_bill, reconnect_fee, utility_deposit",1,17,"212,122",Charlotte,33938 33946 33947 33948 33949 33950 33951 33952 33953 33954 33955 33980 33981 33982 33983 34223 34224,FloridaCommerce LIHEAP provider list,charlotte-county-department-of-human-services-liheap,,,,,,,,,,,,,,,,,
,8,Citrus County Division of Housing Services,,,+13525277520,Low-Income Home Energy Assistance Program (LIHEAP),"electric_bill, gas_bill, reconnect_fee, utility_deposit",1,22,"170,174",Citrus,34423 34428 34429 34433 34434 34436 34441 34442 34445 34446 34447 34448 34449 34450 34451 34452 34453 34460 34461 34464 34465 34487,FloridaCommerce LIHEAP provider list,citrus-county-division-of-housing-services-liheap,,,,,,,,,,,,,,,,,
,9,"Community Action Program Committee, Inc.",,,+18506072088,Low-Income Home Energy Assistance Program (LIHEAP),"electric_bill, gas_bill, reconnect_fee, utility_deposit",1,23,"331,275",Escambia,32501 32502 32503 32504 32505 32506 32507 32508 32513 32514 32516 32522 32523 32524 32526 32533 32534 32535 32560 32561 32568 32577 32591,FloridaCommerce LIHEAP provider list,community-action-program-committee-liheap,,,,,,,,,,,,,,,,,
,10,Desoto County Board of Commissioners,,,+18639934858,Low-Income Home Energy Assistance Program (LIHEAP),"electric_bill, gas_bill, reconnect_fee, utility_deposit",1,2,"36,744",DeSoto,34266 34269,FloridaCommerce LIHEAP provider list,desoto-county-board-of-commissioners-liheap,,,,,,,,,,,,,,,,,
,11,"Economic Opportunities Council of Indian River County, Inc.",,,+17725624177,Low-Income Home Energy Assistance Program (LIHEAP),"electric_bill, gas_bill, reconnect_fee, utility_deposit",2,19,"214,508",Indian River; Okeechobee,32948 32957 32958 32960 32961 32962 32963 32964 32965 32966 32967 32968 32969 32970 32971 32978 34972 34973 34974,FloridaCommerce LIHEAP provider list,economic-opportunities-council-of-indian-river-county-liheap,,,,,,,,,,,,,,,,,
,12,FloridaCommerce (state administers LIHEAP directly),,,+18507178450,Low-Income Home Energy Assistance Program (LIHEAP),"electric_bill, gas_bill, reconnect_fee, utility_deposit",1,26,"494,605",Seminole,32701 32703 32707 32708 32714 32715 32716 32718 32719 32730 32732 32746 32747 32750 32751 32752 32762 32765 32766 32771 32772 32773 32779 32791 32792 32795,FloridaCommerce LIHEAP provider list,floridacommerce-state-administers-liheap-directly-liheap,,,,,,,,,,,,,,,,,
,13,Hillsborough County Social Services Department,,,+18132725220,Low-Income Home Energy Assistance Program (LIHEAP),"electric_bill, gas_bill, reconnect_fee, utility_deposit",1,81,"1,581,426",Hillsborough,33508 33509 33510 33511 33527 33530 33534 33547 33548 33549 33550 33556 33558 33559 33563 33564 33565 33566 33567 33568 33569 33570 33571 33572 33573 33575 33578 33579 33583 33584 33587 33592 33594 33595 33596 33598 33601 33602 33603 33604 33605 33606 33607 33609 33610 33611 33612 33613 33614 33615 33616 33617 33618 33619 33621 33622 33623 33624 33625 33626 33629 33634 33635 33637 33646 33647 33672 33673 33674 33675 33677 33679 33680 33681 33682 33684 33685 33687 33688 33689 33694,FloridaCommerce LIHEAP provider list,hillsborough-county-social-services-department-liheap,,,,,,,,,,,,,,,,,
,14,Jackson County Senior Citizens Org. Inc.,,,+18502634650,Low-Income Home Energy Assistance Program (LIHEAP),"electric_bill, gas_bill, reconnect_fee, utility_deposit",1,12,"49,980",Jackson,32420 32423 32426 32431 32440 32442 32443 32445 32446 32447 32448 32460,FloridaCommerce LIHEAP provider list,jackson-county-senior-citizens-org-liheap,,,,,,,,,,,,,,,,,
,15,"Lake Community Action Agency, Inc.",,,+13524340554,Low-Income Home Energy Assistance Program (LIHEAP),"electric_bill, gas_bill, reconnect_fee, utility_deposit",1,35,"444,204",Lake,32102 32158 32159 32163 32195 32702 32720 32726 32727 32735 32736 32756 32757 32767 32776 32778 32784 34705 34711 34712 34713 34714 34715 34731 34736 34737 34748 34749 34753 34755 34756 34762 34788 34789 34797,FloridaCommerce LIHEAP provider list,lake-community-action-agency-liheap,,,,,,,,,,,,,,,,,
,16,Lee County Department of Human Services,,,+12395337900,Low-Income Home Energy Assistance Program (LIHEAP),"electric_bill, gas_bill, reconnect_fee, utility_deposit",1,47,"860,959",Lee,33901 33902 33903 33904 33905 33906 33907 33908 33909 33910 33912 33913 33914 33915 33916 33917 33918 33919 33920 33921 33922 33924 33928 33929 33931 33932 33936 33955 33956 33957 33965 33966 33967 33970 33971 33972 33973 33974 33976 33990 33991 33993 33994 34133 34134 34135 34136,FloridaCommerce LIHEAP provider list,lee-county-department-of-human-services-liheap,,,,,,,,,,,,,,,,,
,17,Miami-Dade County Community Action Agency,,,+17864694640,Low-Income Home Energy Assistance Program (LIHEAP),"electric_bill, gas_bill, reconnect_fee, utility_deposit",1,114,"2,838,461",Miami-Dade,33002 33010 33011 33012 33013 33014 33015 33016 33017 33018 33030 33031 33032 33033 33034 33035 33054 33055 33056 33090 33092 33101 33109 33114 33116 33119 33122 33124 33125 33126 33127 33128 33129 33130 33131 33132 33133 33134 33135 33136 33137 33138 33139 33140 33141 33142 33143 33144 33145 33146 33147 33149 33150 33152 33153 33154 33155 33156 33157 33158 33160 33161 33162 33163 33164 33165 33166 33167 33168 33169 33170 33172 33173 33174 33175 33176 33177 33178 33179 33180 33181 33182 33183 33184 33185 33186 33187 33189 33190 33193 33194 33195 33196 33197 33222 33231 33233 33234 33238 33239 33242 33243 33245 33247 33255 33256 33257 33261 33265 33266 33269 33280 33283 33296,FloridaCommerce LIHEAP provider list,miami-dade-county-community-action-agency-liheap,,,,,,,,,,,,,,,,,
,18,Monroe County Board of County Commissioners,,,+13052924408,Low-Income Home Energy Assistance Program (LIHEAP),"electric_bill, gas_bill, reconnect_fee, utility_deposit",1,12,"80,908",Monroe,33001 33036 33037 33040 33041 33042 33043 33045 33050 33051 33052 33070,FloridaCommerce LIHEAP provider list,monroe-county-board-of-county-commissioners-liheap,,,,,,,,,,,,,,,,,
,19,"Northeast Florida Community Action Agency, Inc.",,,+19042594481,Low-Income Home Energy Assistance Program (LIHEAP),"electric_bill, gas_bill, reconnect_fee, utility_deposit",7,97,"1,974,593",Baker; Clay; Duval; Flagler; Nassau; Putnam; St. Johns,32003 32004 32006 32009 32011 32033 32034 32035 32040 32041 32043 32046 32050 32063 32065 32067 32068 32073 32080 32081 32082 32084 32085 32086 32087 32092 32095 32097 32110 32112 32131 32135 32136 32137 32139 32140 32145 32147 32148 32164 32174 32177 32178 32181 32187 32189 32193 32202 32203 32204 32205 32206 32207 32208 32209 32210 32211 32212 32216 32217 32218 32219 32220 32221 32222 32223 32224 32225 32226 32227 32228 32229 32233 32234 32235 32236 32238 32239 32240 32241 32244 32245 32246 32247 32250 32254 32255 32256 32257 32258 32259 32260 32266 32277 32640 32656 32666,FloridaCommerce LIHEAP provider list,northeast-florida-community-action-agency-liheap,,,,,,,,,,,,,,,,,
,20,Orange County Youth and Family Services Division,,,+14078367429,Low-Income Home Energy Assistance Program (LIHEAP),"electric_bill, gas_bill, reconnect_fee, utility_deposit",1,73,"1,533,646",Orange,32703 32704 32709 32710 32712 32733 32751 32757 32768 32777 32789 32790 32792 32793 32794 32798 32801 32802 32803 32804 32805 32806 32807 32808 32809 32810 32811 32812 32814 32817 32818 32819 32820 32821 32822 32824 32825 32826 32827 32828 32829 32830 32831 32832 32833 32835 32836 32837 32839 32853 32854 32855 32856 32857 32858 32859 32860 32861 32862 32867 32868 32869 32872 32877 32878 34734 34740 34760 34761 34777 34778 34786 34787,FloridaCommerce LIHEAP provider list,orange-county-youth-and-family-services-division-liheap,,,,,,,,,,,,,,,,,
,21,"Osceola County Council on Aging, Inc",,,+14078468532,Low-Income Home Energy Assistance Program (LIHEAP),"electric_bill, gas_bill, reconnect_fee, utility_deposit",1,18,"468,058",Osceola,33848 33896 34714 34739 34741 34742 34743 34744 34745 34746 34747 34758 34759 34769 34770 34771 34772 34773,FloridaCommerce LIHEAP provider list,osceola-county-council-on-aging-liheap,,,,,,,,,,,,,,,,,
,22,Palm Beach County,,,+15613554792,Low-Income Home Energy Assistance Program (LIHEAP),"electric_bill, gas_bill, reconnect_fee, utility_deposit",1,72,"1,582,055",Palm Beach,33401 33402 33403 33404 33405 33406 33407 33408 33409 33410 33411 33412 33413 33414 33415 33416 33417 33418 33419 33420 33421 33422 33424 33425 33426 33427 33428 33429 33430 33431 33432 33433 33434 33435 33436 33437 33438 33444 33445 33446 33448 33449 33454 33458 33460 33461 33462 33463 33465 33466 33467 33468 33469 33470 33472 33473 33474 33476 33477 33478 33480 33481 33482 33483 33484 33486 33487 33488 33493 33496 33497 33498,FloridaCommerce LIHEAP provider list,palm-beach-county-liheap,,,,,,,,,,,,,,,,,
,23,"Pinellas County Urban League, Inc.",,,+17273270977,Low-Income Home Energy Assistance Program (LIHEAP),"electric_bill, gas_bill, reconnect_fee, utility_deposit",1,69,"965,870",Pinellas,33701 33702 33703 33704 33705 33706 33707 33708 33709 33710 33711 33712 33713 33714 33715 33716 33730 33731 33732 33733 33734 33736 33738 33741 33742 33743 33744 33747 33755 33756 33757 33758 33759 33760 33761 33762 33763 33764 33765 33766 33767 33770 33771 33772 33773 33774 33775 33776 33777 33778 33779 33780 33781 33782 33784 33785 33786 34660 34677 34681 34682 34683 34684 34685 34688 34689 34695 34697 34698,FloridaCommerce LIHEAP provider list,pinellas-county-urban-league-liheap,,,,,,,,,,,,,,,,,
,24,"Step Up Suncoast, Inc.",,,+19418270188,Low-Income Home Energy Assistance Program (LIHEAP),"electric_bill, gas_bill, reconnect_fee, utility_deposit",2,30,"484,420",Hardee; Manatee,33834 33865 33873 33890 34201 34202 34203 34204 34205 34206 34207 34208 34209 34210 34211 34212 34215 34216 34217 34219 34220 34221 34222 34228 34243 34251 34264 34270 34280 34282,FloridaCommerce LIHEAP provider list,step-up-suncoast-liheap,,,,,,,,,,,,,,,,,
,25,"Suwannee River Economic Council, Inc.",,,+19049646696,Low-Income Home Energy Assistance Program (LIHEAP),"electric_bill, gas_bill, reconnect_fee, utility_deposit",10,40,"266,354",Bradford; Columbia; Dixie; Gilchrist; Hamilton; Lafayette; Madison; Suwannee; Taylor; Union,32008 32024 32025 32038 32042 32044 32052 32053 32054 32055 32056 32058 32059 32060 32061 32062 32064 32066 32071 32083 32091 32094 32096 32331 32336 32340 32347 32348 32350 32356 32359 32619 32622 32628 32643 32648 32656 32666 32680 32693,FloridaCommerce LIHEAP provider list,suwannee-river-economic-council-liheap,,,,,,,,,,,,,,,,,
,26,The Salvation Army,,,+19419544673,Low-Income Home Energy Assistance Program (LIHEAP),"electric_bill, gas_bill, reconnect_fee, utility_deposit",1,33,"476,604",Sarasota,34223 34228 34229 34230 34231 34232 34233 34234 34235 34236 34237 34238 34239 34240 34241 34242 34243 34272 34274 34275 34276 34277 34284 34285 34286 34287 34288 34289 34290 34291 34292 34293 34295,FloridaCommerce LIHEAP provider list,the-salvation-army-liheap,,,,,,,,,,,,,,,,,
,27,"Tri-County Community Council, Inc.",,,+18503061134,Low-Income Home Energy Assistance Program (LIHEAP),"electric_bill, gas_bill, reconnect_fee, utility_deposit",5,42,"564,181",Holmes; Okaloosa; Santa Rosa; Walton; Washington,32425 32427 32428 32431 32433 32435 32437 32439 32440 32455 32459 32461 32462 32464 32530 32531 32536 32539 32540 32541 32542 32544 32547 32548 32549 32550 32561 32562 32563 32564 32565 32566 32567 32569 32570 32571 32572 32578 32579 32580 32583 32588,FloridaCommerce LIHEAP provider list,tri-county-community-council-liheap,,,,,,,,,,,,,,,,,
,28,Volusia County Community Assistance Division,,,+13867365956,Low-Income Home Energy Assistance Program (LIHEAP),"electric_bill, gas_bill, reconnect_fee, utility_deposit",1,43,"602,772",Volusia,32102 32114 32115 32117 32118 32119 32120 32121 32122 32124 32125 32126 32127 32128 32129 32130 32132 32141 32168 32169 32170 32173 32174 32175 32176 32180 32190 32713 32720 32721 32723 32724 32725 32728 32738 32739 32744 32753 32754 32759 32763 32764 32774,FloridaCommerce LIHEAP provider list,volusia-county-community-assistance-division-liheap,,,,,,,,,,,,,,,,,
,29,You Thrive Florida,,,+13527961425,Low-Income Home Energy Assistance Program (LIHEAP),"electric_bill, gas_bill, reconnect_fee, utility_deposit",3,59,"1,031,957",Hernando; Pasco; Sumter,32159 32162 32163 33513 33514 33521 33523 33524 33525 33526 33538 33539 33540 33541 33542 33543 33544 33545 33549 33556 33558 33559 33576 33585 33597 34484 34601 34602 34603 34604 34605 34606 34607 34608 34609 34610 34611 34613 34614 34637 34638 34639 34652 34653 34654 34655 34656 34661 34667 34668 34669 34673 34674 34680 34690 34691 34692 34762 34785,FloridaCommerce LIHEAP provider list,you-thrive-florida-liheap,,,,,,,,,,,,,,,,,
,30,Alamance County Department of Social Services,Burlington,"319 N. Graham-Hopedale Road, Suite C, Burlington, NC 27217",+13365706532,Energy Assistance (LIEAP / CIP); Food and Nutrition Services (FNS); Work First Emergency Assistance,"electric_bill, eviction_prevention, gas_bill, reconnect_fee, rent_assistance, snap_benefits, utility_deposit",1,12,"183,040",Alamance,27201 27215 27216 27217 27244 27249 27253 27258 27298 27302 27349 27359,NCDHHS Local DSS Directory,alamance-county-department-of-social-services-energy,alamance-county-department-of-social-services-emergency,,,,,,,,,,,,,,,,
,31,Alexander County Department of Social Services,Taylorsville,"604 Seventh St. SW, Taylorsville, NC 28681",+18286321080,Energy Assistance (LIEAP / CIP); Food and Nutrition Services (FNS); Work First Emergency Assistance,"electric_bill, eviction_prevention, gas_bill, reconnect_fee, rent_assistance, snap_benefits, utility_deposit",1,4,"36,693",Alexander,28601 28636 28678 28681,NCDHHS Local DSS Directory,alexander-county-department-of-social-services-energy,alexander-county-department-of-social-services-emergency,,,,,,,,,,,,,,,,
,32,Alleghany County Department of Social Services,Sparta,"182 Doctors St., Sparta, NC 28675",+13363722411,Energy Assistance (LIEAP / CIP); Food and Nutrition Services (FNS); Work First Emergency Assistance,"electric_bill, eviction_prevention, gas_bill, reconnect_fee, rent_assistance, snap_benefits, utility_deposit",1,8,"11,379",Alleghany,28623 28627 28631 28644 28663 28668 28672 28675,NCDHHS Local DSS Directory,alleghany-county-department-of-social-services-energy,alleghany-county-department-of-social-services-emergency,,,,,,,,,,,,,,,,
,33,Anson County Department of Social Services,Wadesboro,"118 N. Washington St., Wadesboro, NC 28170",+17046949351,Energy Assistance (LIEAP / CIP); Food and Nutrition Services (FNS); Work First Emergency Assistance,"electric_bill, eviction_prevention, gas_bill, reconnect_fee, rent_assistance, snap_benefits, utility_deposit",1,6,"22,432",Anson,28007 28091 28119 28133 28135 28170,NCDHHS Local DSS Directory,anson-county-department-of-social-services-energy,anson-county-department-of-social-services-emergency,,,,,,,,,,,,,,,,
,34,Ashe County Department of Social Services,Jefferson,"150 Government Circle, Suite 1400, Jefferson, NC 28640",+13368465719,Energy Assistance (LIEAP / CIP); Food and Nutrition Services (FNS); Work First Emergency Assistance,"electric_bill, eviction_prevention, gas_bill, reconnect_fee, rent_assistance, snap_benefits, utility_deposit",1,13,"27,266",Ashe,28615 28617 28626 28629 28631 28640 28643 28644 28672 28684 28693 28694 28698,NCDHHS Local DSS Directory,ashe-county-department-of-social-services-energy,ashe-county-department-of-social-services-emergency,,,,,,,,,,,,,,,,
,35,Avery County Department of Social Services,Newland,"358 Beech St., Newland, NC 28657",+18287338230,Energy Assistance (LIEAP / CIP); Food and Nutrition Services (FNS); Work First Emergency Assistance,"electric_bill, eviction_prevention, gas_bill, reconnect_fee, rent_assistance, snap_benefits, utility_deposit",1,5,"17,811",Avery,28604 28611 28622 28657 28777,NCDHHS Local DSS Directory,avery-county-department-of-social-services-energy,avery-county-department-of-social-services-emergency,,,,,,,,,,,,,,,,
,36,Beaufort County Department of Social Services,Washington,"632 W. Fifth St., Washington, NC 27889",+12529755500,Energy Assistance (LIEAP / CIP); Food and Nutrition Services (FNS); Work First Emergency Assistance,"electric_bill, eviction_prevention, gas_bill, reconnect_fee, rent_assistance, snap_benefits, utility_deposit",1,12,"44,576",Beaufort,27806 27808 27810 27814 27817 27821 27837 27860 27865 27889 27962 28586,NCDHHS Local DSS Directory,beaufort-county-department-of-social-services-energy,beaufort-county-department-of-social-services-emergency,,,,,,,,,,,,,,,,
,37,Bertie County Department of Social Services,,"110 Jasper Bazemore Ave. Windsor, NC 27983",+12527945320,Energy Assistance (LIEAP / CIP); Food and Nutrition Services (FNS); Work First Emergency Assistance,"electric_bill, eviction_prevention, gas_bill, reconnect_fee, rent_assistance, snap_benefits, utility_deposit",1,8,"16,939",Bertie,27805 27847 27849 27872 27910 27924 27957 27983,NCDHHS Local DSS Directory,bertie-county-department-of-social-services-energy,bertie-county-department-of-social-services-emergency,,,,,,,,,,,,,,,,
,38,Bladen County Department of Social Services,Elizabethtown,"208 McKay St., Elizabethtown, NC 28337",+19108626800,Energy Assistance (LIEAP / CIP); Food and Nutrition Services (FNS); Work First Emergency Assistance,"electric_bill, eviction_prevention, gas_bill, reconnect_fee, rent_assistance, snap_benefits, utility_deposit",1,14,"29,777",Bladen,28320 28337 28384 28392 28399 28423 28433 28434 28438 28441 28444 28447 28448 28456,NCDHHS Local DSS Directory,bladen-county-department-of-social-services-energy,bladen-county-department-of-social-services-emergency,,,,,,,,,,,,,,,,
,39,Brunswick County Department of Social Services,Bolivia,"60 Government Drive, NE, Bolivia, NC 28422",+19102532077,Energy Assistance (LIEAP / CIP); Food and Nutrition Services (FNS); Work First Emergency Assistance,"electric_bill, eviction_prevention, gas_bill, reconnect_fee, rent_assistance, snap_benefits, utility_deposit",1,14,"167,112",Brunswick,28420 28422 28451 28452 28456 28459 28461 28462 28465 28467 28468 28469 28470 28479,NCDHHS Local DSS Directory,brunswick-county-department-of-social-services-energy,brunswick-county-department-of-social-services-emergency,,,,,,,,,,,,,,,,
,40,Buncombe County Department of Social Services,,"40 Coxe Ave. Asheville, NC 28802",+18282505500,Energy Assistance (LIEAP / CIP); Food and Nutrition Services (FNS); Work First Emergency Assistance,"electric_bill, eviction_prevention, gas_bill, reconnect_fee, rent_assistance, snap_benefits, utility_deposit",1,24,"279,210",Buncombe,28701 28704 28709 28711 28715 28728 28730 28732 28748 28753 28757 28776 28778 28787 28801 28802 28803 28804 28805 28806 28813 28814 28815 28816,NCDHHS Local DSS Directory,buncombe-county-department-of-social-services-energy,buncombe-county-department-of-social-services-emergency,,,,,,,,,,,,,,,,
,41,Burke County Department of Social Services,Morganton,"700 East Parker Road, Morganton, NC 28680",+18287649600,Energy Assistance (LIEAP / CIP); Food and Nutrition Services (FNS); Work First Emergency Assistance,"electric_bill, eviction_prevention, gas_bill, reconnect_fee, rent_assistance, snap_benefits, utility_deposit",1,11,"88,545",Burke,28601 28602 28612 28619 28637 28655 28657 28666 28680 28690 28761,NCDHHS Local DSS Directory,burke-county-department-of-social-services-energy,burke-county-department-of-social-services-emergency,,,,,,,,,,,,,,,,
,42,Cabarrus County Department of Social Services,Kannapolis,"1303 S. Cannon Blvd., Kannapolis, NC 28083",+17049201400,Energy Assistance (LIEAP / CIP); Food and Nutrition Services (FNS); Work First Emergency Assistance,"electric_bill, eviction_prevention, gas_bill, reconnect_fee, rent_assistance, snap_benefits, utility_deposit",1,13,"244,925",Cabarrus,28025 28026 28027 28036 28071 28075 28081 28082 28083 28097 28107 28124 28138,NCDHHS Local DSS Directory,cabarrus-county-department-of-social-services-energy,cabarrus-county-department-of-social-services-emergency,,,,,,,,,,,,,,,,
,43,Caldwell County Department of Social Services,Lenoir,"2345 Morganton Blvd., SW, Suite A, Lenoir, NC 28645",+18284268200,Energy Assistance (LIEAP / CIP); Food and Nutrition Services (FNS); Work First Emergency Assistance,"electric_bill, eviction_prevention, gas_bill, reconnect_fee, rent_assistance, snap_benefits, utility_deposit",1,6,"80,739",Caldwell,28606 28611 28630 28638 28645 28667,NCDHHS Local DSS Directory,caldwell-county-department-of-social-services-energy,caldwell-county-department-of-social-services-emergency,,,,,,,,,,,,,,,,
,44,Camden County Department of Social Services,Camden,"117 NC HWY 343 N, Camden, NC 27921",+12523314787,Energy Assistance (LIEAP / CIP); Food and Nutrition Services (FNS); Work First Emergency Assistance,"electric_bill, eviction_prevention, gas_bill, reconnect_fee, rent_assistance, snap_benefits, utility_deposit",1,4,"11,184",Camden,27921 27973 27974 27976,NCDHHS Local DSS Directory,camden-county-department-of-social-services-energy,camden-county-department-of-social-services-emergency,,,,,,,,,,,,,,,,
,45,Carteret County Department of Social Services,Beaufort,"210 Craven St., Beaufort, NC 28516",+12527283181,Energy Assistance (LIEAP / CIP); Food and Nutrition Services (FNS); Work First Emergency Assistance,"electric_bill, eviction_prevention, gas_bill, reconnect_fee, rent_assistance, snap_benefits, utility_deposit",1,17,"70,259",Carteret,28511 28512 28516 28520 28524 28528 28531 28553 28557 28570 28575 28577 28579 28581 28582 28584 28594,NCDHHS Local DSS Directory,carteret-county-department-of-social-services-energy,carteret-county-department-of-social-services-emergency,,,,,,,,,,,,,,,,
,46,Caswell County Department of Social Services,Yanceyville,"175 County Park Road., Yanceyville, NC 27379",+13366944141,Energy Assistance (LIEAP / CIP); Food and Nutrition Services (FNS); Work First Emergency Assistance,"electric_bill, eviction_prevention, gas_bill, reconnect_fee, rent_assistance, snap_benefits, utility_deposit",1,10,"22,363",Caswell,27212 27244 27291 27305 27311 27314 27315 27326 27343 27379,NCDHHS Local DSS Directory,caswell-county-department-of-social-services-energy,caswell-county-department-of-social-services-emergency,,,,,,,,,,,,,,,,
,47,Catawba County Department of Social Services,Hickory,"3030 11th Ave. Drive, S.E., Hickory, NC 28602",+18286955600,Energy Assistance (LIEAP / CIP); Food and Nutrition Services (FNS); Work First Emergency Assistance,"electric_bill, eviction_prevention, gas_bill, reconnect_fee, rent_assistance, snap_benefits, utility_deposit",1,12,"167,054",Catawba,28037 28168 28601 28602 28603 28609 28610 28613 28650 28658 28673 28682,NCDHHS Local DSS Directory,catawba-county-department-of-social-services-energy,catawba-county-department-of-social-services-emergency,,,,,,,,,,,,,,,,
,48,Chatham County Department of Social Services,Pittsboro,"102 Camp Drive, Pittsboro, NC 27312",+19195422759,Energy Assistance (LIEAP / CIP); Food and Nutrition Services (FNS); Work First Emergency Assistance,"electric_bill, eviction_prevention, gas_bill, reconnect_fee, rent_assistance, snap_benefits, utility_deposit",1,13,"83,874",Chatham,27207 27208 27252 27312 27344 27349 27355 27516 27517 27519 27523 27559 27562,NCDHHS Local DSS Directory,chatham-county-department-of-social-services-energy,chatham-county-department-of-social-services-emergency,,,,,,,,,,,,,,,,
,49,Cherokee County Department of Social Services,Murphy,"4800 W US Highway 64, Murphy, NC 28906",+18288377455,Energy Assistance (LIEAP / CIP); Food and Nutrition Services (FNS); Work First Emergency Assistance,"electric_bill, eviction_prevention, gas_bill, reconnect_fee, rent_assistance, snap_benefits, utility_deposit",1,4,"30,373",Cherokee,28901 28902 28905 28906,NCDHHS Local DSS Directory,cherokee-county-department-of-social-services-energy,cherokee-county-department-of-social-services-emergency,,,,,,,,,,,,,,,,
,50,Chowan County Department of Social Services,Edenton,"100 W. Freemason Circle, Edenton, NC 27932",+12524827441,Energy Assistance (LIEAP / CIP); Food and Nutrition Services (FNS); Work First Emergency Assistance,"electric_bill, eviction_prevention, gas_bill, reconnect_fee, rent_assistance, snap_benefits, utility_deposit",1,4,"13,891",Chowan,27919 27932 27946 27980,NCDHHS Local DSS Directory,chowan-county-department-of-social-services-energy,chowan-county-department-of-social-services-emergency,,,,,,,,,,,,,,,,
,51,Clay County Department of Social Services,Hayesville,"119 Courthouse Drive, Hayesville, NC 28904",+18283896301,Energy Assistance (LIEAP / CIP); Food and Nutrition Services (FNS); Work First Emergency Assistance,"electric_bill, eviction_prevention, gas_bill, reconnect_fee, rent_assistance, snap_benefits, utility_deposit",1,3,"12,042",Clay,28902 28904 28909,NCDHHS Local DSS Directory,clay-county-department-of-social-services-energy,clay-county-department-of-social-services-emergency,,,,,,,,,,,,,,,,
,52,Cleveland County Department of Social Services,Shelby,"130 South Post Road, Shelby, NC 28150",+17044870661,Energy Assistance (LIEAP / CIP); Food and Nutrition Services (FNS); Work First Emergency Assistance,"electric_bill, eviction_prevention, gas_bill, reconnect_fee, rent_assistance, snap_benefits, utility_deposit",1,12,"102,194",Cleveland,28017 28020 28021 28073 28086 28090 28114 28136 28150 28151 28152 28169,NCDHHS Local DSS Directory,cleveland-county-department-of-social-services-energy,cleveland-county-department-of-social-services-emergency,,,,,,,,,,,,,,,,
,53,Columbus County Department of Social Services,Whiteville,"40 Government Complex Road, Whiteville, NC 28472",+19106422800,Energy Assistance (LIEAP / CIP); Food and Nutrition Services (FNS); Work First Emergency Assistance,"electric_bill, eviction_prevention, gas_bill, reconnect_fee, rent_assistance, snap_benefits, utility_deposit",1,14,"50,054",Columbus,28423 28430 28431 28432 28433 28436 28438 28439 28442 28450 28455 28456 28463 28472,NCDHHS Local DSS Directory,columbus-county-department-of-social-services-energy,columbus-county-department-of-social-services-emergency,,,,,,,,,,,,,,,,
,54,Craven County Department of Social Services,New Bern,"2818 Neuse Blvd., New Bern, NC 28561",+12526364900,Energy Assistance (LIEAP / CIP); Food and Nutrition Services (FNS); Work First Emergency Assistance,"electric_bill, eviction_prevention, gas_bill, reconnect_fee, rent_assistance, snap_benefits, utility_deposit",1,13,"104,167",Craven,28519 28523 28526 28527 28530 28532 28560 28561 28562 28563 28564 28573 28586,NCDHHS Local DSS Directory,craven-county-department-of-social-services-energy,craven-county-department-of-social-services-emergency,,,,,,,,,,,,,,,,
,55,Cumberland County Department of Social Services,Fayetteville,"1225 Ramsey St., Fayetteville, NC 28301",+19103231540,Energy Assistance (LIEAP / CIP); Food and Nutrition Services (FNS); Work First Emergency Assistance,"electric_bill, eviction_prevention, gas_bill, reconnect_fee, rent_assistance, snap_benefits, utility_deposit",1,22,"338,430",Cumberland,28301 28302 28303 28304 28305 28306 28307 28308 28309 28311 28312 28314 28318 28331 28344 28348 28356 28371 28382 28390 28391 28395,NCDHHS Local DSS Directory,cumberland-county-department-of-social-services-energy,cumberland-county-department-of-social-services-emergency,,,,,,,,,,,,,,,,
,56,Currituck County Department of Social Services,Currituck,"2793 Caratoke Hwy., Currituck, NC 27929",+12522323083,Energy Assistance (LIEAP / CIP); Food and Nutrition Services (FNS); Work First Emergency Assistance,"electric_bill, eviction_prevention, gas_bill, reconnect_fee, rent_assistance, snap_benefits, utility_deposit",1,15,"32,278",Currituck,27916 27917 27923 27927 27929 27939 27941 27947 27950 27956 27958 27964 27965 27966 27973,NCDHHS Local DSS Directory,currituck-county-department-of-social-services-energy,currituck-county-department-of-social-services-emergency,,,,,,,,,,,,,,,,
,57,Dare County Department of Social Services,Manteo,"109 Exeter St., Manteo, NC 27954",+12524755500,Energy Assistance (LIEAP / CIP); Food and Nutrition Services (FNS); Work First Emergency Assistance,"electric_bill, eviction_prevention, gas_bill, reconnect_fee, rent_assistance, snap_benefits, utility_deposit",1,8,"38,183",Dare,27915 27948 27949 27953 27954 27959 27978 27981,NCDHHS Local DSS Directory,dare-county-department-of-social-services-energy,dare-county-department-of-social-services-emergency,,,,,,,,,,,,,,,,
,58,Davidson County Department of Social Services,Lexington,"913 Greensboro St., Lexington, NC 27292",+13362422500,Energy Assistance (LIEAP / CIP); Food and Nutrition Services (FNS); Work First Emergency Assistance,"electric_bill, eviction_prevention, gas_bill, reconnect_fee, rent_assistance, snap_benefits, utility_deposit",1,12,"177,809",Davidson,27012 27107 27127 27239 27262 27265 27292 27293 27295 27299 27351 27360,NCDHHS Local DSS Directory,davidson-county-department-of-social-services-energy,davidson-county-department-of-social-services-emergency,,,,,,,,,,,,,,,,
,59,Davie County Department of Social Services,Mocksville,"154 Government Center Drive, Mocksville, NC 27028",+13367536250,Energy Assistance (LIEAP / CIP); Food and Nutrition Services (FNS); Work First Emergency Assistance,"electric_bill, eviction_prevention, gas_bill, reconnect_fee, rent_assistance, snap_benefits, utility_deposit",1,3,"45,383",Davie,27006 27028 28634,NCDHHS Local DSS Directory,davie-county-department-of-social-services-energy,davie-county-department-of-social-services-emergency,,,,,,,,,,,,,,,,
,60,Duplin County Department of Social Services,Kenansville,"423 N. Main St., Kenansville, NC 28349",+19102962200,Energy Assistance (LIEAP / CIP); Food and Nutrition Services (FNS); Work First Emergency Assistance,"electric_bill, eviction_prevention, gas_bill, reconnect_fee, rent_assistance, snap_benefits, utility_deposit",1,14,"50,539",Duplin,28341 28349 28365 28398 28453 28458 28464 28466 28508 28518 28521 28525 28572 28578,NCDHHS Local DSS Directory,duplin-county-department-of-social-services-energy,duplin-county-department-of-social-services-emergency,,,,,,,,,,,,,,,,
,61,Durham County Department of Social Services,Durham,"414 E. Main St., Durham, NC 27702-0810",+19195608000,Energy Assistance (LIEAP / CIP); Food and Nutrition Services (FNS); Work First Emergency Assistance,"electric_bill, eviction_prevention, gas_bill, reconnect_fee, rent_assistance, snap_benefits, utility_deposit",1,16,"343,628",Durham,27503 27517 27560 27572 27701 27702 27703 27704 27705 27707 27709 27712 27713 27715 27717 27722,NCDHHS Local DSS Directory,durham-county-department-of-social-services-energy,durham-county-department-of-social-services-emergency,,,,,,,,,,,,,,,,
,62,Edgecombe County Department of Social Services,Tarboro,"122 E. St. James St., Tarboro, NC 27886",+12526417611,Energy Assistance (LIEAP / CIP); Food and Nutrition Services (FNS); Work First Emergency Assistance,"electric_bill, eviction_prevention, gas_bill, reconnect_fee, rent_assistance, snap_benefits, utility_deposit",1,11,"49,124",Edgecombe,27801 27802 27803 27809 27812 27829 27843 27852 27864 27886 27891,NCDHHS Local DSS Directory,edgecombe-county-department-of-social-services-energy,edgecombe-county-department-of-social-services-emergency,,,,,,,,,,,,,,,,
,63,Forsyth County Department of Social Services,Winston-Salem,"741 North Highland Ave., Winston-Salem, NC 27101",+13367033800,Energy Assistance (LIEAP / CIP); Food and Nutrition Services (FNS); Work First Emergency Assistance,"electric_bill, eviction_prevention, gas_bill, reconnect_fee, rent_assistance, snap_benefits, utility_deposit",1,28,"398,143",Forsyth,27009 27010 27012 27019 27023 27040 27045 27050 27051 27052 27101 27102 27103 27104 27105 27106 27107 27109 27113 27114 27115 27116 27117 27120 27127 27130 27284 27285,NCDHHS Local DSS Directory,forsyth-county-department-of-social-services-energy,forsyth-county-department-of-social-services-emergency,,,,,,,,,,,,,,,,
,64,Franklin County Department of Social Services,Louisburg,"107 Industrial Drive, Louisburg, NC 27549",+19194965721,Energy Assistance (LIEAP / CIP); Food and Nutrition Services (FNS); Work First Emergency Assistance,"electric_bill, eviction_prevention, gas_bill, reconnect_fee, rent_assistance, snap_benefits, utility_deposit",1,9,"79,771",Franklin,27508 27525 27544 27549 27589 27596 27597 27816 27882,NCDHHS Local DSS Directory,franklin-county-department-of-social-services-energy,franklin-county-department-of-social-services-emergency,,,,,,,,,,,,,,,,
,65,Gaston County Department of Social Services,Gastonia,"330 Dr. Martin Luther King Jr. Way, Gastonia, NC 28052",+17048627500,Energy Assistance (LIEAP / CIP); Food and Nutrition Services (FNS); Work First Emergency Assistance,"electric_bill, eviction_prevention, gas_bill, reconnect_fee, rent_assistance, snap_benefits, utility_deposit",1,19,"242,010",Gaston,28006 28012 28016 28021 28032 28033 28034 28052 28053 28054 28055 28056 28077 28086 28092 28098 28101 28120 28164,NCDHHS Local DSS Directory,gaston-county-department-of-social-services-energy,gaston-county-department-of-social-services-emergency,,,,,,,,,,,,,,,,
,66,Gates County Department of Social Services,Gatesville,"122 Main St., Gatesville, NC 27938",+12523570075,Energy Assistance (LIEAP / CIP); Food and Nutrition Services (FNS); Work First Emergency Assistance,"electric_bill, eviction_prevention, gas_bill, reconnect_fee, rent_assistance, snap_benefits, utility_deposit",1,7,"10,299",Gates,27926 27935 27937 27938 27946 27969 27979,NCDHHS Local DSS Directory,gates-county-department-of-social-services-energy,gates-county-department-of-social-services-emergency,,,,,,,,,,,,,,,,
,67,Graham County Department of Social Services,Robbinsville,"191 P & J Road, Robbinsville, NC 28771",+18284797911,Energy Assistance (LIEAP / CIP); Food and Nutrition Services (FNS); Work First Emergency Assistance,"electric_bill, eviction_prevention, gas_bill, reconnect_fee, rent_assistance, snap_benefits, utility_deposit",1,3,"8,179",Graham,28702 28733 28771,NCDHHS Local DSS Directory,graham-county-department-of-social-services-energy,graham-county-department-of-social-services-emergency,,,,,,,,,,,,,,,,
,68,Granville County Department of Social Services,,"410 West Spring St., Oxford NC 27565",+19196931511,Energy Assistance (LIEAP / CIP); Food and Nutrition Services (FNS); Work First Emergency Assistance,"electric_bill, eviction_prevention, gas_bill, reconnect_fee, rent_assistance, snap_benefits, utility_deposit",1,8,"61,544",Granville,27507 27509 27522 27525 27544 27565 27572 27581,NCDHHS Local DSS Directory,granville-county-department-of-social-services-energy,granville-county-department-of-social-services-emergency,,,,,,,,,,,,,,,,
,69,Greene County Department of Social Services,Snow Hill,"227 Kingold Blvd. Suite A, Snow Hill, NC 28580",+12527475932,Energy Assistance (LIEAP / CIP); Food and Nutrition Services (FNS); Work First Emergency Assistance,"electric_bill, eviction_prevention, gas_bill, reconnect_fee, rent_assistance, snap_benefits, utility_deposit",1,7,"20,671",Greene,27828 27883 27888 28513 28538 28551 28580,NCDHHS Local DSS Directory,greene-county-department-of-social-services-energy,greene-county-department-of-social-services-emergency,,,,,,,,,,,,,,,,
,70,Guilford County Department of Social Services,Greensboro,"1203 Maple St., Greensboro, NC 27405",+13366413000,Energy Assistance (LIEAP / CIP); Food and Nutrition Services (FNS); Work First Emergency Assistance,"electric_bill, eviction_prevention, gas_bill, reconnect_fee, rent_assistance, snap_benefits, utility_deposit",1,40,"558,816",Guilford,27214 27233 27235 27249 27260 27261 27262 27263 27264 27265 27282 27283 27284 27298 27301 27310 27313 27357 27358 27377 27401 27402 27403 27404 27405 27406 27407 27408 27409 27410 27415 27416 27417 27419 27420 27425 27429 27435 27438 27455,NCDHHS Local DSS Directory,guilford-county-department-of-social-services-energy,guilford-county-department-of-social-services-emergency,,,,,,,,,,,,,,,,
,71,Halifax County Department of Social Services,Halifax,"4421 Hwy 301, Halifax, NC 27839",+12525362511,Energy Assistance (LIEAP / CIP); Food and Nutrition Services (FNS); Work First Emergency Assistance,"electric_bill, eviction_prevention, gas_bill, reconnect_fee, rent_assistance, snap_benefits, utility_deposit",1,8,"46,992",Halifax,27823 27839 27843 27844 27850 27870 27874 27890,NCDHHS Local DSS Directory,halifax-county-department-of-social-services-energy,halifax-county-department-of-social-services-emergency,,,,,,,,,,,,,,,,
,72,Harnett County Department of Social Services,Lillington,"311 Cornelius Harnett Blvd., Lillington, NC 27546",+19108937500,Energy Assistance (LIEAP / CIP); Food and Nutrition Services (FNS); Work First Emergency Assistance,"electric_bill, eviction_prevention, gas_bill, reconnect_fee, rent_assistance, snap_benefits, utility_deposit",1,13,"146,096",Harnett,27332 27501 27505 27521 27526 27546 28323 28326 28334 28339 28356 28368 28390,NCDHHS Local DSS Directory,harnett-county-department-of-social-services-energy,harnett-county-department-of-social-services-emergency,,,,,,,,,,,,,,,,
,73,Haywood County Department of Social Services,Clyde,"157 Paragon Parkway, Suite 300, Clyde, NC 28721",+18284526620,Energy Assistance (LIEAP / CIP); Food and Nutrition Services (FNS); Work First Emergency Assistance,"electric_bill, eviction_prevention, gas_bill, reconnect_fee, rent_assistance, snap_benefits, utility_deposit",1,7,"63,048",Haywood,28716 28721 28738 28745 28751 28785 28786,NCDHHS Local DSS Directory,haywood-county-department-of-social-services-energy,haywood-county-department-of-social-services-emergency,,,,,,,,,,,,,,,,
,74,Henderson County Department of Social Services,,"1200 Spartanburg Hwy., Suite 300, Hendersonville, N.C.  28792",+18286975500,Energy Assistance (LIEAP / CIP); Food and Nutrition Services (FNS); Work First Emergency Assistance,"electric_bill, eviction_prevention, gas_bill, reconnect_fee, rent_assistance, snap_benefits, utility_deposit",1,19,"120,771",Henderson,28724 28726 28727 28729 28731 28732 28735 28739 28742 28758 28759 28760 28766 28773 28784 28790 28791 28792 28793,NCDHHS Local DSS Directory,henderson-county-department-of-social-services-energy,henderson-county-department-of-social-services-emergency,,,,,,,,,,,,,,,,
,75,Hertford County Department of Social Services,Winton,"704 N King St., Winton, NC 27986",+12523587830,Energy Assistance (LIEAP / CIP); Food and Nutrition Services (FNS); Work First Emergency Assistance,"electric_bill, eviction_prevention, gas_bill, reconnect_fee, rent_assistance, snap_benefits, utility_deposit",1,8,"19,169",Hertford,27805 27818 27855 27897 27910 27922 27942 27986,NCDHHS Local DSS Directory,hertford-county-department-of-social-services-energy,hertford-county-department-of-social-services-emergency,,,,,,,,,,,,,,,,
,76,Hoke County Department of Social Services,Raeford,"314 South Magnolia St., Raeford, NC 28376",+19108758725,Energy Assistance (LIEAP / CIP); Food and Nutrition Services (FNS); Work First Emergency Assistance,"electric_bill, eviction_prevention, gas_bill, reconnect_fee, rent_assistance, snap_benefits, utility_deposit",1,5,"55,382",Hoke,28315 28357 28376 28377 28386,NCDHHS Local DSS Directory,hoke-county-department-of-social-services-energy,hoke-county-department-of-social-services-emergency,,,,,,,,,,,,,,,,
,77,Hyde County Department of Social Services,Engelhard,"35015 US Hwy 264, Engelhard, NC  27824",+12529264199,Energy Assistance (LIEAP / CIP); Food and Nutrition Services (FNS); Work First Emergency Assistance,"electric_bill, eviction_prevention, gas_bill, reconnect_fee, rent_assistance, snap_benefits, utility_deposit",1,6,"4,583",Hyde,27810 27824 27826 27860 27875 27885,NCDHHS Local DSS Directory,hyde-county-department-of-social-services-energy,hyde-county-department-of-social-services-emergency,,,,,,,,,,,,,,,,
,78,Iredell County Department of Social Services,Statesville,"549 Eastside Drive, Statesville, NC 28625",+17048735631,Energy Assistance (LIEAP / CIP); Food and Nutrition Services (FNS); Work First Emergency Assistance,"electric_bill, eviction_prevention, gas_bill, reconnect_fee, rent_assistance, snap_benefits, utility_deposit",1,14,"206,361",Iredell,27013 27020 28115 28117 28123 28125 28166 28625 28634 28660 28677 28678 28687 28689,NCDHHS Local DSS Directory,iredell-county-department-of-social-services-energy,iredell-county-department-of-social-services-emergency,,,,,,,,,,,,,,,,
,79,Jackson County Department of Social Services,Sylva,"15 Griffin St., Sylva, NC 28779",+18285865546,Energy Assistance (LIEAP / CIP); Food and Nutrition Services (FNS); Work First Emergency Assistance,"electric_bill, eviction_prevention, gas_bill, reconnect_fee, rent_assistance, snap_benefits, utility_deposit",1,11,"45,281",Jackson,28717 28719 28723 28725 28736 28741 28774 28779 28783 28788 28789,NCDHHS Local DSS Directory,jackson-county-department-of-social-services-energy,jackson-county-department-of-social-services-emergency,,,,,,,,,,,,,,,,
,80,Johnston County Department of Social Services,Smithfield,"714 North St., Smithfield, NC 27577",+19199895300,Energy Assistance (LIEAP / CIP); Food and Nutrition Services (FNS); Work First Emergency Assistance,"electric_bill, eviction_prevention, gas_bill, reconnect_fee, rent_assistance, snap_benefits, utility_deposit",1,19,"249,794",Johnston,27501 27504 27520 27524 27527 27528 27529 27542 27557 27568 27569 27576 27577 27591 27592 27593 27597 28334 28366,NCDHHS Local DSS Directory,johnston-county-department-of-social-services-energy,johnston-county-department-of-social-services-emergency,,,,,,,,,,,,,,,,
,81,Jones County Department of Social Services,Trenton,"418 NC HWY 58 N., Unit D, Trenton, NC 28585",+12524482581,Energy Assistance (LIEAP / CIP); Food and Nutrition Services (FNS); Work First Emergency Assistance,"electric_bill, eviction_prevention, gas_bill, reconnect_fee, rent_assistance, snap_benefits, utility_deposit",1,5,"9,462",Jones,28526 28555 28572 28573 28585,NCDHHS Local DSS Directory,jones-county-department-of-social-services-energy,jones-county-department-of-social-services-emergency,,,,,,,,,,,,,,,,
,82,Lee County Department of Social Services,Sanford,"530 Carthage St., Sanford, NC 27330",+19197184690,Energy Assistance (LIEAP / CIP); Food and Nutrition Services (FNS); Work First Emergency Assistance,"electric_bill, eviction_prevention, gas_bill, reconnect_fee, rent_assistance, snap_benefits, utility_deposit",1,6,"68,537",Lee,27330 27331 27332 27505 28326 28355,NCDHHS Local DSS Directory,lee-county-department-of-social-services-energy,lee-county-department-of-social-services-emergency,,,,,,,,,,,,,,,,
,83,Lenoir County Department of Social Services,Kinston,"130 W. King St., Kinston, NC 28502",+12525596400,Energy Assistance (LIEAP / CIP); Food and Nutrition Services (FNS); Work First Emergency Assistance,"electric_bill, eviction_prevention, gas_bill, reconnect_fee, rent_assistance, snap_benefits, utility_deposit",1,8,"55,332",Lenoir,28501 28504 28525 28530 28538 28551 28572 28578,NCDHHS Local DSS Directory,lenoir-county-department-of-social-services-energy,lenoir-county-department-of-social-services-emergency,,,,,,,,,,,,,,,,
,84,Lincoln County Department of Social Services,Lincolnton,"1136 E. Main St., Lincolnton, NC 28093",+17047320738,Energy Assistance (LIEAP / CIP); Food and Nutrition Services (FNS); Work First Emergency Assistance,"electric_bill, eviction_prevention, gas_bill, reconnect_fee, rent_assistance, snap_benefits, utility_deposit",1,10,"97,611",Lincoln,28006 28021 28033 28037 28080 28092 28093 28164 28168 28650,NCDHHS Local DSS Directory,lincoln-county-department-of-social-services-energy,lincoln-county-department-of-social-services-emergency,,,,,,,,,,,,,,,,
,85,Macon County Department of Social Services,Franklin,"1832 Lakeside Drive, Franklin, NC 28734",+18283492124,Energy Assistance (LIEAP / CIP); Food and Nutrition Services (FNS); Work First Emergency Assistance,"electric_bill, eviction_prevention, gas_bill, reconnect_fee, rent_assistance, snap_benefits, utility_deposit",1,6,"38,717",Macon,28734 28741 28744 28763 28775 28781,NCDHHS Local DSS Directory,macon-county-department-of-social-services-energy,macon-county-department-of-social-services-emergency,,,,,,,,,,,,,,,,
,86,Madison County Department of Social Services,Marshall,"5707 U.S. Hwy 25/70, Suite 1, Marshall, NC 28753",+18286499498,Energy Assistance (LIEAP / CIP); Food and Nutrition Services (FNS); Work First Emergency Assistance,"electric_bill, eviction_prevention, gas_bill, reconnect_fee, rent_assistance, snap_benefits, utility_deposit",1,3,"22,352",Madison,28743 28753 28754,NCDHHS Local DSS Directory,madison-county-department-of-social-services-energy,madison-county-department-of-social-services-emergency,,,,,,,,,,,,,,,,
,87,Martin County Department of Social Services,Williamston,"305 E. Main St., Williamston, NC 27892",+12527894400,Energy Assistance (LIEAP / CIP); Food and Nutrition Services (FNS); Work First Emergency Assistance,"electric_bill, eviction_prevention, gas_bill, reconnect_fee, rent_assistance, snap_benefits, utility_deposit",1,7,"21,523",Martin,27825 27840 27843 27846 27857 27871 27892,NCDHHS Local DSS Directory,martin-county-department-of-social-services-energy,martin-county-department-of-social-services-emergency,,,,,,,,,,,,,,,,
,88,McDowell County Department of Social Services,Marion,"145 E. Court St., Marion, NC 28752",+18286523355,Energy Assistance (LIEAP / CIP); Food and Nutrition Services (FNS); Work First Emergency Assistance,"electric_bill, eviction_prevention, gas_bill, reconnect_fee, rent_assistance, snap_benefits, utility_deposit",1,5,"45,269",McDowell,28167 28749 28752 28761 28762,NCDHHS Local DSS Directory,mcdowell-county-department-of-social-services-energy,mcdowell-county-department-of-social-services-emergency,,,,,,,,,,,,,,,,
,89,Mecklenburg County Department of Social Services,Charlotte,"430 Stitt Road, Charlotte, NC 28213",+17043363000,Energy Assistance (LIEAP / CIP); Food and Nutrition Services (FNS); Work First Emergency Assistance,"electric_bill, eviction_prevention, gas_bill, reconnect_fee, rent_assistance, snap_benefits, utility_deposit",1,55,"1,206,285",Mecklenburg,28031 28036 28070 28078 28105 28106 28126 28130 28134 28202 28203 28204 28205 28206 28207 28208 28209 28210 28211 28212 28213 28214 28215 28216 28217 28219 28220 28221 28222 28224 28226 28227 28228 28229 28230 28231 28232 28233 28234 28235 28236 28237 28241 28247 28256 28262 28266 28269 28270 28271 28273 28277 28278 28297 28299,NCDHHS Local DSS Directory,mecklenburg-county-department-of-social-services-energy,mecklenburg-county-department-of-social-services-emergency,,,,,,,,,,,,,,,,
,90,Mitchell County Department of Social Services,Bakersville,"347 Long View Drive, Bakersville, NC 28705",+18286882175,Energy Assistance (LIEAP / CIP); Food and Nutrition Services (FNS); Work First Emergency Assistance,"electric_bill, eviction_prevention, gas_bill, reconnect_fee, rent_assistance, snap_benefits, utility_deposit",1,3,"15,030",Mitchell,28705 28740 28777,NCDHHS Local DSS Directory,mitchell-county-department-of-social-services-energy,mitchell-county-department-of-social-services-emergency,,,,,,,,,,,,,,,,
,91,Montgomery County Department of Social Services,Troy,"102 E. Spring St., Drawer N, Troy, NC 27371",+19105766531,Energy Assistance (LIEAP / CIP); Food and Nutrition Services (FNS); Work First Emergency Assistance,"electric_bill, eviction_prevention, gas_bill, reconnect_fee, rent_assistance, snap_benefits, utility_deposit",1,8,"26,364",Montgomery,27209 27229 27281 27306 27341 27356 27371 28127,NCDHHS Local DSS Directory,montgomery-county-department-of-social-services-energy,montgomery-county-department-of-social-services-emergency,,,,,,,,,,,,,,,,
,92,Moore County Department of Social Services,Carthage,"1036 Carriage Oaks Drive, Carthage, NC 28327",+19109472436,Energy Assistance (LIEAP / CIP); Food and Nutrition Services (FNS); Work First Emergency Assistance,"electric_bill, eviction_prevention, gas_bill, reconnect_fee, rent_assistance, snap_benefits, utility_deposit",1,18,"108,417",Moore,27208 27209 27242 27281 27325 27341 27356 27376 28315 28326 28327 28350 28370 28373 28374 28387 28388 28394,NCDHHS Local DSS Directory,moore-county-department-of-social-services-energy,moore-county-department-of-social-services-emergency,,,,,,,,,,,,,,,,
,93,Nash County Department of Social Services,,"120 Washington St. Nashville, NC 27856",+12524599818,Energy Assistance (LIEAP / CIP); Food and Nutrition Services (FNS); Work First Emergency Assistance,"electric_bill, eviction_prevention, gas_bill, reconnect_fee, rent_assistance, snap_benefits, utility_deposit",1,11,"97,990",Nash,27557 27803 27804 27807 27809 27816 27822 27856 27868 27882 27891,NCDHHS Local DSS Directory,nash-county-department-of-social-services-energy,nash-county-department-of-social-services-emergency,,,,,,,,,,,,,,,,
,94,New Hanover County Department of Social Services,Wilmington,"1650 Greenfield St., Wilmington, NC 28401",+19107983500,Energy Assistance (LIEAP / CIP); Food and Nutrition Services (FNS); Work First Emergency Assistance,"electric_bill, eviction_prevention, gas_bill, reconnect_fee, rent_assistance, snap_benefits, utility_deposit",1,14,"243,333",New Hanover,28401 28402 28403 28404 28405 28406 28408 28409 28411 28412 28428 28429 28449 28480,NCDHHS Local DSS Directory,new-hanover-county-department-of-social-services-energy,new-hanover-county-department-of-social-services-emergency,,,,,,,,,,,,,,,,
,95,Northampton County Department of Social Services,Jackson,"9588 NC 305 HWY, Jackson, NC 27845",+12525345811,Energy Assistance (LIEAP / CIP); Food and Nutrition Services (FNS); Work First Emergency Assistance,"electric_bill, eviction_prevention, gas_bill, reconnect_fee, rent_assistance, snap_benefits, utility_deposit",1,12,"16,580",Northampton,27820 27831 27832 27842 27845 27853 27855 27862 27866 27869 27876 27897,NCDHHS Local DSS Directory,northampton-county-department-of-social-services-energy,northampton-county-department-of-social-services-emergency,,,,,,,,,,,,,,,,
,96,Onslow County Department of Social Services,Jacksonville,"612 College St., Jacksonville, NC 28540",+19104554145,Energy Assistance (LIEAP / CIP); Food and Nutrition Services (FNS); Work First Emergency Assistance,"electric_bill, eviction_prevention, gas_bill, reconnect_fee, rent_assistance, snap_benefits, utility_deposit",1,18,"212,954",Onslow,28445 28454 28460 28518 28521 28539 28540 28541 28542 28543 28544 28545 28546 28547 28555 28574 28582 28584,NCDHHS Local DSS Directory,onslow-county-department-of-social-services-energy,onslow-county-department-of-social-services-emergency,,,,,,,,,,,,,,,,
,97,Orange County Department of Social Services,Hillsborough,"113 Mayo St., Hillsborough, NC 27278",+19192452800,Energy Assistance (LIEAP / CIP); Food and Nutrition Services (FNS); Work First Emergency Assistance,"electric_bill, eviction_prevention, gas_bill, reconnect_fee, rent_assistance, snap_benefits, utility_deposit",1,12,"152,877",Orange,27231 27243 27278 27302 27510 27514 27515 27516 27517 27541 27572 27705,NCDHHS Local DSS Directory,orange-county-department-of-social-services-energy,orange-county-department-of-social-services-emergency,,,,,,,,,,,,,,,,
,98,Pamlico County Department of Social Services,Bayboro,"828 Alliance Main St., Bayboro, NC 28515",+12527454086,Energy Assistance (LIEAP / CIP); Food and Nutrition Services (FNS); Work First Emergency Assistance,"electric_bill, eviction_prevention, gas_bill, reconnect_fee, rent_assistance, snap_benefits, utility_deposit",1,9,"12,550",Pamlico,28510 28515 28529 28537 28552 28556 28560 28571 28587,NCDHHS Local DSS Directory,pamlico-county-department-of-social-services-energy,pamlico-county-department-of-social-services-emergency,,,,,,,,,,,,,,,,
,99,Pasquotank County Department of Social Services,Elizabeth City,"709 Roanoke Ave., Elizabeth City, NC 27909",+12523382126,Energy Assistance (LIEAP / CIP); Food and Nutrition Services (FNS); Work First Emergency Assistance,"electric_bill, eviction_prevention, gas_bill, reconnect_fee, rent_assistance, snap_benefits, utility_deposit",1,3,"41,418",Pasquotank,27906 27907 27909,NCDHHS Local DSS Directory,pasquotank-county-department-of-social-services-energy,pasquotank-county-department-of-social-services-emergency,,,,,,,,,,,,,,,,
,100,Pender County Department of Social Services,Burgaw,"298-B Progress Drive, Burgaw, NC 28425",+19102591240,Energy Assistance (LIEAP / CIP); Food and Nutrition Services (FNS); Work First Emergency Assistance,"electric_bill, eviction_prevention, gas_bill, reconnect_fee, rent_assistance, snap_benefits, utility_deposit",1,12,"70,077",Pender,28411 28421 28425 28435 28443 28445 28447 28448 28454 28457 28466 28478,NCDHHS Local DSS Directory,pender-county-department-of-social-services-energy,pender-county-department-of-social-services-emergency,,,,,,,,,,,,,,,,
,101,Perquimans County Department of Social Services,Hertford,"103 Charles St., Hertford, NC 27944",+12524267373,Energy Assistance (LIEAP / CIP); Food and Nutrition Services (FNS); Work First Emergency Assistance,"electric_bill, eviction_prevention, gas_bill, reconnect_fee, rent_assistance, snap_benefits, utility_deposit",1,3,"13,460",Perquimans,27919 27944 27980,NCDHHS Local DSS Directory,perquimans-county-department-of-social-services-energy,perquimans-county-department-of-social-services-emergency,,,,,,,,,,,,,,,,
,102,Person County Department of Social Services,Roxboro,"355-B S. Madison Blvd., Roxboro, NC 27573",+13365998361,Energy Assistance (LIEAP / CIP); Food and Nutrition Services (FNS); Work First Emergency Assistance,"electric_bill, eviction_prevention, gas_bill, reconnect_fee, rent_assistance, snap_benefits, utility_deposit",1,7,"40,143",Person,27291 27343 27541 27572 27573 27574 27583,NCDHHS Local DSS Directory,person-county-department-of-social-services-energy,person-county-department-of-social-services-emergency,,,,,,,,,,,,,,,,
,103,Pitt County Department of Social Services,Greenville,"1717 W. Fifth St., Greenville, NC 27834",+12529021110,Energy Assistance (LIEAP / CIP); Food and Nutrition Services (FNS); Work First Emergency Assistance,"electric_bill, eviction_prevention, gas_bill, reconnect_fee, rent_assistance, snap_benefits, utility_deposit",1,17,"180,783",Pitt,27812 27828 27829 27833 27834 27835 27836 27837 27858 27871 27879 27884 27888 27889 28513 28530 28590,NCDHHS Local DSS Directory,pitt-county-department-of-social-services-energy,pitt-county-department-of-social-services-emergency,,,,,,,,,,,,,,,,
,104,Polk County Department of Social Services,,"231 Wolverine Trail, Mill Spring, 28756",+18288942100,Energy Assistance (LIEAP / CIP); Food and Nutrition Services (FNS); Work First Emergency Assistance,"electric_bill, eviction_prevention, gas_bill, reconnect_fee, rent_assistance, snap_benefits, utility_deposit",1,5,"20,320",Polk,28139 28722 28756 28773 28782,NCDHHS Local DSS Directory,polk-county-department-of-social-services-energy,polk-county-department-of-social-services-emergency,,,,,,,,,,,,,,,,
,105,Randolph County Department of Social Services,Asheboro,"1512 N. Fayetteville St., Asheboro, NC 27204-3239",+13366838000,Energy Assistance (LIEAP / CIP); Food and Nutrition Services (FNS); Work First Emergency Assistance,"electric_bill, eviction_prevention, gas_bill, reconnect_fee, rent_assistance, snap_benefits, utility_deposit",1,16,"148,389",Randolph,27203 27205 27208 27233 27239 27248 27263 27298 27313 27316 27317 27341 27350 27355 27360 27370,NCDHHS Local DSS Directory,randolph-county-department-of-social-services-energy,randolph-county-department-of-social-services-emergency,,,,,,,,,,,,,,,,
,106,Richmond County Department of Social Services,Rockingham,"125 Caroline St., Rockingham, NC 28379",+19109978480,Energy Assistance (LIEAP / CIP); Food and Nutrition Services (FNS); Work First Emergency Assistance,"electric_bill, eviction_prevention, gas_bill, reconnect_fee, rent_assistance, snap_benefits, utility_deposit",1,8,"41,990",Richmond,27229 27306 28338 28345 28347 28363 28379 28380,NCDHHS Local DSS Directory,richmond-county-department-of-social-services-energy,richmond-county-department-of-social-services-emergency,,,,,,,,,,,,,,,,
,107,Robeson County Department of Social Services,Lumberton,"120 Glen Cowan Road, Lumberton, NC 28360",+19106713500,Energy Assistance (LIEAP / CIP); Food and Nutrition Services (FNS); Work First Emergency Assistance,"electric_bill, eviction_prevention, gas_bill, reconnect_fee, rent_assistance, snap_benefits, utility_deposit",1,13,"118,624",Robeson,28340 28357 28358 28359 28360 28364 28369 28371 28372 28377 28383 28384 28386,NCDHHS Local DSS Directory,robeson-county-department-of-social-services-energy,robeson-county-department-of-social-services-emergency,,,,,,,,,,,,,,,,
,108,Rockingham County Department of Social Services,Wentworth,"411 NC HWY 65, Wentworth, NC 27375",+13363421394,Energy Assistance (LIEAP / CIP); Food and Nutrition Services (FNS); Work First Emergency Assistance,"electric_bill, eviction_prevention, gas_bill, reconnect_fee, rent_assistance, snap_benefits, utility_deposit",1,11,"93,517",Rockingham,27025 27027 27048 27214 27288 27289 27311 27320 27326 27357 27358,NCDHHS Local DSS Directory,rockingham-county-department-of-social-services-energy,rockingham-county-department-of-social-services-emergency,,,,,,,,,,,,,,,,
,109,Rowan County Department of Social Services,Salisbury,"1813 E. Innes St., Salisbury, NC 28146",+17042168330,Energy Assistance (LIEAP / CIP); Food and Nutrition Services (FNS); Work First Emergency Assistance,"electric_bill, eviction_prevention, gas_bill, reconnect_fee, rent_assistance, snap_benefits, utility_deposit",1,19,"153,384",Rowan,27013 27054 28023 28039 28041 28071 28072 28081 28083 28088 28115 28125 28137 28138 28144 28145 28146 28147 28159,NCDHHS Local DSS Directory,rowan-county-department-of-social-services-energy,rowan-county-department-of-social-services-emergency,,,,,,,,,,,,,,,,
,110,Rutherford County Department of Social Services,Spindale,"389 Fairground Road, Spindale, NC 28160",+18282876165,Energy Assistance (LIEAP / CIP); Food and Nutrition Services (FNS); Work First Emergency Assistance,"electric_bill, eviction_prevention, gas_bill, reconnect_fee, rent_assistance, snap_benefits, utility_deposit",1,10,"65,587",Rutherford,28018 28020 28040 28043 28114 28139 28160 28167 28720 28746,NCDHHS Local DSS Directory,rutherford-county-department-of-social-services-energy,rutherford-county-department-of-social-services-emergency,,,,,,,,,,,,,,,,
,111,Sampson County Department of Social Services,Clinton,"360 County Complex Road, Suite 100, Clinton, NC 28328",+19105927131,Energy Assistance (LIEAP / CIP); Food and Nutrition Services (FNS); Work First Emergency Assistance,"electric_bill, eviction_prevention, gas_bill, reconnect_fee, rent_assistance, snap_benefits, utility_deposit",1,16,"60,404",Sampson,28318 28328 28329 28334 28341 28344 28366 28382 28385 28393 28441 28444 28447 28453 28458 28478,NCDHHS Local DSS Directory,sampson-county-department-of-social-services-energy,sampson-county-department-of-social-services-emergency,,,,,,,,,,,,,,,,
,112,Scotland County Department of Social Services,Laurinburg,"1405 West Blvd., Laurinburg, NC 28353",+19102772500,Energy Assistance (LIEAP / CIP); Food and Nutrition Services (FNS); Work First Emergency Assistance,"electric_bill, eviction_prevention, gas_bill, reconnect_fee, rent_assistance, snap_benefits, utility_deposit",1,6,"33,898",Scotland,28343 28351 28352 28353 28363 28396,NCDHHS Local DSS Directory,scotland-county-department-of-social-services-energy,scotland-county-department-of-social-services-emergency,,,,,,,,,,,,,,,,
,113,Stanly County Department of Social Services,Albemarle,"1000 N. First St., Suite 2, Albemarle, NC 28001",+17049826100,Energy Assistance (LIEAP / CIP); Food and Nutrition Services (FNS); Work First Emergency Assistance,"electric_bill, eviction_prevention, gas_bill, reconnect_fee, rent_assistance, snap_benefits, utility_deposit",1,11,"67,326",Stanly,28001 28002 28009 28071 28097 28124 28127 28128 28129 28137 28163,NCDHHS Local DSS Directory,stanly-county-department-of-social-services-energy,stanly-county-department-of-social-services-emergency,,,,,,,,,,,,,,,,
,114,Stokes County Department of Social Services,Danbury,"1010 N. Main St., Danbury, NC 27016",+13365932861,Energy Assistance (LIEAP / CIP); Food and Nutrition Services (FNS); Work First Emergency Assistance,"electric_bill, eviction_prevention, gas_bill, reconnect_fee, rent_assistance, snap_benefits, utility_deposit",1,12,"45,857",Stokes,27016 27019 27021 27022 27025 27041 27042 27043 27046 27050 27052 27053,NCDHHS Local DSS Directory,stokes-county-department-of-social-services-energy,stokes-county-department-of-social-services-emergency,,,,,,,,,,,,,,,,
,115,Surry County Department of Social Services,Dobson,"118 Hamby Road, Dobson, NC 27017",+13364018700,Energy Assistance (LIEAP / CIP); Food and Nutrition Services (FNS); Work First Emergency Assistance,"electric_bill, eviction_prevention, gas_bill, reconnect_fee, rent_assistance, snap_benefits, utility_deposit",1,12,"71,547",Surry,27007 27017 27024 27030 27041 27043 27047 27049 27053 28621 28676 28683,NCDHHS Local DSS Directory,surry-county-department-of-social-services-energy,surry-county-department-of-social-services-emergency,,,,,,,,,,,,,,,,
,116,Swain County Department of Social Services,Bryson City,"80 Academy St., Bryson City, NC 28713",+18284886921,Energy Assistance (LIEAP / CIP); Food and Nutrition Services (FNS); Work First Emergency Assistance,"electric_bill, eviction_prevention, gas_bill, reconnect_fee, rent_assistance, snap_benefits, utility_deposit",1,3,"13,945",Swain,28713 28719 28789,NCDHHS Local DSS Directory,swain-county-department-of-social-services-energy,swain-county-department-of-social-services-emergency,,,,,,,,,,,,,,,,
,117,Transylvania County Department of Social Services,Brevard,"106 E. Morgan St., Brevard, NC 28712",+18288843174,Energy Assistance (LIEAP / CIP); Food and Nutrition Services (FNS); Work First Emergency Assistance,"electric_bill, eviction_prevention, gas_bill, reconnect_fee, rent_assistance, snap_benefits, utility_deposit",1,9,"34,103",Transylvania,28708 28712 28718 28742 28747 28766 28768 28772 28774,NCDHHS Local DSS Directory,transylvania-county-department-of-social-services-energy,transylvania-county-department-of-social-services-emergency,,,,,,,,,,,,,,,,
,118,Tyrrell County Department of Social Services,Columbia,"102 N. Road St., Columbia, NC 27925",+12527963421,Energy Assistance (LIEAP / CIP); Food and Nutrition Services (FNS); Work First Emergency Assistance,"electric_bill, eviction_prevention, gas_bill, reconnect_fee, rent_assistance, snap_benefits, utility_deposit",1,3,"3,517",Tyrrell,27826 27925 27928,NCDHHS Local DSS Directory,tyrrell-county-department-of-social-services-energy,tyrrell-county-department-of-social-services-emergency,,,,,,,,,,,,,,,,
,119,Union County Department of Social Services,Monroe,"2330 Concord Avenue, Monroe, NC 28110",+17042964300,Energy Assistance (LIEAP / CIP); Food and Nutrition Services (FNS); Work First Emergency Assistance,"electric_bill, eviction_prevention, gas_bill, reconnect_fee, rent_assistance, snap_benefits, utility_deposit",1,9,"263,386",Union,28079 28103 28104 28110 28111 28112 28133 28173 28174,NCDHHS Local DSS Directory,union-county-department-of-social-services-energy,union-county-department-of-social-services-emergency,,,,,,,,,,,,,,,,
,120,Vance County Department of Social Services,Henderson,"500 North Beckford Drive Suite C, Henderson, NC 27536",+12524925001,Energy Assistance (LIEAP / CIP); Food and Nutrition Services (FNS); Work First Emergency Assistance,"electric_bill, eviction_prevention, gas_bill, reconnect_fee, rent_assistance, snap_benefits, utility_deposit",1,5,"42,337",Vance,27507 27536 27537 27544 27553,NCDHHS Local DSS Directory,vance-county-department-of-social-services-energy,vance-county-department-of-social-services-emergency,,,,,,,,,,,,,,,,
,121,Wake County Department of Social Services,Raleigh,"220 Swinburne St., Raleigh, NC 27620",+19192127000,Energy Assistance (LIEAP / CIP); Food and Nutrition Services (FNS); Work First Emergency Assistance,"electric_bill, eviction_prevention, gas_bill, reconnect_fee, rent_assistance, snap_benefits, utility_deposit",1,49,"1,232,444",Wake,27502 27511 27512 27513 27518 27519 27523 27526 27529 27539 27540 27545 27560 27562 27571 27587 27588 27591 27592 27597 27601 27602 27603 27604 27605 27606 27607 27608 27609 27610 27611 27612 27613 27614 27615 27616 27617 27619 27620 27622 27623 27624 27627 27628 27629 27636 27658 27661 27675,NCDHHS Local DSS Directory,wake-county-department-of-social-services-energy,wake-county-department-of-social-services-emergency,,,,,,,,,,,,,,,,
,122,Warren County Department of Social Services,Warrenton,"307 N. Main St., Warrenton, NC 27589",+12522575000,Energy Assistance (LIEAP / CIP); Food and Nutrition Services (FNS); Work First Emergency Assistance,"electric_bill, eviction_prevention, gas_bill, reconnect_fee, rent_assistance, snap_benefits, utility_deposit",1,7,"19,081",Warren,27551 27553 27563 27589 27842 27844 27850,NCDHHS Local DSS Directory,warren-county-department-of-social-services-energy,warren-county-department-of-social-services-emergency,,,,,,,,,,,,,,,,
,123,Washington County Department of Social Services,Plymouth,"209 E. Main St., Plymouth, NC 27962",+12527934041,Energy Assistance (LIEAP / CIP); Food and Nutrition Services (FNS); Work First Emergency Assistance,"electric_bill, eviction_prevention, gas_bill, reconnect_fee, rent_assistance, snap_benefits, utility_deposit",1,3,"10,654",Washington,27928 27962 27970,NCDHHS Local DSS Directory,washington-county-department-of-social-services-energy,washington-county-department-of-social-services-emergency,,,,,,,,,,,,,,,,
,124,Watauga County Department of Social Services,Boone,"132 Poplar Grove Connector, Suite C, Boone, NC 28607",+18282658100,Energy Assistance (LIEAP / CIP); Food and Nutrition Services (FNS); Work First Emergency Assistance,"electric_bill, eviction_prevention, gas_bill, reconnect_fee, rent_assistance, snap_benefits, utility_deposit",1,8,"54,997",Watauga,28604 28605 28607 28618 28679 28684 28692 28698,NCDHHS Local DSS Directory,watauga-county-department-of-social-services-energy,watauga-county-department-of-social-services-emergency,,,,,,,,,,,,,,,,
,125,Wayne County Department of Social Services,Goldsboro,"1560 Clingman St., Goldsboro, NC 27534",+19195804034,Energy Assistance (LIEAP / CIP); Food and Nutrition Services (FNS); Work First Emergency Assistance,"electric_bill, eviction_prevention, gas_bill, reconnect_fee, rent_assistance, snap_benefits, utility_deposit",1,13,"120,338",Wayne,27530 27532 27533 27534 27542 27569 27830 27863 27883 28333 28365 28551 28578,NCDHHS Local DSS Directory,wayne-county-department-of-social-services-energy,wayne-county-department-of-social-services-emergency,,,,,,,,,,,,,,,,
,126,Wilkes County Department of Social Services,Wilkesboro,"304 College St., Wilkesboro, NC 28697",+13366517400,Energy Assistance (LIEAP / CIP); Food and Nutrition Services (FNS); Work First Emergency Assistance,"electric_bill, eviction_prevention, gas_bill, reconnect_fee, rent_assistance, snap_benefits, utility_deposit",1,17,"66,186",Wilkes,27020 28606 28621 28624 28635 28649 28651 28654 28659 28665 28669 28670 28676 28683 28685 28689 28697,NCDHHS Local DSS Directory,wilkes-county-department-of-social-services-energy,wilkes-county-department-of-social-services-emergency,,,,,,,,,,,,,,,,
,127,Wilson County Department of Social Services,Wilson,"100 NE Gold St., Wilson, NC 27894",+12522064000,Energy Assistance (LIEAP / CIP); Food and Nutrition Services (FNS); Work First Emergency Assistance,"electric_bill, eviction_prevention, gas_bill, reconnect_fee, rent_assistance, snap_benefits, utility_deposit",1,14,"79,958",Wilson,27542 27813 27822 27829 27830 27851 27852 27880 27883 27888 27893 27894 27895 27896,NCDHHS Local DSS Directory,wilson-county-department-of-social-services-energy,wilson-county-department-of-social-services-emergency,,,,,,,,,,,,,,,,
,128,Yadkin County Department of Social Services,Yadkinville,"250 Willow St., Yadkinville, NC 27055",+13368497910,Energy Assistance (LIEAP / CIP); Food and Nutrition Services (FNS); Work First Emergency Assistance,"electric_bill, eviction_prevention, gas_bill, reconnect_fee, rent_assistance, snap_benefits, utility_deposit",1,6,"37,995",Yadkin,27011 27018 27020 27055 28642 28689,NCDHHS Local DSS Directory,yadkin-county-department-of-social-services-energy,yadkin-county-department-of-social-services-emergency,,,,,,,,,,,,,,,,
,129,Yancey County Department of Social Services,Burnsville,"320 Pensacola Road, Burnsville, NC 28714",+18286826148,Energy Assistance (LIEAP / CIP); Food and Nutrition Services (FNS); Work First Emergency Assistance,"electric_bill, eviction_prevention, gas_bill, reconnect_fee, rent_assistance, snap_benefits, utility_deposit",1,3,"18,993",Yancey,28714 28740 28754,NCDHHS Local DSS Directory,yancey-county-department-of-social-services-energy,yancey-county-department-of-social-services-emergency,,,,,,,,,,,,,,,,
,130,Alachua County Emergency Financial Assistance Program (EFAP) - Housing/Rent,Gainesville,"218 SE 24th St, Gainesville, FL 32641",+13522646750,Assistance services,"electric_bill, gas_bill, rent_assistance",1,27,"291,782",Alachua,32601 32603 32604 32605 32606 32607 32608 32609 32610 32614 32615 32616 32618 32622 32627 32631 32635 32640 32641 32643 32653 32655 32658 32666 32667 32669 32694,CornerHelp field research,alachua-county-emergency-financial-assistance-program-efap-housing-rent,,,,,,,,,,,,,,,,,
,131,All Faiths Food Bank — Food Assistance Network,Sarasota,"8171 Blaikie Ct, Sarasota, FL 34240",+19413796333,Assistance services,food_pantry,1,33,"476,604",Sarasota,34223 34228 34229 34230 34231 34232 34233 34234 34235 34236 34237 34238 34239 34240 34241 34242 34243 34272 34274 34275 34276 34277 34284 34285 34286 34287 34288 34289 34290 34291 34292 34293 34295,CornerHelp field research,all-faiths-food-bank-food-assistance-network,,,,,,,,,,,,,,,,,
,132,Bay County Housing / Emergency Assistance Services,Panama City,"840 W 11th St, Panama City, FL 32401",+18502488140,Assistance services,"food_pantry, rent_assistance",1,17,"199,718",Bay,32401 32402 32403 32404 32405 32406 32407 32408 32409 32411 32413 32417 32437 32438 32444 32456 32466,CornerHelp field research,bay-county-housing-emergency-assistance-services,,,,,,,,,,,,,,,,,
,133,Big Lake Mission Outreach — Food Assistance,Okeechobee,,+18637634654,Assistance services,food_pantry,1,3,"42,369",Okeechobee,34972 34973 34974,CornerHelp field research,big-lake-mission-outreach-food-assistance,,,,,,,,,,,,,,,,,
,134,Bonifay First United Methodist Church — Food Pantry,Bonifay,"202 N Oklahoma St, Bonifay, FL 32425",+18505473785,Assistance services,food_pantry,1,4,"19,876",Holmes,32425 32440 32455 32464,CornerHelp field research,bonifay-first-united-methodist-church-food-pantry,,,,,,,,,,,,,,,,,
,135,Caring & Sharing of South Walton — Emergency Food Pantry,Santa Rosa Beach,"112 Lynn Dr, Santa Rosa Beach, FL 32459",+18502672866,Assistance services,"food_pantry, rent_assistance",1,10,"89,666",Walton,32433 32435 32439 32455 32459 32461 32462 32464 32550 32567,CornerHelp field research,caring-sharing-of-south-walton-emergency-food-pantry,,,,,,,,,,,,,,,,,
,136,Catholic Charities St. Augustine — Emergency/Rural Food Assistance,St. Augustine,"525 SR 16, Unit 111-112, St. Augustine, FL 32084",+19048296300,Assistance services,food_pantry,1,13,"334,928",St. Johns,32004 32033 32080 32081 32082 32084 32085 32086 32092 32095 32145 32259 32260,CornerHelp field research,catholic-charities-st-augustine-emergency-rural-food-assistance,,,,,,,,,,,,,,,,,
,137,Catholic Charities St. Augustine — Rural Outreach / Food Assistance,Palatka,"1000 Husson Ave, Palatka, FL 32177",+13863282333,Assistance services,"food_pantry, rent_assistance",1,14,"77,301",Putnam,32112 32131 32139 32140 32147 32148 32177 32178 32181 32187 32189 32193 32640 32666,CornerHelp field research,catholic-charities-st-augustine-rural-outreach-food-assistance,,,,,,,,,,,,,,,,,
,138,Catholic Charities — Food Distribution,Arcadia,"1330 E Oak St, Arcadia, FL 34266",+18634941068,Assistance services,food_pantry,1,2,"36,744",DeSoto,34266 34269,CornerHelp field research,catholic-charities-food-distribution,,,,,,,,,,,,,,,,,
,139,"Catholic Charities, Diocese of St. Petersburg — Financial Assistance",New Port Richey,"5609 US Hwy 19, Suite I, New Port Richey, FL 34652",+18136314370,Assistance services,rent_assistance,1,34,"659,114",Pasco,33523 33524 33525 33526 33539 33540 33541 33542 33543 33544 33545 33549 33556 33558 33559 33576 34610 34637 34638 34639 34652 34653 34654 34655 34656 34667 34668 34669 34673 34674 34680 34690 34691 34692,CornerHelp field research,catholic-charities-diocese-of-st-petersburg-financial-assistance,,,,,,,,,,,,,,,,,
,140,Christian Service Center of Columbia County — Food Pantry,Lake City,"421 NW Washington St, Lake City, FL 32055",+13867551770,Assistance services,food_pantry,1,9,"73,977",Columbia,32024 32025 32038 32055 32056 32061 32094 32096 32643,CornerHelp field research,christian-service-center-of-columbia-county-food-pantry,,,,,,,,,,,,,,,,,
,141,Collier County Community & Human Services — Social Services,Naples,"3339 Tamiami Trail E, Naples, FL 34112",+12392522273,Assistance services,rent_assistance,1,22,"416,233",Collier,34101 34102 34103 34104 34105 34106 34107 34108 34109 34110 34112 34113 34114 34116 34117 34119 34120 34134 34141 34142 34145 34146,CornerHelp field research,collier-county-community-human-services-social-services,,,,,,,,,,,,,,,,,
,142,Columbia County SHIP / Local Housing Assistance Program,Lake City,"135 NE Hernando Ave, Suite 203, Lake City, FL 32055",+13867581005,Assistance services,rent_assistance,1,9,"73,977",Columbia,32024 32025 32038 32055 32056 32061 32094 32096 32643,CornerHelp field research,columbia-county-ship-local-housing-assistance-program,,,,,,,,,,,,,,,,,
,143,Crawfordville United Methodist Church — Food Pantry / Second Harvest Partner,Crawfordville,"176 Ochlockonee St, Crawfordville, FL 32327",+18505089097,Assistance services,food_pantry,1,4,"37,115",Wakulla,32326 32327 32346 32358,CornerHelp field research,crawfordville-united-methodist-church-food-pantry-second-harvest-partner,,,,,,,,,,,,,,,,,
,144,Emergency Rental Assistance — Catholic Charities / Interfaith Ministries / Opening Doors,,,+15043664251,Assistance services,rent_assistance,1,11,"207,653",Santa Rosa,32530 32561 32562 32563 32564 32565 32566 32570 32571 32572 32583,CornerHelp field research,emergency-rental-assistance-catholic-charities-interfaith-ministries-opening-doo,,,,,,,,,,,,,,,,,
,145,Escambia County SHIP / Housing Assistance,Escambia County,,+18504580466,Assistance services,rent_assistance,1,23,"331,275",Escambia,32501 32502 32503 32504 32505 32506 32507 32508 32513 32514 32516 32522 32523 32524 32526 32533 32534 32535 32560 32561 32568 32577 32591,CornerHelp field research,escambia-county-ship-housing-assistance,,,,,,,,,,,,,,,,,
,146,Farm Share — Emergency Food Assistance Referral,Homestead,"14125 SW 320th St, Homestead, FL 33033",+13052463276,Assistance services,food_pantry,1,22,"170,174",Citrus,34423 34428 34429 34433 34434 34436 34441 34442 34445 34446 34447 34448 34449 34450 34451 34452 34453 34460 34461 34464 34465 34487,CornerHelp field research,farm-share-emergency-food-assistance-referral,,,,,,,,,,,,,,,,,
,147,Feeding Tampa Bay — Food Assistance Network,Tampa,"3624 Causeway Blvd, Tampa, FL 33619",+18132541190,Assistance services,food_pantry,1,81,"1,581,426",Hillsborough,33508 33509 33510 33511 33527 33530 33534 33547 33548 33549 33550 33556 33558 33559 33563 33564 33565 33566 33567 33568 33569 33570 33571 33572 33573 33575 33578 33579 33583 33584 33587 33592 33594 33595 33596 33598 33601 33602 33603 33604 33605 33606 33607 33609 33610 33611 33612 33613 33614 33615 33616 33617 33618 33619 33621 33622 33623 33624 33625 33626 33629 33634 33635 33637 33646 33647 33672 33673 33674 33675 33677 33679 33680 33681 33682 33684 33685 33687 33688 33689 33694,CornerHelp field research,feeding-tampa-bay-food-assistance-network,,,,,,,,,,,,,,,,,
,148,Flagler County Human Services — Emergency Assistance,Bunnell,"2199 Commerce Pkwy, Bunnell, FL 32110",+13863134000,Assistance services,rent_assistance,1,6,"136,744",Flagler,32110 32135 32136 32137 32164 32174,CornerHelp field research,flagler-county-human-services-emergency-assistance,,,,,,,,,,,,,,,,,
,149,Florida Department of Health in Duval County — WIC,Jacksonville,"3225 University Blvd S, Jacksonville, FL 32216 (one WIC site)",+10425315001,Assistance services,food_pantry,1,46,"1,055,159",Duval,32081 32202 32203 32204 32205 32206 32207 32208 32209 32210 32211 32212 32216 32217 32218 32219 32220 32221 32222 32223 32224 32225 32226 32227 32228 32229 32233 32234 32235 32236 32238 32239 32240 32241 32244 32245 32246 32247 32250 32254 32255 32256 32257 32258 32266 32277,CornerHelp field research,florida-department-of-health-in-duval-county-wic,,,,,,,,,,,,,,,,,
,150,Florida Department of Health in Escambia County — WIC,Pensacola,"1295 W. Fairfield Dr, Pensacola, FL 32501",+18505956670,Assistance services,food_pantry,1,23,"331,275",Escambia,32501 32502 32503 32504 32505 32506 32507 32508 32513 32514 32516 32522 32523 32524 32526 32533 32534 32535 32560 32561 32568 32577 32591,CornerHelp field research,florida-department-of-health-in-escambia-county-wic,,,,,,,,,,,,,,,,,
,151,Florida Department of Health in Gadsden County — WIC,Quincy,"278 Lasalle Leffall Dr, Quincy, FL 32351",+15087572002,Assistance services,food_pantry,1,6,"44,151",Gadsden,32324 32332 32333 32343 32351 32352,CornerHelp field research,florida-department-of-health-in-gadsden-county-wic,,,,,,,,,,,,,,,,,
,152,Florida Department of Health in Lafayette County — WIC,Mayo,"140 SW Virginia Circle, Mayo, FL 32066",+18003423556,Assistance services,food_pantry,1,2,"8,640",Lafayette,32008 32066,CornerHelp field research,florida-department-of-health-in-lafayette-county-wic,,,,,,,,,,,,,,,,,
,153,Florida Department of Health — WIC,Port St. Joe,"2475 Garrison Ave, Port St. Joe, FL 32456",+18508724666,Assistance services,food_pantry,1,2,"15,876",Gulf,32456 32465,CornerHelp field research,florida-department-of-health-wic,,,,,,,,,,,,,,,,,
,154,"Food Pantry of Gilchrist County, Inc.",Trenton,"112 NE 1st Ave, Trenton, FL 32693",+13524632710,Assistance services,food_pantry,1,4,"20,233",Gilchrist,32008 32619 32643 32693,CornerHelp field research,food-pantry-of-gilchrist-county-inc,,,,,,,,,,,,,,,,,
,155,Franklin County Food Pantry — Franklin's Promise Coalition,Apalachicola,"192 14th St, Apalachicola, FL 32320",+18506533930,Assistance services,food_pantry,1,5,"12,979",Franklin,32320 32322 32328 32346 32358,CornerHelp field research,franklin-county-food-pantry-franklin-s-promise-coalition,,,,,,,,,,,,,,,,,
,156,Franklin County SHIP — Housing Assistance,Eastpoint,"248 US Hwy 98, Eastpoint, FL 32328",+18506535851,Assistance services,rent_assistance,1,5,"12,979",Franklin,32320 32322 32328 32346 32358,CornerHelp field research,franklin-county-ship-housing-assistance,,,,,,,,,,,,,,,,,
,157,Gadsden County SHIP / Community Development Housing Assistance,Community Development,,+18508758659,Assistance services,rent_assistance,1,6,"44,151",Gadsden,32324 32332 32333 32343 32351 32352,CornerHelp field research,gadsden-county-ship-community-development-housing-assistance,,,,,,,,,,,,,,,,,
,158,Glades County Social Services / Emergency Rental Assistance,Glades County,,+18639560411,Assistance services,rent_assistance,1,4,"13,132",Glades,33471 33935 33960 34974,CornerHelp field research,glades-county-social-services-emergency-rental-assistance,,,,,,,,,,,,,,,,,
,159,Gulf County SHIP / Affordable Housing Assistance,Gulf County,,+18503123932,Assistance services,rent_assistance,1,2,"15,876",Gulf,32456 32465,CornerHelp field research,gulf-county-ship-affordable-housing-assistance,,,,,,,,,,,,,,,,,
,160,Hamilton County Community Resources & Second Harvest of the Big Bend,Jasper,"1153 US Hwy 41 NW, Jasper, FL 32052",+13867926647,Assistance services,food_pantry,1,3,"14,334",Hamilton,32052 32053 32096,CornerHelp field research,hamilton-county-community-resources-second-harvest-of-the-big-bend,,,,,,,,,,,,,,,,,
,161,Hamilton County SHIP,Jasper,"1153 US Hwy 41 NW, Suite 2, Jasper, FL 32052",+13867920507,Assistance services,rent_assistance,1,3,"14,334",Hamilton,32052 32053 32096,CornerHelp field research,hamilton-county-ship,,,,,,,,,,,,,,,,,
,162,Hardee Help Center — Crisis Food Assistance,Wauchula,"1330 US Hwy 17 South, Wauchula, FL 33873",+18637730034,Assistance services,"food_pantry, rent_assistance",1,4,"26,068",Hardee,33834 33865 33873 33890,CornerHelp field research,hardee-help-center-crisis-food-assistance,,,,,,,,,,,,,,,,,
,163,Harry Chapin Food Bank of Southwest Florida — TEFAP / Local Partner Pantries,Fort Myers,"3760 Fowler St, Fort Myers, FL 33901",+12393347007,Assistance services,food_pantry,1,47,"860,959",Lee,33901 33902 33903 33904 33905 33906 33907 33908 33909 33910 33912 33913 33914 33915 33916 33917 33918 33919 33920 33921 33922 33924 33928 33929 33931 33932 33936 33955 33956 33957 33965 33966 33967 33970 33971 33972 33973 33974 33976 33990 33991 33993 33994 34133 34134 34135 34136,CornerHelp field research,harry-chapin-food-bank-of-southwest-florida-tefap-local-partner-pantries,,,,,,,,,,,,,,,,,
,164,Harvest Time International / Seminole County Food Pantry Network,Sanford,"225 Harvest Time Dr, Sanford, FL 32771",+14073289900,Assistance services,food_pantry,1,26,"494,605",Seminole,32701 32703 32707 32708 32714 32715 32716 32718 32719 32730 32732 32746 32747 32750 32751 32752 32762 32765 32766 32771 32772 32773 32779 32791 32792 32795,CornerHelp field research,harvest-time-international-seminole-county-food-pantry-network,,,,,,,,,,,,,,,,,
,165,Heartland Food Bank / Local Partner Pantry Network,Sebring,"P.O. Box 249, Sebring, FL 33871",+18633857885,Assistance services,food_pantry,1,11,"109,778",Highlands,33825 33826 33852 33857 33862 33870 33871 33872 33875 33876 33960,CornerHelp field research,heartland-food-bank-local-partner-pantry-network,,,,,,,,,,,,,,,,,
,166,Hendry County SHIP / Housing Assistance,Hendry County,,+18636755297,Assistance services,rent_assistance,1,3,"46,130",Hendry,33440 33935 33975,CornerHelp field research,hendry-county-ship-housing-assistance,,,,,,,,,,,,,,,,,
,167,Hernando County Housing & Supportive Services — SHIP / Temporary Rental Assistance,Brooksville,"621 W. Jefferson St, Brooksville, FL 34601",+13525404338,Assistance services,rent_assistance,1,15,"218,150",Hernando,33523 33597 34601 34602 34603 34604 34605 34606 34607 34608 34609 34611 34613 34614 34661,CornerHelp field research,hernando-county-housing-supportive-services-ship-temporary-rental-assistance,,,,,,,,,,,,,,,,,
,168,Highlands County Housing / SHIP,Sebring,"618 S. Commerce Ave, Sebring, FL 33870",+18634026648,Assistance services,rent_assistance,1,11,"109,778",Highlands,33825 33826 33852 33857 33862 33870 33871 33872 33875 33876 33960,CornerHelp field research,highlands-county-housing-ship,,,,,,,,,,,,,,,,,
,169,Impact Clay / Clay County Community Resource Guide — Rental and Homelessness Assistance,Green Cove Springs,"P.O. Box 1366, Green Cove Springs, FL 32043",+19042696300,Assistance services,"eviction_prevention, food_pantry, rent_assistance",1,11,"236,760",Clay,32003 32006 32043 32050 32065 32067 32068 32073 32234 32656 32666,CornerHelp field research,impact-clay-clay-county-community-resource-guide-rental-and-homelessness-assista,,,,,,,,,,,,,,,,,
,170,In the Image of Christ — Utility Assistance,Fort Pierce,"707 N 7th St, Fort Pierce, FL 34950",+17724617788,Assistance services,"electric_bill, gas_bill",1,21,"390,670",St. Lucie,34945 34946 34947 34948 34949 34950 34951 34952 34953 34954 34957 34979 34981 34982 34983 34984 34985 34986 34987 34988 34990,CornerHelp field research,in-the-image-of-christ-utility-assistance,,,,,,,,,,,,,,,,,
,171,Innovative Charities — Liberty County Food Pantry,Bristol,"12390 NW Central Ave, Bristol, FL 32321",+18505473786,Assistance services,food_pantry,1,3,"7,955",Liberty,32321 32334 32360,CornerHelp field research,innovative-charities-liberty-county-food-pantry,,,,,,,,,,,,,,,,,
,172,Interfaith Emergency Services — Emergency Food Pantry,Ocala,"435 NW 2nd St, Ocala, FL 34475",+13526298868,Assistance services,food_pantry,1,37,"428,905",Marion,32113 32133 32134 32162 32179 32183 32195 32617 32667 32668 32686 32696 32702 32784 34420 34421 34430 34431 34432 34470 34471 34472 34473 34474 34475 34476 34477 34478 34479 34480 34481 34482 34483 34488 34489 34491 34492,CornerHelp field research,interfaith-emergency-services-emergency-food-pantry,,,,,,,,,,,,,,,,,
,173,Jackson County Housing Assistance Office — SHIP,Marianna,"4979 Healthy Way, Suite B, Marianna, FL 32446",+18504829083,Assistance services,rent_assistance,1,12,"49,980",Jackson,32420 32423 32426 32431 32440 32442 32443 32445 32446 32447 32448 32460,CornerHelp field research,jackson-county-housing-assistance-office-ship,,,,,,,,,,,,,,,,,
,174,Jacksonville Emergency Assistance Program — Rent/Mortgage Assistance,Jacksonville,"1809 Art Museum Dr, Suite 100, Jacksonville, FL 32207",+19042552469,Assistance services,"mortgage_assistance, rent_assistance",1,46,"1,055,159",Duval,32081 32202 32203 32204 32205 32206 32207 32208 32209 32210 32211 32212 32216 32217 32218 32219 32220 32221 32222 32223 32224 32225 32226 32227 32228 32229 32233 32234 32235 32236 32238 32239 32240 32241 32244 32245 32246 32247 32250 32254 32255 32256 32257 32258 32266 32277,CornerHelp field research,jacksonville-emergency-assistance-program-rent-mortgage-assistance,,,,,,,,,,,,,,,,,
,175,Leon County SHIP Housing Rental Assistance,Tallahassee,"615 E. Paul Russell Rd, Tallahassee, FL 32301",+18506061900,Assistance services,rent_assistance,1,16,"300,488",Leon,32301 32302 32303 32304 32305 32308 32309 32310 32311 32312 32314 32315 32316 32317 32318 32362,CornerHelp field research,leon-county-ship-housing-rental-assistance,,,,,,,,,,,,,,,,,
,176,Levy County SHIP Housing Assistance,Bronson,"310 School St, Suite 112, Bronson, FL 32621",+13524865218,Assistance services,rent_assistance,1,11,"47,765",Levy,32618 32621 32625 32626 32644 32668 32693 32696 34431 34449 34498,CornerHelp field research,levy-county-ship-housing-assistance,,,,,,,,,,,,,,,,,
,177,Liberty County Grants / Housing Assistance,Bristol,,+18506432692,Assistance services,rent_assistance,1,3,"7,955",Liberty,32321 32334 32360,CornerHelp field research,liberty-county-grants-housing-assistance,,,,,,,,,,,,,,,,,
,178,Local Food Pantry Network / Second Harvest & Partner Agencies,,,+13863628860,Assistance services,food_pantry,1,7,"47,536",Suwannee,32008 32024 32060 32062 32064 32071 32094,CornerHelp field research,local-food-pantry-network-second-harvest-partner-agencies,,,,,,,,,,,,,,,,,
,179,Local Housing/Rent Assistance Referral — Calhoun County,,,+18506745067,Assistance services,rent_assistance,1,5,"13,278",Calhoun,32421 32424 32430 32438 32449,CornerHelp field research,local-housing-rent-assistance-referral-calhoun-county,,,,,,,,,,,,,,,,,
,180,Marion County Community Services — Rental / Rapid Rehousing Assistance,Ocala,"2631 SE 3rd St, Ocala, FL 34471",+13526718770,Assistance services,"eviction_prevention, rent_assistance",1,37,"428,905",Marion,32113 32133 32134 32162 32179 32183 32195 32617 32667 32668 32686 32696 32702 32784 34420 34421 34430 34431 34432 34470 34471 34472 34473 34474 34475 34476 34477 34478 34479 34480 34481 34482 34483 34488 34489 34491 34492,CornerHelp field research,marion-county-community-services-rental-rapid-rehousing-assistance,,,,,,,,,,,,,,,,,
,181,Martin County Human Services — Emergency Financial Assistance / Rental Assistance,Stuart,"435 SE Flagler Ave, Stuart, FL 34994",+17722885785,Assistance services,"electric_bill, rent_assistance",1,14,"165,666",Martin,33438 33455 33469 33475 34956 34957 34958 34990 34991 34992 34994 34995 34996 34997,CornerHelp field research,martin-county-human-services-emergency-financial-assistance-rental-assistance,,,,,,,,,,,,,,,,,
,182,Okeechobee County / Salvation Army Emergency Assistance,Okeechobee,,+18637636020,Assistance services,rent_assistance,1,3,"42,369",Okeechobee,34972 34973 34974,CornerHelp field research,okeechobee-county-salvation-army-emergency-assistance,,,,,,,,,,,,,,,,,
,183,One-Time Rental Assistance — Salvation Army / United Way of Lake & Sumter,,,+13525682284,Assistance services,"food_pantry, rent_assistance",1,12,"154,693",Sumter,32159 32162 32163 33513 33514 33521 33538 33585 33597 34484 34762 34785,CornerHelp field research,one-time-rental-assistance-salvation-army-united-way-of-lake-sumter,,,,,,,,,,,,,,,,,
,184,Orange County Citizens Commission for Children / Community Food Resources,Orlando,"2101 E. Michigan St, Orlando, FL 32806",+14078366500,Assistance services,"food_pantry, rent_assistance",1,73,"1,533,646",Orange,32703 32704 32709 32710 32712 32733 32751 32757 32768 32777 32789 32790 32792 32793 32794 32798 32801 32802 32803 32804 32805 32806 32807 32808 32809 32810 32811 32812 32814 32817 32818 32819 32820 32821 32822 32824 32825 32826 32827 32828 32829 32830 32831 32832 32833 32835 32836 32837 32839 32853 32854 32855 32856 32857 32858 32859 32860 32861 32862 32867 32868 32869 32872 32877 32878 34734 34740 34760 34761 34777 34778 34786 34787,CornerHelp field research,orange-county-citizens-commission-for-children-community-food-resources,,,,,,,,,,,,,,,,,
,185,Osceola County Housing & Community Services — Homeless Services Program,Kissimmee,,+14077428400,Assistance services,"eviction_prevention, rent_assistance",1,18,"468,058",Osceola,33848 33896 34714 34739 34741 34742 34743 34744 34745 34746 34747 34758 34759 34769 34770 34771 34772 34773,CornerHelp field research,osceola-county-housing-community-services-homeless-services-program,,,,,,,,,,,,,,,,,
,186,People Helping People in Hernando County — Food Pantry,Spring Hill,"1396 Kass Cir, Spring Hill, FL 34606",+13526864466,Assistance services,food_pantry,1,15,"218,150",Hernando,33523 33597 34601 34602 34603 34604 34605 34606 34607 34608 34609 34611 34613 34614 34661,CornerHelp field research,people-helping-people-in-hernando-county-food-pantry,,,,,,,,,,,,,,,,,
,187,Pinellas County Adult Emergency Financial Assistance Program / Catholic Charities,St. Petersburg,"647 1st Ave N, St. Petersburg, FL 33701",+17274644200,Assistance services,rent_assistance,1,69,"965,870",Pinellas,33701 33702 33703 33704 33705 33706 33707 33708 33709 33710 33711 33712 33713 33714 33715 33716 33730 33731 33732 33733 33734 33736 33738 33741 33742 33743 33744 33747 33755 33756 33757 33758 33759 33760 33761 33762 33763 33764 33765 33766 33767 33770 33771 33772 33773 33774 33775 33776 33777 33778 33779 33780 33781 33782 33784 33785 33786 34660 34677 34681 34682 34683 34684 34685 34688 34689 34695 34697 34698,CornerHelp field research,pinellas-county-adult-emergency-financial-assistance-program-catholic-charities,,,,,,,,,,,,,,,,,
,188,Polk County Housing & Neighborhood Development — Tenant-Based Rental Assistance (TBRA),Bartow,"1290 Golfview Ave, Suite 167, Bartow, FL 33830",+18635345240,Assistance services,rent_assistance,1,52,"852,878",Polk,33801 33802 33803 33804 33805 33806 33807 33809 33810 33811 33812 33813 33815 33820 33823 33827 33830 33831 33835 33836 33837 33838 33839 33840 33841 33843 33844 33845 33846 33849 33850 33851 33853 33854 33855 33856 33858 33859 33860 33867 33868 33877 33880 33881 33882 33883 33884 33885 33896 33897 33898 34759,CornerHelp field research,polk-county-housing-neighborhood-development-tenant-based-rental-assistance-tbra,,,,,,,,,,,,,,,,,
,189,Salvation Army Hope House — Emergency Rent / Rapid Re-Housing Assistance,Fernandina Beach,"410 S 9th St, Fernandina Beach, FL 32034",+19043210435,Assistance services,rent_assistance,1,7,"104,376",Nassau,32009 32011 32034 32035 32041 32046 32097,CornerHelp field research,salvation-army-hope-house-emergency-rent-rapid-re-housing-assistance,,,,,,,,,,,,,,,,,
,190,Santa Rosa County Feeding Programs / Feeding the Gulf Coast Network,,,+18504321475,Assistance services,food_pantry,1,11,"207,653",Santa Rosa,32530 32561 32562 32563 32564 32565 32566 32570 32571 32572 32583,CornerHelp field research,santa-rosa-county-feeding-programs-feeding-the-gulf-coast-network,,,,,,,,,,,,,,,,,
,191,Sarasota County Human Services / Community Housing & Homeless Resources,Sarasota,"1 Apex Rd, Sarasota, FL 34240",+19418615000,Assistance services,"eviction_prevention, rent_assistance",1,33,"476,604",Sarasota,34223 34228 34229 34230 34231 34232 34233 34234 34235 34236 34237 34238 34239 34240 34241 34242 34243 34272 34274 34275 34276 34277 34284 34285 34286 34287 34288 34289 34290 34291 34292 34293 34295,CornerHelp field research,sarasota-county-human-services-community-housing-homeless-resources,,,,,,,,,,,,,,,,,
,192,Second Harvest / Local Food Pantry Network,,,+18505847349,Assistance services,food_pantry,1,6,"21,843",Taylor,32331 32336 32347 32348 32356 32359,CornerHelp field research,second-harvest-local-food-pantry-network,,,,,,,,,,,,,,,,,
,193,Second Harvest Food Bank of Central Florida — TEFAP / Food Pantry Network,Orlando,"411 Mercy Dr, Orlando, FL 32808",+14072951066,Assistance services,food_pantry,1,35,"444,204",Lake,32102 32158 32159 32163 32195 32702 32720 32726 32727 32735 32736 32756 32757 32767 32776 32778 32784 34705 34711 34712 34713 34714 34715 34731 34736 34737 34748 34749 34753 34755 34756 34762 34788 34789 34797,CornerHelp field research,second-harvest-food-bank-of-central-florida-tefap-food-pantry-network,,,,,,,,,,,,,,,,,
,194,Second Harvest of the Big Bend — TEFAP / Local Food Pantry Network,Tallahassee,"4446 Entrepot Blvd, Tallahassee, FL 32310",+18505623033,Assistance services,food_pantry,1,12,"49,980",Jackson,32420 32423 32426 32431 32440 32442 32443 32445 32446 32447 32448 32460,CornerHelp field research,second-harvest-of-the-big-bend-tefap-local-food-pantry-network,,,,,,,,,,,,,,,,,
,195,Seminole County Community Assistance — Prevention Assistance / Good Neighbor Utility Fund,Sanford,"1101 E First St, Sanford, FL 32771",+14076652300,Assistance services,"electric_bill, eviction_prevention, gas_bill, rent_assistance",1,26,"494,605",Seminole,32701 32703 32707 32708 32714 32715 32716 32718 32719 32730 32732 32746 32747 32750 32751 32752 32762 32765 32766 32771 32772 32773 32779 32791 32792 32795,CornerHelp field research,seminole-county-community-assistance-prevention-assistance-good-neighbor-utility,,,,,,,,,,,,,,,,,
,196,St. Johns County Social Services — Emergency Assistance,St. Augustine,"200 San Sebastian View, Suite 2300, St. Augustine, FL 32084",+19042096140,Assistance services,rent_assistance,1,13,"334,928",St. Johns,32004 32033 32080 32081 32082 32084 32085 32086 32092 32095 32145 32259 32260,CornerHelp field research,st-johns-county-social-services-emergency-assistance,,,,,,,,,,,,,,,,,
,197,St. Joseph's Catholic Church / Martin County Food Assistance Network,Stuart,"1200 SE 10th St, Stuart, FL 34996",+17722872727,Assistance services,food_pantry,1,14,"165,666",Martin,33438 33455 33469 33475 34956 34957 34958 34990 34991 34992 34994 34995 34996 34997,CornerHelp field research,st-joseph-s-catholic-church-martin-county-food-assistance-network,,,,,,,,,,,,,,,,,
,198,St. Lucie County Food Assistance Sites / Local Pantry Network,Fort Pierce,"714 Avenue C, Fort Pierce, FL 34950",+17724621777,Assistance services,"food_pantry, rent_assistance",1,21,"390,670",St. Lucie,34945 34946 34947 34948 34949 34950 34951 34952 34953 34954 34957 34979 34981 34982 34983 34984 34985 34986 34987 34988 34990,CornerHelp field research,st-lucie-county-food-assistance-sites-local-pantry-network,,,,,,,,,,,,,,,,,
,199,The Children's Table / Christ Central / Farm Share Food Distributions,Lake Butler,"375 SE 7th Ave, Lake Butler, FL 32054 (The Children's Table site)",+13864961916,Assistance services,food_pantry,1,2,"15,738",Union,32054 32083,CornerHelp field research,the-children-s-table-christ-central-farm-share-food-distributions,,,,,,,,,,,,,,,,,
,200,Turning Points — HOME TBRA / Rental Assistance,Bradenton,"701 17th Ave W, Bradenton, FL 34205",+19417471509,Assistance services,rent_assistance,1,26,"458,352",Manatee,34201 34202 34203 34204 34205 34206 34207 34208 34209 34210 34211 34212 34215 34216 34217 34219 34220 34221 34222 34228 34243 34251 34264 34270 34280 34282,CornerHelp field research,turning-points-home-tbra-rental-assistance,,,,,,,,,,,,,,,,,
,201,United Way of Central Florida — George W. Jenkins End Hunger Initiative,Polk County,Multiple Polk County distribution sites,+18636481500,Assistance services,food_pantry,1,52,"852,878",Polk,33801 33802 33803 33804 33805 33806 33807 33809 33810 33811 33812 33813 33815 33820 33823 33827 33830 33831 33835 33836 33837 33838 33839 33840 33841 33843 33844 33845 33846 33849 33850 33851 33853 33854 33855 33856 33858 33859 33860 33867 33868 33877 33880 33881 33882 33883 33884 33885 33896 33897 33898 34759,CornerHelp field research,united-way-of-central-florida-george-w-jenkins-end-hunger-initiative,,,,,,,,,,,,,,,,,
,202,United Way of Lake & Sumter / Local Food Pantry Network,,,+13527877530,Assistance services,food_pantry,1,12,"154,693",Sumter,32159 32162 32163 33513 33514 33521 33538 33585 33597 34484 34762 34785,CornerHelp field research,united-way-of-lake-sumter-local-food-pantry-network,,,,,,,,,,,,,,,,,
,203,Albemarle Commission — Community Housing / Housing Repair Resources,Hertford,"512 S Church St, Hertford, NC 27944",+12524265753,Assistance services,rent_assistance,1,3,"13,460",Perquimans,27919 27944 27980,CornerHelp field research,albemarle-commission-community-housing-housing-repair-resources,,,,,,,,,,,,,,,,,
,204,Asheville Buncombe Community Christian Ministry (ABCCM) Crisis Assistance,Asheville,"24 Cumberland Ave, Asheville, NC 28801",+18282595300,Assistance services,rent_assistance,1,24,"279,210",Buncombe,28701 28704 28709 28711 28715 28728 28730 28732 28748 28753 28757 28776 28778 28787 28801 28802 28803 28804 28805 28806 28813 28814 28815 28816,CornerHelp field research,asheville-buncombe-community-christian-ministry-abccm-crisis-assistance,,,,,,,,,,,,,,,,,
,205,Blue Ridge Opportunity Commission — Housing / Community Action Services,North Wilkesboro,"710 Veterans Dr, North Wilkesboro, NC 28659",+13366677174,Assistance services,rent_assistance,1,17,"66,186",Wilkes,27020 28606 28621 28624 28635 28649 28651 28654 28659 28665 28669 28670 28676 28683 28685 28689 28697,CornerHelp field research,blue-ridge-opportunity-commission-housing-community-action-services,,,,,,,,,,,,,,,,,
,206,Buncombe County Tenant-Based Rental Assistance,Asheville,"46 Valley St, Asheville, NC 28801",+18282504834,Assistance services,rent_assistance,1,24,"279,210",Buncombe,28701 28704 28709 28711 28715 28728 28730 28732 28748 28753 28757 28776 28778 28787 28801 28802 28803 28804 28805 28806 28813 28814 28815 28816,CornerHelp field research,buncombe-county-tenant-based-rental-assistance,,,,,,,,,,,,,,,,,
,207,Burke United Christian Ministries,Morganton,"305-B W Union St, Morganton, NC 28655",+18284338075,Assistance services,rent_assistance,1,11,"88,545",Burke,28601 28602 28612 28619 28637 28655 28657 28666 28680 28690 28761,CornerHelp field research,burke-united-christian-ministries,,,,,,,,,,,,,,,,,
,208,Caldwell County Food & Nutrition Services,Lenoir,"2345 Morganton Blvd SW, Suite A, Lenoir, NC 28645",+18284268296,Assistance services,food_pantry,1,6,"80,739",Caldwell,28606 28611 28630 28638 28645 28667,CornerHelp field research,caldwell-county-food-nutrition-services,,,,,,,,,,,,,,,,,
,209,Church & Community Services Food Pantry / Scotland County FNS,Laurinburg,"108 Gil St, Laurinburg, NC 28352",+19102768330,Assistance services,"electric_bill, food_pantry, rent_assistance",1,6,"33,898",Scotland,28343 28351 28352 28353 28363 28396,CornerHelp field research,church-community-services-food-pantry-scotland-county-fns,,,,,,,,,,,,,,,,,
,210,City of Concord Housing Department,Concord,"35 Cabarrus Ave W, Concord, NC 28025",+17049206100,Assistance services,rent_assistance,1,13,"244,925",Cabarrus,28025 28026 28027 28036 28071 28075 28081 28082 28083 28097 28107 28124 28138,CornerHelp field research,city-of-concord-housing-department,,,,,,,,,,,,,,,,,
,211,Cooperative Christian Ministry — Crisis Assistance,Concord,"246 Country Club Dr NE, Concord, NC 28025",+17047864709,Assistance services,"electric_bill, rent_assistance",1,13,"244,925",Cabarrus,28025 28026 28027 28036 28071 28075 28081 28082 28083 28097 28107 28124 28138,CornerHelp field research,cooperative-christian-ministry-crisis-assistance,,,,,,,,,,,,,,,,,
,212,Crisis Control Ministry — Stokes County Emergency Assistance,Winston-Salem,,+13367247453,Assistance services,"electric_bill, food_pantry, gas_bill, rent_assistance",1,12,"45,857",Stokes,27016 27019 27021 27022 27025 27041 27042 27043 27046 27050 27052 27053,CornerHelp field research,crisis-control-ministry-stokes-county-emergency-assistance,,,,,,,,,,,,,,,,,
,213,Cumberland County Coordinated Entry / Homeless Services,,Intake location determined through program,+19104835944,Assistance services,"eviction_prevention, rent_assistance",1,22,"338,430",Cumberland,28301 28302 28303 28304 28305 28306 28307 28308 28309 28311 28312 28314 28318 28331 28344 28348 28356 28371 28382 28390 28391 28395,CornerHelp field research,cumberland-county-coordinated-entry-homeless-services,,,,,,,,,,,,,,,,,
,214,Eastern Catawba Cooperative Christian Ministry,Newton,"245 E N St, Newton, NC 28658",+18283270979,Assistance services,rent_assistance,1,12,"167,054",Catawba,28037 28168 28601 28602 28603 28609 28610 28613 28650 28658 28673 28682,CornerHelp field research,eastern-catawba-cooperative-christian-ministry,,,,,,,,,,,,,,,,,
,215,Franklin-Vance-Warren Opportunity — Housing Choice Voucher / Section 8,Henderson,"180 S Beckford Dr, Henderson, NC 27536",+12524920161,Assistance services,"electric_bill, gas_bill, rent_assistance",1,5,"42,337",Vance,27507 27536 27537 27544 27553,CornerHelp field research,franklin-vance-warren-opportunity-housing-choice-voucher-section-8,,,,,,,,,,,,,,,,,
,216,Greensboro Housing Authority — HOME-ARP Tenant-Based Rental Assistance,Greensboro,"450 N Church St, Greensboro, NC 27401",+13362758501,Assistance services,rent_assistance,1,40,"558,816",Guilford,27214 27233 27235 27249 27260 27261 27262 27263 27264 27265 27282 27283 27284 27298 27301 27310 27313 27357 27358 27377 27401 27402 27403 27404 27405 27406 27407 27408 27409 27410 27415 27416 27417 27419 27420 27425 27429 27435 27438 27455,CornerHelp field research,greensboro-housing-authority-home-arp-tenant-based-rental-assistance,,,,,,,,,,,,,,,,,
,217,Harnett County HUD Office — Housing Choice Voucher/Rental Subsidy,Sanford,"1000 Carthage St, Sanford, NC 27330",+19197767655,Assistance services,rent_assistance,1,13,"146,096",Harnett,27332 27501 27505 27521 27526 27546 28323 28326 28334 28339 28356 28368 28390,CornerHelp field research,harnett-county-hud-office-housing-choice-voucher-rental-subsidy,,,,,,,,,,,,,,,,,
,218,Hoke County Housing Authority,Raeford,"Hoke County Housing Authority; county administrative contact: 227 N Main St, Raeford, NC 28376",+19108758751,Assistance services,rent_assistance,1,5,"55,382",Hoke,28315 28357 28376 28377 28386,CornerHelp field research,hoke-county-housing-authority,,,,,,,,,,,,,,,,,
,219,House Wake! / Wake County Housing Assistance,Wake County,,+19198565689,Assistance services,rent_assistance,1,49,"1,232,444",Wake,27502 27511 27512 27513 27518 27519 27523 27526 27529 27539 27540 27545 27560 27562 27571 27587 27588 27591 27592 27597 27601 27602 27603 27604 27605 27606 27607 27608 27609 27610 27611 27612 27613 27614 27615 27616 27617 27619 27620 27622 27623 27624 27627 27628 27629 27636 27658 27661 27675,CornerHelp field research,house-wake-wake-county-housing-assistance,,,,,,,,,,,,,,,,,
,220,Mountain Projects — Section 8 Housing Choice Voucher,Sylva / Waynesville,"154 Medical Park Loop, Sylva, NC 28779 / 2177 Asheville Rd, Waynesville, NC 28786",+18285862345,Assistance services,rent_assistance,1,11,"45,281",Jackson,28717 28719 28723 28725 28736 28741 28774 28779 28783 28788 28789,CornerHelp field research,mountain-projects-section-8-housing-choice-voucher,,,,,,,,,,,,,,,,,
,221,Orange County Emergency Housing Assistance (EHA),Chapel Hill / Hillsborough,"Southern Human Services Center: 2501 Homestead Rd, Chapel Hill, NC 27516; Hillsborough Commons: 113 Mayo St, Hillsborough, NC 27278",+19192452655,Assistance services,rent_assistance,1,12,"152,877",Orange,27231 27243 27278 27302 27510 27514 27515 27516 27517 27541 27572 27705,CornerHelp field research,orange-county-emergency-housing-assistance-eha,,,,,,,,,,,,,,,,,
,222,Person County Habitat for Humanity / Housing Assistance,Person County,,+13365972206,Assistance services,rent_assistance,1,7,"40,143",Person,27291 27343 27541 27572 27573 27574 27583,CornerHelp field research,person-county-habitat-for-humanity-housing-assistance,,,,,,,,,,,,,,,,,
,223,Roanoke-Chowan Regional Housing Authority — Housing Choice Voucher/Public Housing,Gaston,"205 Tinsley Way, Gaston, NC 27832",+12525371051,Assistance services,rent_assistance,1,8,"46,992",Halifax,27823 27839 27843 27844 27850 27870 27874 27890,CornerHelp field research,roanoke-chowan-regional-housing-authority-housing-choice-voucher-public-housing,,,,,,,,,,,,,,,,,
,224,Sharing House — Food & Fresh Produce,Brevard,"892 Asheville Hwy, Brevard, NC 28712",+18288842866,Assistance services,"electric_bill, food_pantry, rent_assistance",1,9,"34,103",Transylvania,28708 28712 28718 28742 28747 28766 28768 28772 28774,CornerHelp field research,sharing-house-food-fresh-produce,,,,,,,,,,,,,,,,,
,225,Stanly Community Christian Ministry — Financial Assistance,Albemarle,"506 S 1st St, Albemarle, NC 28001",+19827915104,Assistance services,"electric_bill, rent_assistance",1,11,"67,326",Stanly,28001 28002 28009 28071 28097 28124 28127 28128 28129 28137 28163,CornerHelp field research,stanly-community-christian-ministry-financial-assistance,,,,,,,,,,,,,,,,,
,226,Troy/Montgomery Senior Center — Housing Assistance / Referral,Troy,"228 N Main St, Troy, NC 27371",+19105724464,Assistance services,rent_assistance,1,8,"26,364",Montgomery,27209 27229 27281 27306 27341 27356 27371 28127,CornerHelp field research,troy-montgomery-senior-center-housing-assistance-referral,,,,,,,,,,,,,,,,,
,227,United Way of Wayne County — U-CAN Utility Assistance,Goldsboro,"309 N William St, Goldsboro, NC 27530",+19197353591,Assistance services,"electric_bill, gas_bill, rent_assistance",1,13,"120,338",Wayne,27530 27532 27533 27534 27542 27569 27830 27863 27883 28333 28365 28551 28578,CornerHelp field research,united-way-of-wayne-county-u-can-utility-assistance,,,,,,,,,,,,,,,,,
,228,WAMY Community Action — Housing Program / Urgent Repair / Home Rehabilitation,Boone,"225 Birch St, Suite 2, Boone, NC 28607",+18282642421,Assistance services,rent_assistance,1,8,"54,997",Watauga,28604 28605 28607 28618 28679 28684 28692 28698,CornerHelp field research,wamy-community-action-housing-program-urgent-repair-home-rehabilitation,,,,,,,,,,,,,,,,,
